rater_row_id,repo,decl_name,anchor_line,anchor_text,context,imports,category_hint,verdict,issue_category,confidence,notes
r0001,android__androidify,CameraViewfinder,64,detectTapGestures { tapCoords ->,"   49 | internal fun CameraViewfinder(
   50 |     surfaceRequest: SurfaceRequest,
   51 |     autofocusUiState: AutofocusUiState,
   52 |     tapToFocus: (tapCoords: Offset) -> Unit,
   53 |     onScaleZoom: (zoomScaleFactor: Float) -> Unit,
   54 |     modifier: Modifier = Modifier,
   55 | ) {
   56 |     val onScaleCurrentZoom by rememberUpdatedState(onScaleZoom)
   57 |     val currentTapToFocus by rememberUpdatedState(tapToFocus)
   58 |     val coordinateTransformer = remember { MutableCoordinateTransformer() }
   59 |     CameraXViewfinder(
   60 |         surfaceRequest = surfaceRequest,
   61 |         coordinateTransformer = coordinateTransformer,
   62 |         modifier = modifier
   63 |             .pointerInput(coordinateTransformer) {
   64 |                 detectTapGestures { tapCoords ->
   65 |                     with(coordinateTransformer) {
   66 |                         currentTapToFocus(tapCoords.transform())
   67 |                     }
   68 |                 }
   69 |             }
   70 |             .transformable(
   71 |                 rememberTransformableState(
   72 |                     onTransformation = { _, zoomChange, _, _ ->
   73 |                         onScaleCurrentZoom(zoomChange)
   74 |                     },
   75 |                 ),
   76 |             ),
   77 |     )
   78 | 
   79 |     if (autofocusUiState is AutofocusUiState.Specified) {
   80 |         // Show the autofocus indicator while the autofocus routine is running
   81 |         val showAutofocusIndicator = autofocusUiState.status == AutofocusUiState.Status.RUNNING
   82 |         // Map coordinates from surface coordinates back to screen coordinates
   83 |         val tapCoords =
   84 |             remember(coordinateTransformer.transformMatrix, autofocusUiState.surfaceCoordinates) {
   85 |                 Matrix().run {
   86 |                     setFrom(coordinateTransformer.transformMatrix)
   87 |                     invert()
   88 |                     map(autofocusUiState.surfaceCoordinates)
   89 |                 }
   90 |             }
   91 |         AnimatedVisibility(
   92 |             visible = showAutofocusIndicator,
   93 |             enter = fadeIn(),
   94 |             exit = fadeOut(),
   95 |             modifier = Modifier
   96 |                 .offset { tapCoords.round() }
   97 |                 .offset(-TAP_TO_FOCUS_INDICATOR_SIZE / 2, -TAP_TO_FOCUS_INDICATOR_SIZE / 2),
   98 |         ) {
   99 |             Spacer(
  100 |                 Modifier
  101 |                     .border(
  102 |                         2.dp,
  103 |                         when (autofocusUiState.status) {
  104 |                             AutofocusUiState.Status.SUCCESS -> LimeGreen","import androidx.camera.compose.CameraXViewfinder
import androidx.camera.core.SurfaceRequest
import androidx.camera.viewfinder.compose.MutableCoordinateTransformer
import androidx.compose.animation.AnimatedVisibility
import androidx.compose.animation.fadeIn
import androidx.compose.animation.fadeOut
import androidx.compose.foundation.border
import androidx.compose.foundation.gestures.detectTapGestures
import androidx.compose.foundation.gestures.rememberTransformableState
import androidx.compose.foundation.gestures.transformable
import androidx.compose.foundation.layout.Spacer
import androidx.compose.foundation.layout.offset
import androidx.compose.foundation.layout.size
import androidx.compose.foundation.shape.CircleShape
import androidx.compose.runtime.Composable
import androidx.compose.runtime.getValue
import androidx.compose.runtime.remember
import androidx.compose.runtime.rememberUpdatedState
import androidx.compose.ui.Modifier
import androidx.compose.ui.geometry.Offset
import androidx.compose.ui.graphics.Matrix
import androidx.compose.ui.input.pointer.pointerInput
import androidx.compose.ui.unit.dp
import androidx.compose.ui.unit.round
import com.android.developers.androidify.theme.Error
import com.android.developers.androidify.theme.LimeGreen
import com.android.developers.androidify.theme.Surface",,ISSUE,pointerinput_no_semantics,,
r0002,raheemadamboev__todo-app,TodoTextField,19,TextField(,"    7 | import androidx.compose.runtime.Composable
    8 | import androidx.compose.ui.Modifier
    9 | import androidx.compose.ui.graphics.Color
   10 | import androidx.compose.ui.unit.dp
   11 | import xyz.teamgravity.coresdkcompose.text.TextPlain
   12 | import xyz.teamgravity.todo.R
   13 | 
   14 | @Composable
   15 | fun TodoTextField(
   16 |     value: String,
   17 |     onValueChange: (value: String) -> Unit
   18 | ) {
   19 |     TextField(
   20 |         value = value,
   21 |         onValueChange = onValueChange,
   22 |         placeholder = {
   23 |             TextPlain(
   24 |                 id = R.string.task_name
   25 |             )
   26 |         },
   27 |         colors = TextFieldDefaults.colors(
   28 |             focusedContainerColor = Color.Transparent,
   29 |             unfocusedContainerColor = Color.Transparent,
   30 |             disabledContainerColor = Color.Transparent,
   31 |             errorContainerColor = Color.Transparent
   32 |         ),
   33 |         modifier = Modifier
   34 |             .fillMaxWidth()
   35 |             .padding(top = 8.dp, start = 8.dp, end = 8.dp),
   36 |     )
   37 | }","import androidx.compose.foundation.layout.fillMaxWidth
import androidx.compose.foundation.layout.padding
import androidx.compose.material3.TextField
import androidx.compose.material3.TextFieldDefaults
import androidx.compose.runtime.Composable
import androidx.compose.ui.Modifier
import androidx.compose.ui.graphics.Color
import androidx.compose.ui.unit.dp
import xyz.teamgravity.coresdkcompose.text.TextPlain
import xyz.teamgravity.todo.R",,ISSUE,textfield_no_label,,
r0003,zhishengplus__ZhishengWeather,WhatsNewDialog,80,Column(,"   63 | fun WhatsNewDialog(onClose: () -> Unit) {
   64 |     var page by rememberSaveable { mutableIntStateOf(0) }
   65 |     val pageCount = 5
   66 | 
   67 |     Dialog(
   68 |         onDismissRequest = onClose,
   69 |         properties = DialogProperties(usePlatformDefaultWidth = false),
   70 |     ) {
   71 |         BoxWithConstraints(
   72 |             modifier = Modifier
   73 |                 .fillMaxSize()
   74 |                 .background(ZhishengBg.copy(alpha = 0.90f))
   75 |                 .safeDrawingPadding()
   76 |                 .padding(12.dp),
   77 |             contentAlignment = Alignment.Center,
   78 |         ) {
   79 |             val panelHeight = minOf(maxHeight - 24.dp, 700.dp)
   80 |             Column(
   81 |                 modifier = Modifier
   82 |                     .fillMaxWidth()
   83 |                     .widthIn(max = 520.dp)
   84 |                     .heightIn(max = panelHeight)
   85 |                     .background(ZhishengSurface, RectangleShape)
   86 |                     .border(1.dp, ZhishengCyan.copy(alpha = 0.54f), RectangleShape),
   87 |             ) {
   88 |                 Row(
   89 |                     modifier = Modifier.fillMaxWidth().padding(start = 16.dp),
   90 |                     verticalAlignment = Alignment.CenterVertically,
   91 |                 ) {
   92 |                     Column(modifier = Modifier.weight(1f).padding(vertical = 14.dp)) {
   93 |                         Text(
   94 |                             ""ZHISHENG WEATHER / WHAT'S NEW"",
   95 |                             style = MaterialTheme.typography.labelSmall,
   96 |                             color = ZhishengCyan,
   97 |                             letterSpacing = 1.3.sp,
   98 |                         )
   99 |                         Text(
  100 |                             ""这次更新了什么"",
  101 |                             style = MaterialTheme.typography.titleLarge,
  102 |                             color = ZhishengText,
  103 |                             fontWeight = FontWeight.Bold,
  104 |                         )
  105 |                     }
  106 |                     Box(
  107 |                         modifier = Modifier.size(52.dp).clickable(role = Role.Button, onClick = onClose),
  108 |                         contentAlignment = Alignment.Center,
  109 |                     ) {
  110 |                         Text(""×"", style = MaterialTheme.typography.headlineSmall, color = ZhishengTextSecondary)
  111 |                     }
  112 |                 }
  113 | 
  114 |                 Row(
  115 |                     modifier = Modifier.fillMaxWidth().padding(horizontal = 16.dp),
  116 |                     horizontalArrangement = Arrangement.spacedBy(5.dp),
  117 |                 ) {
  118 |                     repeat(pageCount) { index ->
  119 |                         Box(
  120 |                             Modifier","import androidx.compose.animation.AnimatedContent
import androidx.compose.animation.core.FastOutLinearInEasing
import androidx.compose.animation.core.FastOutSlowInEasing
import androidx.compose.animation.core.LinearOutSlowInEasing
import androidx.compose.animation.core.tween
import androidx.compose.animation.fadeIn
import androidx.compose.animation.fadeOut
import androidx.compose.animation.slideInHorizontally
import androidx.compose.animation.slideOutHorizontally
import androidx.compose.animation.togetherWith
import androidx.compose.foundation.background
import androidx.compose.foundation.border
import androidx.compose.foundation.clickable
import androidx.compose.foundation.layout.Arrangement
import androidx.compose.foundation.layout.Box
import androidx.compose.foundation.layout.BoxWithConstraints
import androidx.compose.foundation.layout.Column
import androidx.compose.foundation.layout.Row
import androidx.compose.foundation.layout.Spacer
import androidx.compose.foundation.layout.fillMaxSize
import androidx.compose.foundation.layout.fillMaxWidth
import androidx.compose.foundation.layout.height
import androidx.compose.foundation.layout.heightIn
import androidx.compose.foundation.layout.padding
import androidx.compose.foundation.layout.safeDrawingPadding
import androidx.compose.foundation.layout.size
import androidx.compose.foundation.layout.widthIn
import androidx.compose.foundation.lazy.LazyColumn
import androidx.compose.material3.HorizontalDivider
import androidx.compose.material3.MaterialTheme
import androidx.compose.runtime.Composable
import androidx.compose.runtime.getValue
import androidx.compose.runtime.mutableIntStateOf
import androidx.compose.runtime.saveable.rememberSaveable
import androidx.compose.runtime.setValue
import androidx.compose.ui.Alignment
import androidx.compose.ui.Modifier
import androidx.compose.ui.graphics.RectangleShape
import androidx.compose.ui.semantics.Role
import androidx.compose.ui.text.font.FontWeight
import androidx.compose.ui.unit.dp
import androidx.compose.ui.unit.sp
import androidx.compose.ui.window.Dialog
import androidx.compose.ui.window.DialogProperties
import com.zhisheng.weather.ui.theme.ZhishengBg
import com.zhisheng.weather.ui.theme.ZhishengCard
import com.zhisheng.weather.ui.theme.ZhishengCardBorder
import com.zhisheng.weather.ui.theme.ZhishengCyan
import com.zhisheng.weather.ui.theme.ZhishengMint
import com.zhisheng.weather.ui.theme.ZhishengOrange
import com.zhisheng.weather.ui.theme.ZhishengSurface
import com.zhisheng.weather.ui.theme.ZhishengText
import com.zhisheng.weather.ui.theme.ZhishengTextSecondary
import com.zhisheng.weather.ui.theme.ZhishengTextTertiary",,NO_ISSUE,none,,
r0004,imashnake0__Animite,ListOptions,283,.clickable { haptic.performHapticFeedback(HapticFeedbackType.ContextClick); onClick() },"  271 |     onClick: () -> Unit,
  272 |     modifier: Modifier = Modifier,
  273 |     background: Color = Color.Transparent,
  274 |     contentColor: Color = MaterialTheme.colorScheme.onSurfaceVariant
  275 | ) {
  276 |     val haptic = LocalHapticFeedback.current
  277 |     Row(
  278 |         verticalAlignment = Alignment.CenterVertically,
  279 |         horizontalArrangement = Arrangement.spacedBy(LocalPaddings.current.tiny),
  280 |         modifier = modifier
  281 |             .clip(CircleShape)
  282 |             .background(background)
  283 |             .clickable { haptic.performHapticFeedback(HapticFeedbackType.ContextClick); onClick() }
  284 |             .padding(LocalPaddings.current.tiny)
  285 |             .padding(end = LocalPaddings.current.tiny)
  286 |     ) {
  287 |         Icon(
  288 |             imageVector = icon,
  289 |             contentDescription = null,
  290 |             tint = contentColor,
  291 |             modifier = Modifier.size(dimensionResource(R.dimen.list_options_icon_size))
  292 |         )
  293 |         Text(
  294 |             text = text,
  295 |             color = contentColor,
  296 |             style = MaterialTheme.typography.labelSmall.copy(baselineShift = null),
  297 |         )
  298 |     }
  299 | }
  300 | 
  301 | @Composable
  302 | private fun HeaderPill(
  303 |     name: String,
  304 |     size: Int,
  305 |     index: Int,
  306 |     listVisibility: SnapshotStateMap<Int, Boolean>,
  307 |     isReordering: Boolean,
  308 |     reorderScope: ReorderableCollectionItemScope,
  309 |     modifier: Modifier = Modifier
  310 | ) {
  311 |     val haptic = LocalHapticFeedback.current
  312 |     Box(
  313 |         modifier = modifier
  314 |             .defaultMinSize(minHeight = dimensionResource(R.dimen.tracking_list_header_height))
  315 |             .fillMaxWidth()
  316 |             .clip(CircleShape)
  317 |             .clickable {
  318 |                 haptic.performHapticFeedback(
  319 |                     if (listVisibility[index] == true) ToggleOff else ToggleOn
  320 |                 )
  321 |                 if (!isReordering) {
  322 |                     listVisibility[index]?.let { visibility ->
  323 |                         listVisibility[index] = !visibility","import androidx.compose.animation.AnimatedContent
import androidx.compose.animation.Crossfade
import androidx.compose.animation.animateColorAsState
import androidx.compose.animation.animateContentSize
import androidx.compose.animation.core.animateFloatAsState
import androidx.compose.foundation.background
import androidx.compose.foundation.clickable
import androidx.compose.foundation.combinedClickable
import androidx.compose.foundation.interaction.MutableInteractionSource
import androidx.compose.foundation.layout.Arrangement
import androidx.compose.foundation.layout.Box
import androidx.compose.foundation.layout.Column
import androidx.compose.foundation.layout.FlowRow
import androidx.compose.foundation.layout.PaddingValues
import androidx.compose.foundation.layout.Row
import androidx.compose.foundation.layout.RowScope
import androidx.compose.foundation.layout.Spacer
import androidx.compose.foundation.layout.defaultMinSize
import androidx.compose.foundation.layout.fillMaxHeight
import androidx.compose.foundation.layout.fillMaxWidth
import androidx.compose.foundation.layout.height
import androidx.compose.foundation.layout.padding
import androidx.compose.foundation.layout.requiredSize
import androidx.compose.foundation.layout.size
import androidx.compose.foundation.lazy.LazyColumn
import androidx.compose.foundation.lazy.LazyListState
import androidx.compose.foundation.lazy.rememberLazyListState
import androidx.compose.foundation.shape.CircleShape
import androidx.compose.foundation.shape.RoundedCornerShape
import androidx.compose.material.icons.Icons
import androidx.compose.material.icons.rounded.Check
import androidx.compose.material3.ExperimentalMaterial3ExpressiveApi
import androidx.compose.material3.Icon
import androidx.compose.material3.LinearProgressIndicator
import androidx.compose.material3.LinearWavyProgressIndicator
import androidx.compose.material3.LocalMinimumInteractiveComponentSize
import androidx.compose.material3.MaterialShapes
import androidx.compose.material3.MaterialTheme
import androidx.compose.material3.Slider
import androidx.compose.material3.SliderDefaults
import androidx.compose.material3.Text
import androidx.compose.material3.toShape
import androidx.compose.runtime.Composable
import androidx.compose.runtime.CompositionLocalProvider
import androidx.compose.runtime.getValue
import androidx.compose.runtime.mutableStateOf
import androidx.compose.runtime.remember
import androidx.compose.runtime.saveable.rememberSaveable
import androidx.compose.runtime.setValue
import androidx.compose.runtime.snapshots.SnapshotStateMap
import androidx.compose.runtime.toMutableStateList
import androidx.compose.ui.Alignment
import androidx.compose.ui.Modifier
import androidx.compose.ui.draw.clip
import androidx.compose.ui.graphics.Color
import androidx.compose.ui.graphics.graphicsLayer
import androidx.compose.ui.graphics.vector.ImageVector
import androidx.compose.ui.hapticfeedback.HapticFeedbackType
import androidx.compose.ui.hapticfeedback.HapticFeedbackType.Companion.ToggleOff
import androidx.compose.ui.hapticfeedback.HapticFeedbackType.Companion.ToggleOn
import androidx.compose.ui.platform.LocalHapticFeedback
import androidx.compose.ui.res.dimensionResource
import androidx.compose.ui.res.stringResource
import androidx.compose.ui.res.vectorResource
import androidx.compose.ui.text.font.FontWeight
import androidx.compose.ui.text.style.TextOverflow
import androidx.compose.ui.unit.DpSize
import androidx.compose.ui.unit.dp
import androidx.compose.ui.util.fastForEachIndexed
import androidx.compose.ui.util.fastMapNotNull
import com.imashnake.animite.api.anilist.EntryUpdateParams
import com.imashnake.animite.api.anilist.sanitize.media.Media
import com.imashnake.animite.api.anilist.sanitize.profile.User
import com.imashnake.animite.api.anilist.sanitize.profile.User.TrackingStatus.Companion.sanitize
import com.imashnake.animite.api.anilist.type.ScoreFormat
import com.imashnake.animite.core.ui.LocalPaddings
import com.imashnake.animite.core.ui.component.Divider
import com.imashnake.animite.core.ui.component.DropDownIcon
import com.imashnake.animite.core.ui.component.MediaTrackingCard
import com.imashnake.animite.media.MediaPage
import com.imashnake.animite.media.ext.res
import com.imashnake.animite.profile.R
import com.imashnake.animite.profile.dev.GREEN
import com.imashnake.animite.profile.dev.LIME
import com.imashnake.animite.profile.dev.ORANGE
import com.imashnake.animite.profile.dev.RED
import com.imashnake.animite.profile.dev.res
import kotlinx.collections.immutable.ImmutableList
import sh.calvin.reorderable.ReorderableCollectionItemScope
import sh.calvin.reorderable.ReorderableItem
import sh.calvin.reorderable.rememberReorderableLazyListState
import com.imashnake.animite.settings.R as settingsR",,ISSUE,missing_semantics_role,,
r0005,RisorseArtificiali__anti-vocale,DownloadProgressView,365,LinearProgressIndicator(,"  341 | internal fun DownloadProgressView(
  342 |     downloadState: DownloadState,
  343 |     downloadProgress: Float,
  344 |     showExtractingFileSize: Boolean = false
  345 | ) {
  346 |     when (val state = downloadState) {
  347 |         is DownloadState.Downloading -> {
  348 |             // TASK-384: talkback reads the same percentage the sighted UI shows
  349 |             val percentText = ""${(downloadProgress * 100).toInt()}%""
  350 |             Column(verticalArrangement = Arrangement.spacedBy(4.dp)) {
  351 |                 Row(
  352 |                     modifier = Modifier.fillMaxWidth(),
  353 |                     horizontalArrangement = Arrangement.SpaceBetween
  354 |                 ) {
  355 |                     // Locale-safe: weight + ellipsis keeps the percentage anchored (TASK-345)
  356 |                     Text(
  357 |                         stringResource(R.string.download_status_downloading),
  358 |                         style = MaterialTheme.typography.bodySmall,
  359 |                         maxLines = 1,
  360 |                         overflow = TextOverflow.Ellipsis,
  361 |                         modifier = Modifier.weight(1f)
  362 |                     )
  363 |                     Text(percentText, style = MaterialTheme.typography.bodySmall)
  364 |                 }
  365 |                 LinearProgressIndicator(
  366 |                     progress = { downloadProgress },
  367 |                     modifier = Modifier.fillMaxWidth().semantics { stateDescription = percentText }
  368 |                 )
  369 |                 Text(
  370 |                     text = formatFileSize(state.bytesDownloaded) +
  371 |                         if (state.totalBytes > 0) "" / ${formatFileSize(state.totalBytes)}"" else """",
  372 |                     style = MaterialTheme.typography.labelSmall,
  373 |                     color = MaterialTheme.colorScheme.onSurfaceVariant
  374 |                 )
  375 |                 DownloadRateEta(state)
  376 |             }
  377 |         }
  378 |         is DownloadState.Extracting -> {
  379 |             // TASK-384: talkback reads the same status label the sighted UI shows
  380 |             val extractingLabel =
  381 |                 state.fileName.takeIf { it.isNotEmpty() }
  382 |                     ?: stringResource(R.string.download_status_extracting_files)
  383 |             Column(verticalArrangement = Arrangement.spacedBy(4.dp)) {
  384 |                 LinearProgressIndicator(
  385 |                     progress = { downloadProgress },
  386 |                     modifier = Modifier.fillMaxWidth().semantics { stateDescription = extractingLabel }
  387 |                 )
  388 |                 if (showExtractingFileSize && state.currentFileSize > 0) {
  389 |                     Row(
  390 |                         modifier = Modifier.fillMaxWidth(),
  391 |                         horizontalArrangement = Arrangement.SpaceBetween
  392 |                     ) {
  393 |                         // Locale-safe: weight + ellipsis keeps the byte counter anchored (TASK-345)
  394 |                         Text(
  395 |                             stringResource(R.string.download_status_extracting, state.fileName.takeIf { it.isNotEmpty() } ?: stringResource(R.string.download_status_file_progress, state.fileIndex, state.totalFiles)),
  396 |                             style = MaterialTheme.typography.bodySmall,
  397 |                             maxLines = 1,
  398 |                             overflow = TextOverflow.Ellipsis,
  399 |                             modifier = Modifier.weight(1f)
  400 |                         )
  401 |                         Text(
  402 |                             ""${formatFileSize(state.bytesExtracted)} / ${formatFileSize(state.currentFileSize)}"",
  403 |                             style = MaterialTheme.typography.labelSmall,
  404 |                             color = MaterialTheme.colorScheme.onSurfaceVariant
  405 |                         )","import androidx.compose.foundation.layout.*
import androidx.compose.material.icons.Icons
import androidx.compose.material.icons.filled.*
import androidx.compose.material3.*
import androidx.compose.runtime.Composable
import androidx.compose.ui.Alignment
import androidx.compose.ui.Modifier
import androidx.compose.ui.semantics.semantics
import androidx.compose.ui.semantics.stateDescription
import androidx.compose.ui.res.stringResource
import androidx.compose.ui.text.style.TextOverflow
import androidx.compose.ui.unit.dp
import com.antivocale.app.R
import com.antivocale.app.data.download.DownloadState
import com.antivocale.app.transcription.ModelVariant
import com.antivocale.app.util.formatFileSize",,HANDLED,none,,
r0006,kursatkumsuz__movie,LoadingPage,33,CircularProgressIndicator(Modifier.padding(top = 10.dp)),"   19 | fun LoadingPage() {
   20 |     Column(
   21 |         modifier = Modifier
   22 |             .fillMaxSize()
   23 |             .background(Color.Black),
   24 |         verticalArrangement = Arrangement.Center,
   25 |         horizontalAlignment = Alignment.CenterHorizontally
   26 |     ) {
   27 |         Text(
   28 |             text = ""Loading"",
   29 |             color = MaterialTheme.colorScheme.primary,
   30 |             maxLines = 1,
   31 |             overflow = TextOverflow.Ellipsis
   32 |         )
   33 |         CircularProgressIndicator(Modifier.padding(top = 10.dp))
   34 |     }
   35 | }","import androidx.compose.foundation.background
import androidx.compose.foundation.layout.Arrangement
import androidx.compose.foundation.layout.Column
import androidx.compose.foundation.layout.fillMaxSize
import androidx.compose.foundation.layout.padding
import androidx.compose.material3.CircularProgressIndicator
import androidx.compose.material3.MaterialTheme
import androidx.compose.material3.Text
import androidx.compose.runtime.Composable
import androidx.compose.ui.Alignment
import androidx.compose.ui.Modifier
import androidx.compose.ui.graphics.Color
import androidx.compose.ui.text.style.TextOverflow
import androidx.compose.ui.unit.dp",,NO_ISSUE,none,,
r0007,braniik__slate,ListEditDialog,120,Switch(,"  108 |             colors = sliderColors,
  109 |             modifier = Modifier.fillMaxWidth()
  110 |         )
  111 | 
  112 |         Spacer(Modifier.height(12.dp))
  113 | 
  114 |         Row(
  115 |             verticalAlignment = Alignment.CenterVertically,
  116 |             horizontalArrangement = Arrangement.SpaceBetween,
  117 |             modifier = Modifier.fillMaxWidth()
  118 |         ) {
  119 |             OptionLabel(""show icon"")
  120 |             Switch(
  121 |                 checked = showIcon,
  122 |                 onCheckedChange = { showIcon = it },
  123 |                 colors = switchColors
  124 |             )
  125 |         }
  126 |     }
  127 | }","import androidx.compose.foundation.layout.Arrangement
import androidx.compose.foundation.layout.Row
import androidx.compose.foundation.layout.Spacer
import androidx.compose.foundation.layout.fillMaxWidth
import androidx.compose.foundation.layout.height
import androidx.compose.material3.Slider
import androidx.compose.material3.SliderDefaults
import androidx.compose.material3.Switch
import androidx.compose.material3.SwitchDefaults
import androidx.compose.runtime.Composable
import androidx.compose.runtime.getValue
import androidx.compose.runtime.mutableFloatStateOf
import androidx.compose.runtime.mutableIntStateOf
import androidx.compose.runtime.mutableStateOf
import androidx.compose.runtime.remember
import androidx.compose.runtime.setValue
import androidx.compose.ui.Alignment
import androidx.compose.ui.Modifier
import androidx.compose.ui.unit.dp
import com.braniik.slate.data.HomeScreenApp
import com.braniik.slate.data.key
import com.braniik.slate.ui.drawer.AppInfo
import com.braniik.slate.ui.drawer.common.EditDialogShell
import com.braniik.slate.ui.drawer.common.IconShapePicker
import com.braniik.slate.ui.drawer.common.OptionLabel
import com.braniik.slate.ui.theme.SlateBackground
import com.braniik.slate.ui.theme.SlateOnBackground
import com.braniik.slate.ui.theme.SlateSubtle",,ISSUE,missing_merge_descendants,,
r0008,MohamadOday__iris-gallery,AboutScreen,162,"style = MaterialTheme.typography.headlineMedium,","  150 |                     contentAlignment = Alignment.Center
  151 |                 ) {
  152 |                     Image(
  153 |                         painter = painterResource(id = R.mipmap.ic_launcher_foreground),
  154 |                         contentDescription = ""Iris Gallery Logo"",
  155 |                         modifier = Modifier.size(76.dp)
  156 |                     )
  157 |                 }
  158 | 
  159 |                 Spacer(Modifier.height(14.dp))
  160 |                 Text(
  161 |                     androidx.compose.ui.res.stringResource(R.string.app_name),
  162 |                     style = MaterialTheme.typography.headlineMedium,
  163 |                     fontWeight = FontWeight.Bold
  164 |                 )
  165 |                 Text(
  166 |                     androidx.compose.ui.res.stringResource(
  167 |                         R.string.version_format,
  168 |                         com.iris.gallery.BuildConfig.VERSION_NAME,
  169 |                         com.iris.gallery.BuildConfig.VERSION_CODE
  170 |                     ),
  171 |                     style = MaterialTheme.typography.bodyMedium,
  172 |                     color = MaterialTheme.colorScheme.onSurfaceVariant
  173 |                 )
  174 |                 Text(
  175 |                     androidx.compose.ui.res.stringResource(R.string.app_description),
  176 |                     style = MaterialTheme.typography.bodySmall,
  177 |                     color = MaterialTheme.colorScheme.onSurfaceVariant,
  178 |                     modifier = Modifier.padding(top = 4.dp)
  179 |                 )
  180 |             }
  181 |         }
  182 | 
  183 |         item {
  184 |             Text(
  185 |                 androidx.compose.ui.res.stringResource(R.string.about_developer_project),
  186 |                 style = MaterialTheme.typography.labelLarge,
  187 |                 color = MaterialTheme.colorScheme.primary,
  188 |                 modifier = Modifier
  189 |                     .fillMaxWidth()
  190 |                     .padding(start = 4.dp, top = 8.dp)
  191 |             )
  192 |         }
  193 | 
  194 |         item {
  195 |             OutlinedCard(
  196 |                 shape = RoundedCornerShape(16.dp),
  197 |                 modifier = Modifier.fillMaxWidth()
  198 |             ) {
  199 |                 Column(Modifier.padding(16.dp), verticalArrangement = Arrangement.spacedBy(14.dp)) {
  200 |                     AboutLinkRow(
  201 |                         icon = Icons.Outlined.Psychology,
  202 |                         title = androidx.compose.ui.res.stringResource(R.string.about_developer_label),","import android.content.Intent
import android.net.Uri
import android.widget.Toast
import androidx.compose.animation.AnimatedVisibility
import androidx.compose.animation.fadeIn
import androidx.compose.animation.fadeOut
import androidx.compose.animation.slideInVertically
import androidx.compose.animation.slideOutVertically
import androidx.compose.foundation.Image
import androidx.compose.foundation.background
import androidx.compose.foundation.clickable
import androidx.compose.foundation.layout.Arrangement
import androidx.compose.foundation.layout.Box
import androidx.compose.foundation.layout.Column
import androidx.compose.foundation.layout.PaddingValues
import androidx.compose.foundation.layout.Row
import androidx.compose.foundation.layout.Spacer
import androidx.compose.foundation.layout.fillMaxSize
import androidx.compose.foundation.layout.fillMaxWidth
import androidx.compose.foundation.layout.height
import androidx.compose.foundation.layout.padding
import androidx.compose.foundation.layout.size
import androidx.compose.foundation.layout.width
import androidx.compose.foundation.lazy.LazyColumn
import androidx.compose.foundation.rememberScrollState
import androidx.compose.foundation.shape.CircleShape
import androidx.compose.foundation.shape.RoundedCornerShape
import androidx.compose.foundation.verticalScroll
import androidx.compose.material.icons.Icons
import androidx.compose.material.icons.automirrored.outlined.ArrowBack
import androidx.compose.material.icons.outlined.Camera
import androidx.compose.material.icons.outlined.Code
import androidx.compose.material.icons.outlined.Language
import androidx.compose.material.icons.outlined.Psychology
import androidx.compose.material.icons.outlined.VerifiedUser
import androidx.compose.material3.Card
import androidx.compose.material3.CardDefaults
import androidx.compose.material3.ExperimentalMaterial3Api
import androidx.compose.material3.FilledTonalButton
import androidx.compose.material3.HorizontalDivider
import androidx.compose.material3.Icon
import androidx.compose.material3.IconButton
import androidx.compose.material3.MaterialTheme
import androidx.compose.material3.ModalBottomSheet
import androidx.compose.material3.OutlinedCard
import androidx.compose.material3.Scaffold
import androidx.compose.material3.Text
import androidx.compose.material3.TopAppBar
import androidx.compose.material3.TopAppBarDefaults
import androidx.compose.material3.rememberModalBottomSheetState
import androidx.compose.runtime.Composable
import androidx.compose.runtime.getValue
import androidx.compose.runtime.mutableIntStateOf
import androidx.compose.runtime.mutableStateOf
import androidx.compose.runtime.remember
import androidx.compose.runtime.rememberCoroutineScope
import androidx.compose.runtime.setValue
import androidx.compose.ui.Alignment
import androidx.compose.ui.Modifier
import androidx.compose.ui.draw.clip
import androidx.compose.ui.graphics.Brush
import androidx.compose.ui.graphics.Color
import androidx.compose.ui.graphics.vector.ImageVector
import androidx.compose.ui.platform.LocalContext
import androidx.compose.ui.res.painterResource
import androidx.compose.ui.text.font.FontWeight
import androidx.compose.ui.text.style.TextAlign
import androidx.compose.ui.unit.dp
import androidx.compose.ui.unit.sp
import com.iris.gallery.R
import kotlinx.coroutines.launch",,ISSUE,missing_heading_semantics,,
r0009,maximilian-schwaerzler__Do-It,SettingsScreenContent,175,modifier = Modifier.clickable { showThemeDialog = true },"  163 |             ) {
  164 |                 SettingsSectionHeader(stringResource(R.string.settings_section_general))
  165 |                 ListItem(
  166 |                     headlineContent = {
  167 |                         Text(stringResource(R.string.theme))
  168 |                     },
  169 |                     supportingContent = {
  170 |                         Text(stringResource(themeMode.labelRes))
  171 |                     },
  172 |                     leadingContent = {
  173 |                         Icon(painterResource(themeMode.iconRes), contentDescription = null)
  174 |                     },
  175 |                     modifier = Modifier.clickable { showThemeDialog = true }
  176 |                 )
  177 | 
  178 |                 ListItem(
  179 |                     headlineContent = {
  180 |                         Text(stringResource(R.string.dynamic_color_setting_label))
  181 |                     },
  182 |                     leadingContent = {
  183 |                         Icon(painterResource(R.drawable.colors_24px), contentDescription = null)
  184 |                     },
  185 |                     trailingContent = { Switch(useDynamicColors, { onSetUseDynamicColors(it) }) }
  186 |                 )
  187 | 
  188 |                 ListItem(
  189 |                     headlineContent = {
  190 |                         Text(stringResource(R.string.settings_language))
  191 |                     },
  192 |                     supportingContent = {
  193 |                         Text(currentLanguageDisplay)
  194 |                     },
  195 |                     leadingContent = {
  196 |                         Icon(painterResource(R.drawable.language_24px), contentDescription = null)
  197 |                     },
  198 |                     modifier = Modifier.clickable { showLanguageDialog = true }
  199 |                 )
  200 | 
  201 |                 ListItem(
  202 |                     headlineContent = {
  203 |                         Text(stringResource(R.string.settings_notif_lead_time))
  204 |                     },
  205 |                     supportingContent = {
  206 |                         ExposedDropdownMenuBox(
  207 |                             expanded = notifLeadTimeExpanded,
  208 |                             onExpandedChange = { notifLeadTimeExpanded = it },
  209 |                             modifier = Modifier.fillMaxWidth()
  210 |                         ) {
  211 |                             OutlinedTextField(
  212 |                                 value = stringResource(notificationLeadTime.labelRes),
  213 |                                 onValueChange = {},
  214 |                                 readOnly = true,
  215 |                                 trailingIcon = {","import androidx.compose.foundation.clickable
import androidx.compose.foundation.layout.Arrangement
import androidx.compose.foundation.layout.Column
import androidx.compose.foundation.layout.Row
import androidx.compose.foundation.layout.fillMaxSize
import androidx.compose.foundation.layout.fillMaxWidth
import androidx.compose.foundation.layout.padding
import androidx.compose.foundation.rememberScrollState
import androidx.compose.foundation.verticalScroll
import androidx.compose.material3.AlertDialog
import androidx.compose.material3.DropdownMenuItem
import androidx.compose.material3.ExperimentalMaterial3Api
import androidx.compose.material3.ExposedDropdownMenuAnchorType
import androidx.compose.material3.ExposedDropdownMenuBox
import androidx.compose.material3.ExposedDropdownMenuDefaults
import androidx.compose.material3.Icon
import androidx.compose.material3.IconButton
import androidx.compose.material3.ListItem
import androidx.compose.material3.MaterialTheme
import androidx.compose.material3.OutlinedTextField
import androidx.compose.material3.RadioButton
import androidx.compose.material3.Scaffold
import androidx.compose.material3.Surface
import androidx.compose.material3.Switch
import androidx.compose.material3.Text
import androidx.compose.material3.TextButton
import androidx.compose.material3.TopAppBar
import androidx.compose.runtime.Composable
import androidx.compose.runtime.getValue
import androidx.compose.runtime.mutableStateOf
import androidx.compose.runtime.remember
import androidx.compose.runtime.saveable.rememberSaveable
import androidx.compose.runtime.setValue
import androidx.compose.ui.Alignment
import androidx.compose.ui.Modifier
import androidx.compose.ui.platform.LocalContext
import androidx.compose.ui.res.painterResource
import androidx.compose.ui.res.stringResource
import androidx.compose.ui.tooling.preview.Preview
import androidx.compose.ui.unit.dp
import androidx.lifecycle.compose.collectAsStateWithLifecycle
import androidx.lifecycle.viewmodel.compose.viewModel
import at.co.schwaerzler.maximilian.doit.R
import at.co.schwaerzler.maximilian.doit.data.SettingsViewModel
import at.co.schwaerzler.maximilian.doit.ui.component.MaxWidthLayout
import at.co.schwaerzler.maximilian.doit.ui.theme.DoItTheme
import at.co.schwaerzler.maximilian.doit.util.AppThemeMode
import at.co.schwaerzler.maximilian.doit.util.NotificationLeadTime
import at.co.schwaerzler.maximilian.doit.util.openUrl
import java.util.Locale",,ISSUE,missing_semantics_role,,
r0010,zhishengplus__ZhishengWeather,LandscapeStandbyScreen,167,"modifier = Modifier.clickable(onClick = onRefresh).padding(8.dp),","  155 |                                 color = ZhishengOrange,
  156 |                                 fontWeight = FontWeight.Bold,
  157 |                             )
  158 |                             Text(
  159 |                                 ""ZHISHENG AMBIENT TERMINAL / ${BuildConfig.VERSION_NAME}"",
  160 |                                 style = MaterialTheme.typography.labelSmall,
  161 |                                 color = ZhishengTextTertiary,
  162 |                                 letterSpacing = 2.sp,
  163 |                             )
  164 |                         }
  165 |                         Text(
  166 |                             ""● ${if (uiState.loading) ""SYNC"" else ""LIVE""}"",
  167 |                             modifier = Modifier.clickable(onClick = onRefresh).padding(8.dp),
  168 |                             style = MaterialTheme.typography.labelMedium,
  169 |                             color = if (uiState.loading) ZhishengOrange else ZhishengMint,
  170 |                             letterSpacing = 1.5.sp,
  171 |                         )
  172 |                     }
  173 | 
  174 |                     Row(verticalAlignment = Alignment.Bottom) {
  175 |                         Text(
  176 |                             clock,
  177 |                             fontSize = clockSize,
  178 |                             lineHeight = clockSize,
  179 |                             color = ZhishengText,
  180 |                             fontWeight = FontWeight.Bold,
  181 |                             letterSpacing = (-7).sp,
  182 |                         )
  183 |                         Spacer(Modifier.width(14.dp))
  184 |                         Text(
  185 |                             seconds,
  186 |                             modifier = Modifier.padding(bottom = secondsBaseline),
  187 |                             style = MaterialTheme.typography.headlineSmall,
  188 |                             color = ZhishengCyan,
  189 |                             fontWeight = FontWeight.Bold,
  190 |                         )
  191 |                     }
  192 | 
  193 |                     Column {
  194 |                         Row(verticalAlignment = Alignment.CenterVertically) {
  195 |                             Text(date, style = MaterialTheme.typography.titleLarge, color = ZhishengTextSecondary)
  196 |                             Spacer(Modifier.width(18.dp))
  197 |                             Text(
  198 |                                 uiState.selectedCity?.let { Fmt.coordinates(it.latitude, it.longitude) }.orEmpty(),
  199 |                                 style = MaterialTheme.typography.labelMedium,
  200 |                                 color = ZhishengTextTertiary,
  201 |                                 letterSpacing = 1.sp,
  202 |                             )
  203 |                         }
  204 |                         Spacer(Modifier.height(9.dp))
  205 |                         Box(Modifier.fillMaxWidth().height(1.dp).background(ZhishengCyan.copy(alpha = 0.5f)))
  206 |                     }
  207 |                 }","import android.provider.Settings as AndroidSettings
import androidx.compose.animation.core.LinearEasing
import androidx.compose.animation.core.RepeatMode
import androidx.compose.animation.core.animateFloat
import androidx.compose.animation.core.infiniteRepeatable
import androidx.compose.animation.core.rememberInfiniteTransition
import androidx.compose.animation.core.tween
import androidx.compose.foundation.Canvas
import androidx.compose.foundation.background
import androidx.compose.foundation.border
import androidx.compose.foundation.clickable
import androidx.compose.foundation.layout.Arrangement
import androidx.compose.foundation.layout.Box
import androidx.compose.foundation.layout.BoxWithConstraints
import androidx.compose.foundation.layout.Column
import androidx.compose.foundation.layout.Row
import androidx.compose.foundation.layout.Spacer
import androidx.compose.foundation.layout.WindowInsets
import androidx.compose.foundation.layout.fillMaxHeight
import androidx.compose.foundation.layout.fillMaxSize
import androidx.compose.foundation.layout.fillMaxWidth
import androidx.compose.foundation.layout.height
import androidx.compose.foundation.layout.padding
import androidx.compose.foundation.layout.safeDrawing
import androidx.compose.foundation.layout.size
import androidx.compose.foundation.layout.width
import androidx.compose.foundation.layout.windowInsetsPadding
import androidx.compose.material.icons.Icons
import androidx.compose.material.icons.filled.Settings
import androidx.compose.material3.Icon
import androidx.compose.material3.IconButton
import androidx.compose.material3.MaterialTheme
import androidx.compose.runtime.Composable
import androidx.compose.runtime.LaunchedEffect
import androidx.compose.runtime.getValue
import androidx.compose.runtime.mutableLongStateOf
import androidx.compose.runtime.remember
import androidx.compose.runtime.setValue
import androidx.compose.ui.Alignment
import androidx.compose.ui.Modifier
import androidx.compose.ui.geometry.Offset
import androidx.compose.ui.geometry.Size
import androidx.compose.ui.graphics.drawscope.Stroke
import androidx.compose.ui.platform.LocalContext
import androidx.compose.ui.semantics.Role
import androidx.compose.ui.text.font.FontWeight
import androidx.compose.ui.text.style.TextAlign
import androidx.compose.ui.text.style.TextOverflow
import androidx.compose.ui.unit.dp
import androidx.compose.ui.unit.sp
import com.zhisheng.weather.BuildConfig
import com.zhisheng.weather.data.LandscapeStandbyStyle
import com.zhisheng.weather.i18n.uiText
import com.zhisheng.weather.model.phaseAwareCondition
import com.zhisheng.weather.ui.components.WeatherAmbience
import com.zhisheng.weather.ui.components.WeatherIcon
import com.zhisheng.weather.ui.components.isNightAt
import com.zhisheng.weather.ui.theme.ZhishengBg
import com.zhisheng.weather.ui.theme.ZhishengCardBorder
import com.zhisheng.weather.ui.theme.ZhishengCyan
import com.zhisheng.weather.ui.theme.ZhishengMint
import com.zhisheng.weather.ui.theme.ZhishengOrange
import com.zhisheng.weather.ui.theme.ZhishengSurface
import com.zhisheng.weather.ui.theme.ZhishengText
import com.zhisheng.weather.ui.theme.ZhishengTextSecondary
import com.zhisheng.weather.ui.theme.ZhishengTextTertiary
import com.zhisheng.weather.ui.theme.alertLevelColor
import java.time.Instant
import java.time.ZoneId
import java.time.ZoneOffset
import java.time.format.DateTimeFormatter
import java.util.Locale
import kotlinx.coroutines.delay",,ISSUE,missing_interaction_semantics,,
r0011,piratecash__pcash-wallet,onClick,286,CircularProgressIndicator(,"  274 |         contentAlignment = Alignment.Center
  275 |     ) {
  276 |         subhead2_grey(text = message)
  277 |     }
  278 | }
  279 | 
  280 | @Composable
  281 | fun Loading(modifier: Modifier = Modifier) {
  282 |     Box(
  283 |         modifier = modifier.fillMaxSize(),
  284 |         contentAlignment = Alignment.Center
  285 |     ) {
  286 |         CircularProgressIndicator(
  287 |             modifier = Modifier.size(24.dp),
  288 |             color = ComposeAppTheme.colors.grey,
  289 |             strokeWidth = 2.dp
  290 |         )
  291 |     }
  292 | }","import android.content.Context
import androidx.compose.animation.Crossfade
import androidx.compose.foundation.layout.Box
import androidx.compose.foundation.layout.Column
import androidx.compose.foundation.layout.Spacer
import androidx.compose.foundation.layout.fillMaxSize
import androidx.compose.foundation.layout.fillMaxWidth
import androidx.compose.foundation.layout.height
import androidx.compose.foundation.layout.padding
import androidx.compose.foundation.layout.size
import androidx.compose.foundation.rememberScrollState
import androidx.compose.foundation.verticalScroll
import androidx.compose.material.CircularProgressIndicator
import androidx.compose.runtime.Composable
import androidx.compose.runtime.getValue
import androidx.compose.runtime.livedata.observeAsState
import androidx.compose.runtime.remember
import androidx.compose.ui.Alignment
import androidx.compose.ui.Modifier
import androidx.compose.ui.platform.LocalContext
import androidx.compose.ui.platform.LocalView
import androidx.compose.ui.res.stringResource
import androidx.compose.ui.tooling.preview.Preview
import androidx.compose.ui.unit.dp
import androidx.lifecycle.viewmodel.compose.viewModel
import androidx.navigation.NavController
import cash.p.terminal.R
import cash.p.terminal.core.iconPlaceholder
import cash.p.terminal.modules.coin.CoinLink
import cash.p.terminal.modules.coin.overview.CoinOverviewModule
import cash.p.terminal.modules.coin.overview.CoinOverviewViewModel
import cash.p.terminal.modules.coin.overview.HudMessageType
import cash.p.terminal.modules.coin.ui.CoinScreenTitle
import cash.p.terminal.modules.enablecoin.restoresettings.RestoreSettingsViewModel
import cash.p.terminal.modules.managewallets.ManageWalletsModule
import cash.p.terminal.modules.managewallets.ManageWalletsViewModel
import cash.p.terminal.modules.markdown.MarkdownFragment
import cash.p.terminal.modules.enablecoin.restoresettings.openRestoreSettingsDialog
import cash.p.terminal.navigation.slideFromRight
import cash.p.terminal.ui_compose.components.ButtonSecondaryDefault
import cash.p.terminal.ui.compose.components.ListErrorView
import cash.p.terminal.ui.helpers.LinkHelper
import cash.p.terminal.ui.helpers.TextHelper
import cash.p.terminal.ui_compose.components.ButtonSecondaryCircle
import cash.p.terminal.ui_compose.components.CellFooter
import cash.p.terminal.ui_compose.components.CellUniversalLawrenceSection
import cash.p.terminal.ui_compose.components.HSSwipeRefresh
import cash.p.terminal.ui_compose.components.HSpacer
import cash.p.terminal.ui_compose.components.RowUniversal
import cash.p.terminal.ui_compose.components.subhead2_grey
import cash.p.terminal.ui_compose.entities.ViewState
import cash.p.terminal.ui_compose.theme.ComposeAppTheme
import cash.p.terminal.wallet.alternativeImageUrl
import cash.p.terminal.wallet.entities.FullCoin
import cash.p.terminal.wallet.imageUrl
import cash.p.terminal.wallet.models.LinkType
import io.horizontalsystems.chartview.chart.ChartViewModel
import io.horizontalsystems.chartview.ui.Chart
import cash.p.terminal.ui_compose.components.HudHelper
import cash.p.terminal.ui_compose.currentYear",,NO_ISSUE,none,,
r0012,gautam84__Foodike,HistorySection,114,"contentDescription = ""Non-Vegetarian""","  102 |                         .fillMaxWidth()
  103 |                         .padding(0.dp, 8.dp),
  104 |                 )
  105 |                 Row(
  106 |                     modifier = Modifier.fillMaxWidth(),
  107 |                     horizontalArrangement = Arrangement.SpaceBetween,
  108 |                     verticalAlignment = Alignment.CenterVertically
  109 |                 ) {
  110 |                     Row(verticalAlignment = Alignment.CenterVertically) {
  111 |                         Image(
  112 |                             modifier = Modifier.size(16.dp),
  113 |                             painter = painterResource(id = R.drawable.ic_non_veg),
  114 |                             contentDescription = ""Non-Vegetarian""
  115 |                         )
  116 |                         Spacer(modifier = Modifier.width(8.dp))
  117 | 
  118 |                         Text(text = ""Chinese Shawarma\nCombo (1)"", maxLines = 2)
  119 |                     }
  120 |                     Row {
  121 |                         Button(onClick = { /*TODO*/ }) {
  122 |                             Text(text = ""Reorder"")
  123 |                         }
  124 |                     }
  125 | 
  126 |                 }
  127 | 
  128 |                 Spacer(modifier = Modifier.height(8.dp))
  129 | 
  130 | 
  131 |                 Row(
  132 |                     verticalAlignment = Alignment.Bottom,
  133 |                     modifier = Modifier.fillMaxWidth(),
  134 |                     horizontalArrangement = Arrangement.SpaceBetween
  135 |                 ) {
  136 | 
  137 |                     Row(
  138 |                         horizontalArrangement = Arrangement.SpaceBetween,
  139 |                         verticalAlignment = Alignment.CenterVertically
  140 |                     ) {
  141 |                         Column {
  142 |                             Text(
  143 |                                 text = ""Your rating for delivery"",
  144 |                                 modifier = Modifier.alpha(0.5f),
  145 |                             )
  146 |                             Text(
  147 |                                 text = ""Your rating for food"",
  148 |                                 modifier = Modifier.alpha(0.5f),
  149 |                             )
  150 | 
  151 |                         }
  152 | 
  153 |                         Column {
  154 |                             Row {","import androidx.compose.foundation.Image
import androidx.compose.foundation.clickable
import androidx.compose.foundation.layout.Arrangement
import androidx.compose.foundation.layout.Column
import androidx.compose.foundation.layout.Row
import androidx.compose.foundation.layout.Spacer
import androidx.compose.foundation.layout.fillMaxSize
import androidx.compose.foundation.layout.fillMaxWidth
import androidx.compose.foundation.layout.height
import androidx.compose.foundation.layout.padding
import androidx.compose.foundation.layout.size
import androidx.compose.foundation.layout.width
import androidx.compose.material.Button
import androidx.compose.material.Card
import androidx.compose.material.Divider
import androidx.compose.material.Icon
import androidx.compose.material.MaterialTheme
import androidx.compose.material.Text
import androidx.compose.material.icons.Icons
import androidx.compose.material.icons.filled.Circle
import androidx.compose.material.icons.filled.Star
import androidx.compose.runtime.Composable
import androidx.compose.ui.Alignment
import androidx.compose.ui.Modifier
import androidx.compose.ui.draw.alpha
import androidx.compose.ui.graphics.Color
import androidx.compose.ui.res.painterResource
import androidx.compose.ui.text.font.FontWeight
import androidx.compose.ui.unit.dp
import androidx.compose.ui.unit.sp
import com.example.foodike.R",,NO_ISSUE,none,,
r0013,Nevodev__Cresto,GlasenseSwitch,214,detectTapGestures(,"  202 |         }
  203 | 
  204 |         LaunchedEffect(checked) {
  205 |             physicsController.sync(checked)
  206 |         }
  207 | 
  208 |         BoxWithConstraints(
  209 |             modifier = Modifier
  210 |                 .height(28.dp)
  211 |                 .width(46.dp)
  212 |                 .pointerInput(enabled) {
  213 |                     if (enabled) {
  214 |                         detectTapGestures(
  215 |                             onPress = {
  216 |                                 physicsController.press()
  217 | 
  218 |                                 val success = tryAwaitRelease()
  219 | 
  220 |                                 if (success) {
  221 |                                     haptic.performHapticFeedback(HapticFeedbackType.ToggleOn)
  222 |                                     currentOnCheckedChange(!currentChecked)
  223 |                                     scope.launch {
  224 |                                         delay(200.milliseconds)
  225 |                                         if (!physicsController.isSyncing) {
  226 |                                             physicsController.release()
  227 |                                         }
  228 |                                     }
  229 |                                 } else {
  230 |                                     physicsController.release()
  231 |                                 }
  232 |                             }
  233 |                         )
  234 |                     }
  235 |                 },
  236 |         ) {
  237 |             val canvasWidth = constraints.maxWidth.toFloat()
  238 |             val canvasHeight = constraints.maxHeight.toFloat()
  239 |             Canvas(
  240 |                 modifier = Modifier
  241 |                     .alpha(0f)
  242 |                     .layerBackdrop(trackBackdrop)
  243 |                     .fillMaxSize()
  244 |             ) {
  245 |                 translate(left = startPadding, top = startPadding) {
  246 |                     drawTrack(
  247 |                         width = canvasWidth - startPadding * 2,
  248 |                         height = canvasHeight - startPadding * 2,
  249 |                         color = trackColorAnimation,
  250 |                         density = density
  251 |                     )
  252 |                 }
  253 |             }
  254 |             Box(","import androidx.compose.animation.animateColorAsState
import androidx.compose.animation.core.Animatable
import androidx.compose.animation.core.spring
import androidx.compose.animation.core.tween
import androidx.compose.foundation.Canvas
import androidx.compose.foundation.gestures.detectTapGestures
import androidx.compose.foundation.layout.Box
import androidx.compose.foundation.layout.BoxWithConstraints
import androidx.compose.foundation.layout.fillMaxSize
import androidx.compose.foundation.layout.height
import androidx.compose.foundation.layout.size
import androidx.compose.foundation.layout.width
import androidx.compose.foundation.shape.CircleShape
import androidx.compose.runtime.Composable
import androidx.compose.runtime.LaunchedEffect
import androidx.compose.runtime.getValue
import androidx.compose.runtime.remember
import androidx.compose.runtime.rememberCoroutineScope
import androidx.compose.runtime.rememberUpdatedState
import androidx.compose.runtime.snapshotFlow
import androidx.compose.ui.Modifier
import androidx.compose.ui.draw.alpha
import androidx.compose.ui.draw.drawBehind
import androidx.compose.ui.geometry.Size
import androidx.compose.ui.graphics.Color
import androidx.compose.ui.graphics.drawOutline
import androidx.compose.ui.graphics.drawscope.DrawScope
import androidx.compose.ui.graphics.drawscope.translate
import androidx.compose.ui.graphics.graphicsLayer
import androidx.compose.ui.graphics.nativeCanvas
import androidx.compose.ui.hapticfeedback.HapticFeedbackType
import androidx.compose.ui.input.pointer.pointerInput
import androidx.compose.ui.platform.LocalDensity
import androidx.compose.ui.platform.LocalHapticFeedback
import androidx.compose.ui.unit.Density
import androidx.compose.ui.unit.DpOffset
import androidx.compose.ui.unit.LayoutDirection
import androidx.compose.ui.unit.dp
import com.kyant.backdrop.backdrops.layerBackdrop
import com.kyant.backdrop.backdrops.rememberLayerBackdrop
import com.kyant.backdrop.drawBackdrop
import com.kyant.backdrop.effects.lens
import com.kyant.backdrop.highlight.Highlight
import com.kyant.backdrop.shadow.InnerShadow
import com.kyant.backdrop.shadow.Shadow
import com.kyant.shapes.Capsule
import com.nevoit.cresto.theme.AppColors
import com.nevoit.cresto.theme.LocalThemeSettings
import com.nevoit.glasense.component.Switch
import com.nevoit.glasense.theme.GlasenseColors
import kotlinx.coroutines.Job
import kotlinx.coroutines.android.awaitFrame
import kotlinx.coroutines.delay
import kotlinx.coroutines.flow.first
import kotlinx.coroutines.launch
import kotlin.math.abs
import kotlin.time.Duration.Companion.milliseconds",,ISSUE,pointerinput_no_semantics,,
r0014,MohamadOday__iris-gallery,AboutScreen,154,"contentDescription = ""Iris Gallery Logo"",","  142 |                                 showEasterEggSheet = true
  143 |                             } else {
  144 |                                 val remaining = 5 - eggClicks
  145 |                                 val message = if (remaining == 1) context.getString(R.string.toast_easter_egg_hint_one)
  146 |                                 else context.getString(R.string.toast_easter_egg_hint, remaining)
  147 |                                 activeToast = Toast.makeText(context, message, Toast.LENGTH_SHORT).apply { show() }
  148 |                             }
  149 |                         },
  150 |                     contentAlignment = Alignment.Center
  151 |                 ) {
  152 |                     Image(
  153 |                         painter = painterResource(id = R.mipmap.ic_launcher_foreground),
  154 |                         contentDescription = ""Iris Gallery Logo"",
  155 |                         modifier = Modifier.size(76.dp)
  156 |                     )
  157 |                 }
  158 | 
  159 |                 Spacer(Modifier.height(14.dp))
  160 |                 Text(
  161 |                     androidx.compose.ui.res.stringResource(R.string.app_name),
  162 |                     style = MaterialTheme.typography.headlineMedium,
  163 |                     fontWeight = FontWeight.Bold
  164 |                 )
  165 |                 Text(
  166 |                     androidx.compose.ui.res.stringResource(
  167 |                         R.string.version_format,
  168 |                         com.iris.gallery.BuildConfig.VERSION_NAME,
  169 |                         com.iris.gallery.BuildConfig.VERSION_CODE
  170 |                     ),
  171 |                     style = MaterialTheme.typography.bodyMedium,
  172 |                     color = MaterialTheme.colorScheme.onSurfaceVariant
  173 |                 )
  174 |                 Text(
  175 |                     androidx.compose.ui.res.stringResource(R.string.app_description),
  176 |                     style = MaterialTheme.typography.bodySmall,
  177 |                     color = MaterialTheme.colorScheme.onSurfaceVariant,
  178 |                     modifier = Modifier.padding(top = 4.dp)
  179 |                 )
  180 |             }
  181 |         }
  182 | 
  183 |         item {
  184 |             Text(
  185 |                 androidx.compose.ui.res.stringResource(R.string.about_developer_project),
  186 |                 style = MaterialTheme.typography.labelLarge,
  187 |                 color = MaterialTheme.colorScheme.primary,
  188 |                 modifier = Modifier
  189 |                     .fillMaxWidth()
  190 |                     .padding(start = 4.dp, top = 8.dp)
  191 |             )
  192 |         }
  193 | 
  194 |         item {","import android.content.Intent
import android.net.Uri
import android.widget.Toast
import androidx.compose.animation.AnimatedVisibility
import androidx.compose.animation.fadeIn
import androidx.compose.animation.fadeOut
import androidx.compose.animation.slideInVertically
import androidx.compose.animation.slideOutVertically
import androidx.compose.foundation.Image
import androidx.compose.foundation.background
import androidx.compose.foundation.clickable
import androidx.compose.foundation.layout.Arrangement
import androidx.compose.foundation.layout.Box
import androidx.compose.foundation.layout.Column
import androidx.compose.foundation.layout.PaddingValues
import androidx.compose.foundation.layout.Row
import androidx.compose.foundation.layout.Spacer
import androidx.compose.foundation.layout.fillMaxSize
import androidx.compose.foundation.layout.fillMaxWidth
import androidx.compose.foundation.layout.height
import androidx.compose.foundation.layout.padding
import androidx.compose.foundation.layout.size
import androidx.compose.foundation.layout.width
import androidx.compose.foundation.lazy.LazyColumn
import androidx.compose.foundation.rememberScrollState
import androidx.compose.foundation.shape.CircleShape
import androidx.compose.foundation.shape.RoundedCornerShape
import androidx.compose.foundation.verticalScroll
import androidx.compose.material.icons.Icons
import androidx.compose.material.icons.automirrored.outlined.ArrowBack
import androidx.compose.material.icons.outlined.Camera
import androidx.compose.material.icons.outlined.Code
import androidx.compose.material.icons.outlined.Language
import androidx.compose.material.icons.outlined.Psychology
import androidx.compose.material.icons.outlined.VerifiedUser
import androidx.compose.material3.Card
import androidx.compose.material3.CardDefaults
import androidx.compose.material3.ExperimentalMaterial3Api
import androidx.compose.material3.FilledTonalButton
import androidx.compose.material3.HorizontalDivider
import androidx.compose.material3.Icon
import androidx.compose.material3.IconButton
import androidx.compose.material3.MaterialTheme
import androidx.compose.material3.ModalBottomSheet
import androidx.compose.material3.OutlinedCard
import androidx.compose.material3.Scaffold
import androidx.compose.material3.Text
import androidx.compose.material3.TopAppBar
import androidx.compose.material3.TopAppBarDefaults
import androidx.compose.material3.rememberModalBottomSheetState
import androidx.compose.runtime.Composable
import androidx.compose.runtime.getValue
import androidx.compose.runtime.mutableIntStateOf
import androidx.compose.runtime.mutableStateOf
import androidx.compose.runtime.remember
import androidx.compose.runtime.rememberCoroutineScope
import androidx.compose.runtime.setValue
import androidx.compose.ui.Alignment
import androidx.compose.ui.Modifier
import androidx.compose.ui.draw.clip
import androidx.compose.ui.graphics.Brush
import androidx.compose.ui.graphics.Color
import androidx.compose.ui.graphics.vector.ImageVector
import androidx.compose.ui.platform.LocalContext
import androidx.compose.ui.res.painterResource
import androidx.compose.ui.text.font.FontWeight
import androidx.compose.ui.text.style.TextAlign
import androidx.compose.ui.unit.dp
import androidx.compose.ui.unit.sp
import com.iris.gallery.R
import kotlinx.coroutines.launch",,NO_ISSUE,none,,
r0015,zhishengplus__ZhishengWeather,ToggleRow,1118,".toggleable(value = checked, role = Role.Switch) { onToggle() }"," 1106 |                     )
 1107 |                 }
 1108 |             }
 1109 |         }
 1110 |     }
 1111 | }
 1112 | 
 1113 | @Composable
 1114 | private fun ToggleRow(label: String, hint: String, checked: Boolean, onToggle: () -> Unit) {
 1115 |     Row(
 1116 |         modifier = Modifier.fillMaxWidth()
 1117 |             // 单一 toggleable 事件源：Switch 只负责绘制，避免父子点击同时触发。
 1118 |             .toggleable(value = checked, role = Role.Switch) { onToggle() }
 1119 |             .padding(horizontal = 16.dp, vertical = 8.dp),
 1120 |         verticalAlignment = Alignment.CenterVertically,
 1121 |     ) {
 1122 |         Column(Modifier.weight(1f)) {
 1123 |             Text(label, style = MaterialTheme.typography.titleSmall, color = ZhishengText)
 1124 |             Text(hint, style = MaterialTheme.typography.labelSmall, color = ZhishengTextTertiary)
 1125 |         }
 1126 |         Switch(
 1127 |             checked = checked,
 1128 |             onCheckedChange = null,
 1129 |             colors = SwitchDefaults.colors(
 1130 |                 checkedThumbColor = ZhishengBg,
 1131 |                 checkedTrackColor = ZhishengMint,
 1132 |                 uncheckedThumbColor = ZhishengTextTertiary,
 1133 |                 uncheckedTrackColor = ZhishengCardBorder,
 1134 |                 uncheckedBorderColor = ZhishengCardBorder,
 1135 |             ),
 1136 |         )
 1137 |     }
 1138 | }
 1139 | 
 1140 | @Composable
 1141 | private fun ModuleOrderEditor(
 1142 |     order: List<HomeModule>,
 1143 |     onMove: (from: Int, to: Int) -> Unit,
 1144 | ) {
 1145 |     order.forEachIndexed { index, module ->
 1146 |         Row(
 1147 |             modifier = Modifier.fillMaxWidth().padding(start = 16.dp, end = 8.dp, top = 8.dp, bottom = 8.dp),
 1148 |             verticalAlignment = Alignment.CenterVertically,
 1149 |         ) {
 1150 |             Text(
 1151 |                 ""%02d"".format(index + 1),
 1152 |                 style = MaterialTheme.typography.labelSmall,
 1153 |                 color = ZhishengOrange,
 1154 |                 fontWeight = FontWeight.Bold,
 1155 |             )
 1156 |             Spacer(Modifier.width(10.dp))
 1157 |             Column(Modifier.weight(1f)) {
 1158 |                 Text(module.cn, style = MaterialTheme.typography.titleSmall, color = ZhishengText)","import android.content.Context
import android.content.Intent
import android.content.res.Configuration
import android.net.Uri
import android.provider.Settings as AndroidSettings
import androidx.activity.compose.rememberLauncherForActivityResult
import androidx.activity.result.contract.ActivityResultContracts
import androidx.compose.foundation.background
import androidx.compose.foundation.border
import androidx.compose.foundation.clickable
import androidx.compose.foundation.layout.Arrangement
import androidx.compose.foundation.layout.Box
import androidx.compose.foundation.layout.Column
import androidx.compose.foundation.layout.Row
import androidx.compose.foundation.layout.Spacer
import androidx.compose.foundation.layout.fillMaxSize
import androidx.compose.foundation.layout.fillMaxHeight
import androidx.compose.foundation.layout.fillMaxWidth
import androidx.compose.foundation.layout.height
import androidx.compose.foundation.layout.heightIn
import androidx.compose.foundation.layout.navigationBarsPadding
import androidx.compose.foundation.layout.padding
import androidx.compose.foundation.layout.size
import androidx.compose.foundation.layout.statusBarsPadding
import androidx.compose.foundation.layout.width
import androidx.compose.foundation.shape.CircleShape
import androidx.compose.foundation.lazy.LazyColumn
import androidx.compose.foundation.lazy.itemsIndexed
import androidx.compose.foundation.rememberScrollState
import androidx.compose.foundation.selection.selectableGroup
import androidx.compose.foundation.selection.toggleable
import androidx.compose.foundation.verticalScroll
import androidx.compose.material.icons.Icons
import androidx.compose.material.icons.automirrored.filled.ArrowBack
import androidx.compose.material3.HorizontalDivider
import androidx.compose.material3.Icon
import androidx.compose.material3.IconButton
import androidx.compose.material3.MaterialTheme
import androidx.compose.material3.Switch
import androidx.compose.material3.SwitchDefaults
import androidx.compose.runtime.Composable
import androidx.compose.runtime.LaunchedEffect
import androidx.compose.runtime.collectAsState
import androidx.compose.runtime.getValue
import androidx.compose.runtime.mutableStateOf
import androidx.compose.runtime.remember
import androidx.compose.runtime.rememberCoroutineScope
import androidx.compose.runtime.saveable.rememberSaveable
import androidx.compose.runtime.setValue
import androidx.compose.ui.Alignment
import androidx.compose.ui.Modifier
import androidx.compose.ui.graphics.Color
import androidx.compose.ui.graphics.RectangleShape
import androidx.compose.ui.platform.LocalContext
import androidx.compose.ui.platform.LocalConfiguration
import androidx.compose.ui.semantics.Role
import androidx.compose.ui.semantics.disabled
import androidx.compose.ui.semantics.selected
import androidx.compose.ui.semantics.semantics
import androidx.compose.ui.text.font.FontWeight
import androidx.compose.ui.text.style.TextAlign
import androidx.compose.ui.unit.dp
import androidx.compose.ui.unit.sp
import com.zhisheng.weather.data.AccentTone
import com.zhisheng.weather.data.AppLanguage
import com.zhisheng.weather.data.AppIconManager
import com.zhisheng.weather.data.AppIconStyle
import com.zhisheng.weather.data.AppUpdateInfo
import com.zhisheng.weather.data.WidgetBackgroundMode
import com.zhisheng.weather.data.AmbienceLevel
import com.zhisheng.weather.data.CaiyunApi
import com.zhisheng.weather.data.HomeModule
import com.zhisheng.weather.data.HomeBriefingStyle
import com.zhisheng.weather.data.LocationSource
import com.zhisheng.weather.data.LifeIndexMetric
import com.zhisheng.weather.data.LandscapeStandbyStyle
import com.zhisheng.weather.data.QWeatherApi
import com.zhisheng.weather.data.SecretStore
import com.zhisheng.weather.data.SettingsRepository
import com.zhisheng.weather.widget.ZhishengWidgetProvider
import com.zhisheng.weather.data.SourcePref
import com.zhisheng.weather.data.TelemetryMetric
import com.zhisheng.weather.data.ThemeMode
import com.zhisheng.weather.i18n.AppLanguageState
import com.zhisheng.weather.i18n.uiText
import com.zhisheng.weather.ui.theme.ZhishengBg
import com.zhisheng.weather.ui.theme.ZhishengCard
import com.zhisheng.weather.ui.theme.ZhishengCardBorder
import com.zhisheng.weather.ui.theme.ZhishengCyan
import com.zhisheng.weather.ui.theme.ZhishengMint
import com.zhisheng.weather.ui.theme.ZhishengOrange
import com.zhisheng.weather.ui.theme.ZhishengRed
import com.zhisheng.weather.ui.theme.ZhishengSurface
import com.zhisheng.weather.ui.theme.ZhishengText
import com.zhisheng.weather.ui.theme.ZhishengTextSecondary
import com.zhisheng.weather.ui.theme.ZhishengTextTertiary
import kotlinx.coroutines.launch",,HANDLED,none,,
r0016,nikbulavin__flick,LoadingState,32,CircularProgressIndicator(),"   20 | import com.airbnb.lottie.compose.LottieAnimation
   21 | import com.airbnb.lottie.compose.LottieCompositionSpec
   22 | import com.airbnb.lottie.compose.LottieConstants
   23 | import com.airbnb.lottie.compose.animateLottieCompositionAsState
   24 | import com.airbnb.lottie.compose.rememberLottieComposition
   25 | 
   26 | @Composable
   27 | fun LoadingState() {
   28 |     Box(
   29 |         modifier = Modifier.fillMaxSize(),
   30 |         contentAlignment = Alignment.Center
   31 |     ) {
   32 |         CircularProgressIndicator()
   33 |     }
   34 | }
   35 | 
   36 | @Composable
   37 | fun EmptyState(message: String?, animationId: Int) {
   38 | 
   39 |     val lottieComposition by rememberLottieComposition(LottieCompositionSpec.RawRes(animationId))
   40 |     val progress by animateLottieCompositionAsState(
   41 |         composition = lottieComposition,
   42 |         iterations = LottieConstants.IterateForever
   43 |     )
   44 | 
   45 |     Box(
   46 |         modifier = Modifier
   47 |             .padding(PaddingValues(16.dp))
   48 |             .fillMaxSize(),
   49 |         contentAlignment = Alignment.Center
   50 |     ) {
   51 |         Column(
   52 |             modifier = Modifier.fillMaxSize(),
   53 |             horizontalAlignment = Alignment.CenterHorizontally,
   54 |             verticalArrangement = Arrangement.Center
   55 |         ) {
   56 |             LottieAnimation(
   57 |                 modifier = Modifier.size(200.dp),
   58 |                 composition = lottieComposition,
   59 |                 progress = { progress }
   60 |             )
   61 |             Text(
   62 |                 text = message.toString(),
   63 |                 maxLines = 4,
   64 |                 style = MaterialTheme.typography.bodyMedium,
   65 |                 textAlign = TextAlign.Center,
   66 |                 overflow = TextOverflow.Ellipsis
   67 |             )
   68 |         }
   69 |     }
   70 | }","import androidx.compose.foundation.layout.Arrangement
import androidx.compose.foundation.layout.Box
import androidx.compose.foundation.layout.Column
import androidx.compose.foundation.layout.PaddingValues
import androidx.compose.foundation.layout.fillMaxSize
import androidx.compose.foundation.layout.padding
import androidx.compose.foundation.layout.size
import androidx.compose.material3.CircularProgressIndicator
import androidx.compose.material3.MaterialTheme
import androidx.compose.material3.Text
import androidx.compose.runtime.Composable
import androidx.compose.runtime.getValue
import androidx.compose.ui.Alignment
import androidx.compose.ui.Modifier
import androidx.compose.ui.text.style.TextAlign
import androidx.compose.ui.text.style.TextOverflow
import androidx.compose.ui.unit.dp
import com.airbnb.lottie.compose.LottieAnimation
import com.airbnb.lottie.compose.LottieCompositionSpec
import com.airbnb.lottie.compose.LottieConstants
import com.airbnb.lottie.compose.animateLottieCompositionAsState
import com.airbnb.lottie.compose.rememberLottieComposition",,NO_ISSUE,none,,
r0017,crome1394__point-forecast,AppDrawer,1031,"modifier = Modifier.size(28.dp),"," 1019 |         ) {
 1020 |             Row(
 1021 |                 Modifier
 1022 |                     .fillMaxWidth()
 1023 |                     .background(PrimaryBlue)
 1024 |                     .padding(horizontal = 14.dp, vertical = 10.dp),
 1025 |                 verticalAlignment = Alignment.CenterVertically,
 1026 |             ) {
 1027 |                 Icon(
 1028 |                     Icons.Filled.WbSunny,
 1029 |                     contentDescription = null,
 1030 |                     tint = Color.White,
 1031 |                     modifier = Modifier.size(28.dp),
 1032 |                 )
 1033 |                 Spacer(Modifier.width(8.dp))
 1034 |                 Text(
 1035 |                     ""Point Forecast"",
 1036 |                     color = Color.White,
 1037 |                     fontSize = 17.sp,
 1038 |                     fontWeight = FontWeight.Bold,
 1039 |                 )
 1040 |             }
 1041 | 
 1042 |             Text(
 1043 |                 ""Long-press & drag to reorder · visibility in Settings"",
 1044 |                 color = Color(0xFF90A4AE),
 1045 |                 fontSize = 10.sp,
 1046 |                 modifier = Modifier.padding(horizontal = 12.dp, vertical = 4.dp),
 1047 |             )
 1048 | 
 1049 |             // Nav items in a fixed Column (not LazyColumn) so reorders don't reset drag
 1050 |             Column(Modifier.fillMaxWidth()) {
 1051 |                 order.forEachIndexed { index, id ->
 1052 |                     key(id) {
 1053 |                         val isDragging = index == draggingIndex
 1054 |                         val icon = icons[id] ?: Icons.Filled.Menu
 1055 |                         val label = PreferencesRepository.drawerNavDisplayName(id)
 1056 |                         val onClick = actions[id] ?: {}
 1057 |                         Row(
 1058 |                             Modifier
 1059 |                                 .fillMaxWidth()
 1060 |                                 .height(38.dp)
 1061 |                                 .zIndex(if (isDragging) 2f else 0f)
 1062 |                                 .offset {
 1063 |                                     IntOffset(
 1064 |                                         x = 0,
 1065 |                                         y = if (isDragging) dragOffsetY.roundToInt() else 0,
 1066 |                                     )
 1067 |                                 }
 1068 |                                 .background(
 1069 |                                     if (isDragging) Color(0xFF37474F) else Color.Transparent,
 1070 |                                 )
 1071 |                                 .pointerInput(Unit) {","import android.Manifest
import android.content.Intent
import android.content.pm.PackageManager
import android.location.Location
import android.location.LocationManager
import android.net.Uri
import android.os.Bundle
import androidx.activity.ComponentActivity
import androidx.activity.compose.BackHandler
import androidx.activity.compose.rememberLauncherForActivityResult
import androidx.activity.compose.setContent
import androidx.activity.enableEdgeToEdge
import androidx.activity.result.contract.ActivityResultContracts
import androidx.activity.viewModels
import androidx.compose.foundation.background
import androidx.compose.foundation.clickable
import androidx.compose.foundation.gestures.detectDragGesturesAfterLongPress
import androidx.compose.foundation.layout.Arrangement
import androidx.compose.foundation.layout.Box
import androidx.compose.foundation.layout.Column
import androidx.compose.foundation.layout.Row
import androidx.compose.foundation.layout.Spacer
import androidx.compose.foundation.layout.fillMaxHeight
import androidx.compose.foundation.layout.fillMaxSize
import androidx.compose.foundation.layout.fillMaxWidth
import androidx.compose.foundation.layout.height
import androidx.compose.foundation.layout.offset
import androidx.compose.foundation.layout.padding
import androidx.compose.foundation.layout.size
import androidx.compose.foundation.layout.width
import androidx.compose.foundation.shape.RoundedCornerShape
import androidx.compose.material.icons.Icons
import androidx.compose.material.icons.automirrored.filled.ArrowBack
import androidx.compose.material.icons.automirrored.filled.List
import androidx.compose.material.icons.filled.Add
import androidx.compose.material.icons.filled.Bolt
import androidx.compose.material.icons.filled.DarkMode
import androidx.compose.material.icons.filled.Delete
import androidx.compose.material.icons.filled.DragHandle
import androidx.compose.material.icons.filled.Edit
import androidx.compose.material.icons.filled.Info
import androidx.compose.material.icons.filled.Map
import androidx.compose.material.icons.filled.Menu
import androidx.compose.material.icons.filled.MyLocation
import androidx.compose.material.icons.filled.NightsStay
import androidx.compose.material.icons.filled.Public
import androidx.compose.material.icons.filled.Refresh
import androidx.compose.material.icons.filled.Thunderstorm
import androidx.compose.material.icons.filled.Search
import androidx.compose.material.icons.filled.Settings
import androidx.compose.material.icons.filled.Star
import androidx.compose.material.icons.filled.WbSunny
import androidx.compose.material3.AlertDialog
import androidx.compose.material3.DrawerValue
import androidx.compose.material3.DropdownMenu
import androidx.compose.material3.ExperimentalMaterial3Api
import androidx.compose.material3.HorizontalDivider
import androidx.compose.material3.Icon
import androidx.compose.material3.IconButton
import androidx.compose.material3.ModalDrawerSheet
import androidx.compose.material3.ModalNavigationDrawer
import androidx.compose.material3.NavigationDrawerItem
import androidx.compose.material3.NavigationDrawerItemDefaults
import androidx.compose.material3.OutlinedTextField
import androidx.compose.material3.BottomAppBar
import androidx.compose.material3.Scaffold
import androidx.compose.material3.Surface
import androidx.compose.material3.Text
import androidx.compose.material3.TextButton
import androidx.compose.material3.TopAppBar
import androidx.compose.material3.TopAppBarDefaults
import androidx.compose.material3.rememberDrawerState
import androidx.compose.runtime.Composable
import androidx.compose.runtime.LaunchedEffect
import androidx.compose.runtime.collectAsState
import androidx.compose.runtime.getValue
import androidx.compose.runtime.key
import androidx.compose.runtime.mutableFloatStateOf
import androidx.compose.runtime.mutableIntStateOf
import androidx.compose.runtime.mutableStateOf
import androidx.compose.runtime.remember
import androidx.compose.runtime.rememberCoroutineScope
import androidx.compose.runtime.setValue
import androidx.compose.ui.Alignment
import androidx.compose.ui.Modifier
import androidx.compose.ui.graphics.Color
import androidx.compose.ui.graphics.vector.ImageVector
import androidx.compose.ui.input.pointer.pointerInput
import androidx.compose.ui.platform.LocalDensity
import androidx.compose.ui.res.painterResource
import androidx.compose.ui.text.font.FontWeight
import androidx.compose.ui.unit.IntOffset
import androidx.compose.ui.unit.dp
import androidx.compose.ui.unit.sp
import androidx.compose.ui.zIndex
import androidx.core.content.ContextCompat
import com.crome.forecastpoint.data.PreferencesRepository
import com.crome.forecastpoint.data.SavedLocation
import com.crome.forecastpoint.data.SpaceWeatherService
import com.crome.forecastpoint.ui.WeatherViewModel
import kotlin.math.roundToInt
import com.crome.forecastpoint.ui.screens.AboutScreen
import com.crome.forecastpoint.ui.screens.CelestialBody
import com.crome.forecastpoint.ui.screens.ForecastScreen
import com.crome.forecastpoint.ui.screens.HazardLoadingBanner
import com.crome.forecastpoint.ui.screens.HourlyScreen
import com.crome.forecastpoint.ui.screens.MapScreen
import com.crome.forecastpoint.ui.screens.SearchScreen
import com.crome.forecastpoint.ui.screens.SettingsScreen
import com.crome.forecastpoint.ui.screens.SunMoonScreen
import com.crome.forecastpoint.ui.theme.ForecastPointTheme
import com.crome.forecastpoint.ui.theme.PrimaryBlue
import com.crome.forecastpoint.ui.theme.SurfaceDark
import com.crome.forecastpoint.util.CelestialCalculator
import com.crome.forecastpoint.util.RadarUrl
import kotlinx.coroutines.launch",,NO_ISSUE,none,,
r0018,android__nowinandroid,onScroll,23,import androidx.compose.foundation.gestures.detectTapGestures,"   11 |  * distributed under the License is distributed on an ""AS IS"" BASIS,
   12 |  * WITHOUT WARRANTIES OR CONDITIONS OF ANY KIND, either express or implied.
   13 |  * See the License for the specific language governing permissions and
   14 |  * limitations under the License.
   15 |  */
   16 | 
   17 | package com.google.samples.apps.nowinandroid.core.designsystem.component.scrollbar
   18 | 
   19 | import androidx.compose.foundation.gestures.Orientation
   20 | import androidx.compose.foundation.gestures.Orientation.Horizontal
   21 | import androidx.compose.foundation.gestures.Orientation.Vertical
   22 | import androidx.compose.foundation.gestures.detectHorizontalDragGestures
   23 | import androidx.compose.foundation.gestures.detectTapGestures
   24 | import androidx.compose.foundation.gestures.detectVerticalDragGestures
   25 | import androidx.compose.foundation.hoverable
   26 | import androidx.compose.foundation.interaction.DragInteraction
   27 | import androidx.compose.foundation.interaction.MutableInteractionSource
   28 | import androidx.compose.foundation.interaction.PressInteraction
   29 | import androidx.compose.foundation.layout.Box
   30 | import androidx.compose.foundation.layout.fillMaxHeight
   31 | import androidx.compose.foundation.layout.fillMaxWidth
   32 | import androidx.compose.runtime.Composable
   33 | import androidx.compose.runtime.Immutable
   34 | import androidx.compose.runtime.LaunchedEffect
   35 | import androidx.compose.runtime.getValue
   36 | import androidx.compose.runtime.mutableFloatStateOf
   37 | import androidx.compose.runtime.mutableLongStateOf
   38 | import androidx.compose.runtime.mutableStateOf
   39 | import androidx.compose.runtime.remember
   40 | import androidx.compose.runtime.setValue
   41 | import androidx.compose.runtime.snapshotFlow
   42 | import androidx.compose.ui.Modifier
   43 | import androidx.compose.ui.geometry.Offset
   44 | import androidx.compose.ui.input.pointer.PointerInputChange
   45 | import androidx.compose.ui.input.pointer.pointerInput
   46 | import androidx.compose.ui.layout.Layout
   47 | import androidx.compose.ui.layout.layout
   48 | import androidx.compose.ui.layout.onGloballyPositioned
   49 | import androidx.compose.ui.layout.positionInRoot
   50 | import androidx.compose.ui.unit.Dp
   51 | import androidx.compose.ui.unit.IntOffset
   52 | import androidx.compose.ui.unit.IntSize
   53 | import androidx.compose.ui.unit.dp
   54 | import androidx.compose.ui.util.packFloats
   55 | import androidx.compose.ui.util.unpackFloat1
   56 | import androidx.compose.ui.util.unpackFloat2
   57 | import kotlinx.coroutines.TimeoutCancellationException
   58 | import kotlinx.coroutines.delay
   59 | import kotlinx.coroutines.withTimeout
   60 | import kotlin.math.max
   61 | import kotlin.math.min
   62 | import kotlin.math.roundToInt
   63 | ","import androidx.compose.foundation.gestures.Orientation
import androidx.compose.foundation.gestures.Orientation.Horizontal
import androidx.compose.foundation.gestures.Orientation.Vertical
import androidx.compose.foundation.gestures.detectHorizontalDragGestures
import androidx.compose.foundation.gestures.detectTapGestures
import androidx.compose.foundation.gestures.detectVerticalDragGestures
import androidx.compose.foundation.hoverable
import androidx.compose.foundation.interaction.DragInteraction
import androidx.compose.foundation.interaction.MutableInteractionSource
import androidx.compose.foundation.interaction.PressInteraction
import androidx.compose.foundation.layout.Box
import androidx.compose.foundation.layout.fillMaxHeight
import androidx.compose.foundation.layout.fillMaxWidth
import androidx.compose.runtime.Composable
import androidx.compose.runtime.Immutable
import androidx.compose.runtime.LaunchedEffect
import androidx.compose.runtime.getValue
import androidx.compose.runtime.mutableFloatStateOf
import androidx.compose.runtime.mutableLongStateOf
import androidx.compose.runtime.mutableStateOf
import androidx.compose.runtime.remember
import androidx.compose.runtime.setValue
import androidx.compose.runtime.snapshotFlow
import androidx.compose.ui.Modifier
import androidx.compose.ui.geometry.Offset
import androidx.compose.ui.input.pointer.PointerInputChange
import androidx.compose.ui.input.pointer.pointerInput
import androidx.compose.ui.layout.Layout
import androidx.compose.ui.layout.layout
import androidx.compose.ui.layout.onGloballyPositioned
import androidx.compose.ui.layout.positionInRoot
import androidx.compose.ui.unit.Dp
import androidx.compose.ui.unit.IntOffset
import androidx.compose.ui.unit.IntSize
import androidx.compose.ui.unit.dp
import androidx.compose.ui.util.packFloats
import androidx.compose.ui.util.unpackFloat1
import androidx.compose.ui.util.unpackFloat2
import kotlinx.coroutines.TimeoutCancellationException
import kotlinx.coroutines.delay
import kotlinx.coroutines.withTimeout
import kotlin.math.max
import kotlin.math.min
import kotlin.math.roundToInt",,NO_ISSUE,none,,
r0019,bernaferrari__SDKMonitor,NotificationPermissionRequestCard,210,"Column(modifier = Modifier.padding(16.dp), verticalArrangement = Arrangement.spacedBy(8.dp)) {","  198 | 
  199 | @Composable
  200 | fun NotificationPermissionRequestCard(
  201 |     onRequestPermission: () -> Unit,
  202 |     modifier: Modifier = Modifier,
  203 | ) {
  204 |     val s = sdkStrings()
  205 |     Surface(
  206 |         modifier = modifier.fillMaxWidth(),
  207 |         shape = RoundedCornerShape(16.dp),
  208 |         color = MaterialTheme.colorScheme.primaryContainer.copy(alpha = 0.45f),
  209 |     ) {
  210 |         Column(modifier = Modifier.padding(16.dp), verticalArrangement = Arrangement.spacedBy(8.dp)) {
  211 |             Text(s.notificationPermissionTitle, fontWeight = FontWeight.SemiBold)
  212 |             Text(s.notificationPermissionBody, style = MaterialTheme.typography.bodySmall)
  213 |             androidx.compose.material3.TextButton(onClick = onRequestPermission) {
  214 |                 Text(s.allowNotifications)
  215 |             }
  216 |         }
  217 |     }
  218 | }
  219 | 
  220 | @Composable
  221 | fun NotificationWarningCard(
  222 |     onOpenSettings: () -> Unit,
  223 |     modifier: Modifier = Modifier,
  224 | ) {
  225 |     val s = sdkStrings()
  226 |     Surface(
  227 |         modifier = modifier.fillMaxWidth(),
  228 |         shape = RoundedCornerShape(16.dp),
  229 |         color = MaterialTheme.colorScheme.errorContainer.copy(alpha = 0.4f),
  230 |     ) {
  231 |         Column(modifier = Modifier.padding(16.dp), verticalArrangement = Arrangement.spacedBy(8.dp)) {
  232 |             Text(s.notificationWarningTitle, fontWeight = FontWeight.SemiBold)
  233 |             Text(s.notificationWarningBody, style = MaterialTheme.typography.bodySmall)
  234 |             androidx.compose.material3.TextButton(onClick = onOpenSettings) {
  235 |                 Text(s.openSettings)
  236 |             }
  237 |         }
  238 |     }
  239 | }","import androidx.compose.animation.animateColor
import androidx.compose.animation.core.animateDp
import androidx.compose.animation.core.tween
import androidx.compose.animation.core.updateTransition
import androidx.compose.foundation.BorderStroke
import androidx.compose.foundation.clickable
import androidx.compose.foundation.layout.Arrangement
import androidx.compose.foundation.layout.Box
import androidx.compose.foundation.layout.Column
import androidx.compose.foundation.layout.ColumnScope
import androidx.compose.foundation.layout.Row
import androidx.compose.foundation.layout.fillMaxWidth
import androidx.compose.foundation.layout.padding
import androidx.compose.foundation.layout.size
import androidx.compose.foundation.shape.RoundedCornerShape
import androidx.compose.material3.Icon
import androidx.compose.material3.MaterialTheme
import androidx.compose.material3.Surface
import androidx.compose.material3.Switch
import androidx.compose.material3.Text
import androidx.compose.runtime.Composable
import androidx.compose.runtime.getValue
import androidx.compose.ui.Alignment
import androidx.compose.ui.Modifier
import androidx.compose.ui.draw.clip
import androidx.compose.ui.graphics.Color
import androidx.compose.ui.graphics.vector.ImageVector
import androidx.compose.ui.semantics.selected
import androidx.compose.ui.semantics.semantics
import androidx.compose.ui.text.font.FontWeight
import androidx.compose.ui.unit.dp
import com.bernaferrari.sdkmonitor.ui.icons.MaterialSymbols
import com.bernaferrari.sdkmonitor.ui.platform.sdkStrings",,NO_ISSUE,none,,
r0020,FreezeYou__FreezeYou,AboutScreen,67,modifier = Modifier.fillMaxWidth().clickable { showWelcomeDialog() },"   44 |     private fun AboutScreen() {
   45 |         val entries = listOf(
   46 |             stringResource(R.string.hToUse),
   47 |             stringResource(R.string.faq),
   48 |             stringResource(R.string.helpTranslate),
   49 |             stringResource(R.string.thanksList),
   50 |             stringResource(R.string.visitWebsite),
   51 |             stringResource(R.string.contactUs),
   52 |             stringResource(R.string.update),
   53 |             stringResource(R.string.thirdPartyOpenSourceLicenses),
   54 |             ""V${VersionUtils.getVersionName(applicationContext)}"" +
   55 |                 ""(${VersionUtils.getVersionCode(applicationContext)})""
   56 |         )
   57 |         Column(Modifier.fillMaxSize().padding(5.dp)) {
   58 |             Column(
   59 |                 modifier = Modifier.fillMaxWidth().padding(50.dp),
   60 |                 horizontalAlignment = Alignment.CenterHorizontally
   61 |             ) {
   62 |                 Text(
   63 |                     text = stringResource(R.string.app_name),
   64 |                     fontSize = 36.sp,
   65 |                     fontWeight = FontWeight.Bold,
   66 |                     textAlign = TextAlign.Center,
   67 |                     modifier = Modifier.fillMaxWidth().clickable { showWelcomeDialog() }
   68 |                 )
   69 |                 Text(
   70 |                     text = ""V ${VersionUtils.getVersionCode(this@AboutActivity)}"",
   71 |                     color = androidx.compose.ui.graphics.Color.Gray,
   72 |                     fontStyle = FontStyle.Italic,
   73 |                     textAlign = TextAlign.Center,
   74 |                     modifier = Modifier.fillMaxWidth().clickable {
   75 |                         requestOpenWebSite(
   76 |                             this@AboutActivity,
   77 |                             ""https://www.zidon.net/"" +
   78 |                                 ""${getString(R.string.correspondingAndAvailableWebsiteUrlLanguageCode)}/changelog/""
   79 |                         )
   80 |                     }
   81 |                 )
   82 |             }
   83 |             LazyColumn(Modifier.fillMaxSize()) {
   84 |                 itemsIndexed(entries) { index, label ->
   85 |                     Text(
   86 |                         text = label,
   87 |                         modifier = Modifier.fillMaxWidth()
   88 |                             .clickable { onEntryClick(index) }
   89 |                             .padding(horizontal = 16.dp, vertical = 14.dp)
   90 |                     )
   91 |                 }
   92 |             }
   93 |         }
   94 |     }
   95 | 
   96 |     private fun onEntryClick(position: Int) {
   97 |         when (position) {
   98 |             0 -> requestOpenWebSite(
   99 |                 this,
  100 |                 ""https://www.zidon.net/${getString(R.string.correspondingAndAvailableWebsiteUrlLanguageCode)}/guide/how-to-use.html""
  101 |             )
  102 |             1 -> requestOpenWebSite(
  103 |                 this,
  104 |                 ""https://www.zidon.net/${getString(R.string.correspondingAndAvailableWebsiteUrlLanguageCode)}/faq/""
  105 |             )
  106 |             2 -> requestOpenWebSite(
  107 |                 this,","import android.content.DialogInterface
import android.content.Intent
import android.os.Bundle
import androidx.activity.compose.setContent
import androidx.compose.foundation.clickable
import androidx.compose.foundation.layout.Column
import androidx.compose.foundation.layout.fillMaxSize
import androidx.compose.foundation.layout.fillMaxWidth
import androidx.compose.foundation.layout.padding
import androidx.compose.foundation.lazy.LazyColumn
import androidx.compose.foundation.lazy.itemsIndexed
import androidx.compose.material3.Text
import androidx.compose.runtime.Composable
import androidx.compose.ui.Alignment
import androidx.compose.ui.Modifier
import androidx.compose.ui.res.stringResource
import androidx.compose.ui.text.font.FontStyle
import androidx.compose.ui.text.font.FontWeight
import androidx.compose.ui.text.style.TextAlign
import androidx.compose.ui.unit.dp
import androidx.compose.ui.unit.sp
import cf.playhi.freezeyou.R
import cf.playhi.freezeyou.app.FreezeYouAlertDialogBuilder
import cf.playhi.freezeyou.app.FreezeYouBaseActivity
import cf.playhi.freezeyou.ui.compose.FreezeYouTheme
import cf.playhi.freezeyou.utils.MoreUtils.joinQQGroup
import cf.playhi.freezeyou.utils.MoreUtils.requestOpenWebSite
import cf.playhi.freezeyou.utils.ThemeUtils.processActionBar
import cf.playhi.freezeyou.utils.ThemeUtils.processSetTheme
import cf.playhi.freezeyou.utils.ToastUtils.showToast
import cf.playhi.freezeyou.utils.VersionUtils",,ISSUE,missing_interaction_semantics,,
r0021,chmouel__liseur,DictionarySiteRow,379,"isError = invalid,","  367 |                         expanded = false
  368 |                         customChosen = true
  369 |                     },
  370 |                 )
  371 |             }
  372 |         }
  373 |         if (customChosen) {
  374 |             OutlinedTextField(
  375 |                 value = typed,
  376 |                 onValueChange = { typed = it },
  377 |                 modifier = Modifier.fillMaxWidth().padding(top = 12.dp),
  378 |                 singleLine = true,
  379 |                 isError = invalid,
  380 |                 placeholder = { Text(stringResource(R.string.settings_dictionary_site_hint)) },
  381 |                 supportingText = if (invalid) {
  382 |                     { Text(stringResource(R.string.settings_dictionary_site_invalid)) }
  383 |                 } else {
  384 |                     null
  385 |                 },
  386 |                 keyboardOptions = KeyboardOptions(
  387 |                     keyboardType = KeyboardType.Uri,
  388 |                     imeAction = ImeAction.Done,
  389 |                 ),
  390 |                 // Committed on Done, not per keystroke: a commit stores
  391 |                 // the setting and probes the site, and a half-typed host
  392 |                 // deserves neither.
  393 |                 keyboardActions = KeyboardActions(onDone = { normalised?.let(commit) }),
  394 |             )
  395 |         }
  396 |         when (val probe = probeResult) {
  397 |             ProbeUi.Idle -> Unit
  398 |             ProbeUi.Checking -> Text(
  399 |                 text = stringResource(R.string.settings_dictionary_site_checking),
  400 |                 style = MaterialTheme.typography.bodySmall,
  401 |                 color = MaterialTheme.colorScheme.onSurfaceVariant,
  402 |                 modifier = Modifier.padding(top = 8.dp),
  403 |             )
  404 |             is ProbeUi.Ok -> Text(
  405 |                 text = stringResource(R.string.settings_dictionary_site_ok, probe.host),
  406 |                 style = MaterialTheme.typography.bodySmall,
  407 |                 color = MaterialTheme.colorScheme.primary,
  408 |                 modifier = Modifier.padding(top = 8.dp),
  409 |             )
  410 |             is ProbeUi.Unreachable -> Text(
  411 |                 text = stringResource(
  412 |                     R.string.settings_dictionary_site_unreachable,
  413 |                     probe.host,
  414 |                     probe.error,
  415 |                 ),
  416 |                 style = MaterialTheme.typography.bodySmall,
  417 |                 color = MaterialTheme.colorScheme.error,
  418 |                 modifier = Modifier.padding(top = 8.dp),
  419 |             )","import androidx.compose.foundation.layout.Box
import androidx.compose.foundation.layout.Column
import androidx.compose.foundation.layout.fillMaxSize
import androidx.compose.foundation.layout.fillMaxWidth
import androidx.compose.foundation.layout.padding
import androidx.compose.foundation.layout.widthIn
import androidx.compose.foundation.rememberScrollState
import androidx.compose.foundation.text.KeyboardActions
import androidx.compose.foundation.text.KeyboardOptions
import androidx.compose.foundation.verticalScroll
import androidx.compose.material.icons.Icons
import androidx.compose.material.icons.outlined.ArrowBack
import androidx.compose.material3.DropdownMenuItem
import androidx.compose.material3.ExperimentalMaterial3Api
import androidx.compose.material3.ExposedDropdownMenuBox
import androidx.compose.material3.ExposedDropdownMenuDefaults
import androidx.compose.material3.Icon
import androidx.compose.material3.IconButton
import androidx.compose.material3.LargeTopAppBar
import androidx.compose.material3.MaterialTheme
import androidx.compose.material3.MenuAnchorType
import androidx.compose.material3.OutlinedTextField
import androidx.compose.material3.Scaffold
import androidx.compose.material3.Text
import androidx.compose.material3.TextButton
import androidx.compose.material3.TopAppBarDefaults
import androidx.compose.runtime.Composable
import androidx.compose.runtime.LaunchedEffect
import androidx.compose.runtime.getValue
import androidx.compose.runtime.mutableStateOf
import androidx.compose.runtime.remember
import androidx.compose.runtime.setValue
import androidx.compose.ui.Alignment
import androidx.compose.ui.Modifier
import androidx.compose.ui.input.nestedscroll.nestedScroll
import androidx.compose.ui.res.stringResource
import androidx.compose.ui.text.input.ImeAction
import androidx.compose.ui.text.input.KeyboardType
import androidx.compose.ui.unit.dp
import com.chmouel.liseur.R
import com.chmouel.liseur.data.settings.AppSettings
import com.chmouel.liseur.data.settings.DefinitionTarget
import com.chmouel.liseur.data.settings.EInkMode
import com.chmouel.liseur.data.settings.PageTurnStyle
import com.chmouel.liseur.data.settings.TapZones
import com.chmouel.liseur.domain.DictionaryUrl
import com.chmouel.liseur.domain.WiktionaryEditions
import com.chmouel.liseur.reader.dictionary.WiktionaryClient
import com.chmouel.liseur.ui.LocalEInk
import com.chmouel.liseur.ui.contentWidthCap
import com.chmouel.liseur.ui.reading.ReadingPageTurnStyleControl
import com.chmouel.liseur.ui.windowWidth",,ISSUE,error_state_no_semantics,,
r0022,XiaochangXu__HeartRateMonitor-composeui,DevicesScreen,117,style = MaterialTheme.typography.headlineSmall,"  105 |         containerColor = MaterialTheme.colorScheme.surfaceContainer,
  106 |         topBar = {
  107 |             TopAppBar(
  108 |                 modifier = Modifier.windowInsetsPadding(WindowInsets.statusBars),
  109 |                 windowInsets = WindowInsets(0, 0, 0, 0),
  110 |                 colors = TopAppBarDefaults.topAppBarColors(
  111 |                     containerColor = Color.Transparent,
  112 |                     scrolledContainerColor = Color.Transparent
  113 |                 ),
  114 |                 title = {
  115 |                     Text(
  116 |                         stringResource(R.string.available_devices),
  117 |                         style = MaterialTheme.typography.headlineSmall
  118 |                     )
  119 |                 },
  120 |                 navigationIcon = {
  121 |                     IconButton(onClick = onNavigateBack) {
  122 |                         Surface(
  123 |                             modifier = Modifier.size(40.dp),
  124 |                             shape = CircleShape,
  125 |                             color = MaterialTheme.colorScheme.surfaceBright
  126 |                         ) {
  127 |                             Box(contentAlignment = Alignment.Center) {
  128 |                                 Icon(
  129 |                                     imageVector = Icons.AutoMirrored.Filled.ArrowBack,
  130 |                                     contentDescription = stringResource(com.github.heartratemonitor_compose.ui.widgets.R.string.cd_back)
  131 |                                 )
  132 |                             }
  133 |                         }
  134 |                     }
  135 |                 },
  136 |                 actions = {
  137 |                     Surface(
  138 |                         modifier = Modifier.height(40.dp),
  139 |                         shape = CapsuleShape,
  140 |                         color = MaterialTheme.colorScheme.surfaceBright,
  141 |                         contentColor = if (uiState.scanFilterEnabled) {
  142 |                             MaterialTheme.colorScheme.primary
  143 |                         } else {
  144 |                             MaterialTheme.colorScheme.onSurfaceVariant
  145 |                         }
  146 |                     ) {
  147 |                         Box(
  148 |                             modifier = Modifier.fillMaxHeight(),
  149 |                             contentAlignment = Alignment.Center
  150 |                         ) {
  151 |                             Text(
  152 |                                 text = stringResource(
  153 |                                     if (uiState.scanFilterEnabled) R.string.scan_filter_on else R.string.scan_filter_off
  154 |                                 ),
  155 |                                 style = MaterialTheme.typography.labelMedium,
  156 |                                 modifier = Modifier.padding(horizontal = 12.dp)
  157 |                             )","import android.widget.Toast
import androidx.compose.foundation.layout.Arrangement
import androidx.compose.foundation.layout.Box
import androidx.compose.foundation.layout.Column
import androidx.compose.foundation.layout.PaddingValues
import androidx.compose.foundation.layout.Row
import androidx.compose.foundation.layout.Spacer
import androidx.compose.foundation.layout.WindowInsets
import androidx.compose.foundation.layout.fillMaxSize
import androidx.compose.foundation.layout.fillMaxHeight
import androidx.compose.foundation.layout.fillMaxWidth
import androidx.compose.foundation.layout.height
import androidx.compose.foundation.layout.navigationBars
import androidx.compose.foundation.layout.padding
import androidx.compose.foundation.layout.size
import androidx.compose.foundation.layout.width
import androidx.compose.foundation.lazy.LazyColumn
import androidx.compose.foundation.lazy.items
import androidx.compose.foundation.shape.CircleShape
import androidx.compose.material.icons.Icons
import androidx.compose.material.icons.automirrored.filled.ArrowBack
import androidx.compose.material.icons.filled.Search
import androidx.compose.material3.AlertDialog
import androidx.compose.material3.ExperimentalMaterial3Api
import androidx.compose.material3.Icon
import androidx.compose.material3.IconButton
import androidx.compose.material3.MaterialTheme
import androidx.compose.material3.Scaffold
import androidx.compose.material3.Surface
import androidx.compose.material3.Text
import androidx.compose.material3.*
import androidx.compose.runtime.Composable
import androidx.compose.runtime.getValue
import androidx.compose.runtime.mutableStateOf
import androidx.compose.runtime.remember
import androidx.compose.runtime.setValue
import androidx.compose.ui.Alignment
import androidx.compose.ui.Modifier
import androidx.compose.ui.graphics.Color
import androidx.compose.ui.input.nestedscroll.nestedScroll
import androidx.compose.ui.platform.LocalContext
import androidx.compose.ui.res.painterResource
import androidx.compose.ui.res.stringResource
import androidx.compose.ui.text.font.FontWeight
import androidx.compose.ui.text.style.TextAlign
import androidx.compose.ui.text.style.TextOverflow
import androidx.compose.ui.unit.dp
import androidx.lifecycle.compose.collectAsStateWithLifecycle
import com.github.heartratemonitor_compose.data.model.ScannedDevice
import com.github.heartratemonitor_compose.feature.main.R
import com.github.heartratemonitor_compose.service.ConnectedDevice
import com.github.heartratemonitor_compose.ui.util.CapsuleShape
import com.github.heartratemonitor_compose.ui.util.SegmentBottomShape
import com.github.heartratemonitor_compose.ui.util.SegmentMiddleShape
import com.github.heartratemonitor_compose.ui.util.SegmentTopShape
import com.github.heartratemonitor_compose.ui.util.SheetBottomShape
import com.github.heartratemonitor_compose.ui.util.SheetTopShape
import com.github.heartratemonitor_compose.ui.util.StatusBarScrim
import com.github.heartratemonitor_compose.ui.util.rememberExpandedSheetState
import com.github.heartratemonitor_compose.ui.util.rememberSheetDismissHandler
import com.github.heartratemonitor_compose.ui.widgets.ExpressiveButton
import com.github.heartratemonitor_compose.ui.widgets.ExpressiveButtonStyle
import com.github.heartratemonitor_compose.ui.widgets.IconContainer
import com.github.heartratemonitor_compose.ui.widgets.ExpressiveTextButton
import androidx.compose.foundation.layout.windowInsetsPadding
import androidx.compose.foundation.layout.statusBars",,ISSUE,missing_heading_semantics,,
r0023,IacobIonut01__ReFra,HealthBarLegend,556,"overflow = TextOverflow.Ellipsis,","  535 | private fun HealthBarLegend(
  536 |     accounts: List<AccountBackupStatus>,
  537 |     colorByConfig: Map<Long, Color>
  538 | ) {
  539 |     Column(
  540 |         modifier = Modifier.fillMaxWidth(),
  541 |         verticalArrangement = Arrangement.spacedBy(6.dp)
  542 |     ) {
  543 |         accounts.forEach { account ->
  544 |             Row(verticalAlignment = Alignment.CenterVertically) {
  545 |                 Box(
  546 |                     modifier = Modifier
  547 |                         .size(10.dp)
  548 |                         .clip(CircleShape)
  549 |                         .background(colorByConfig[account.configId] ?: Color.Gray)
  550 |                 )
  551 |                 Spacer(Modifier.width(8.dp))
  552 |                 Text(
  553 |                     text = account.accountLabel,
  554 |                     style = MaterialTheme.typography.bodySmall,
  555 |                     maxLines = 1,
  556 |                     overflow = TextOverflow.Ellipsis,
  557 |                     modifier = Modifier.weight(1f)
  558 |                 )
  559 |                 Spacer(Modifier.width(8.dp))
  560 |                 Text(
  561 |                     text = if (account.totalAssets > 0) {
  562 |                         ""${account.verifiedCount} verified · ${account.assumedCount} assumed · "" +
  563 |                             ""${account.unknownCount} unknown""
  564 |                     } else ""—"",
  565 |                     style = MaterialTheme.typography.bodySmall,
  566 |                     color = MaterialTheme.colorScheme.onSurfaceVariant
  567 |                 )
  568 |             }
  569 |         }
  570 |     }
  571 | }
  572 | 
  573 | /**
  574 |  * Dynamic upload card shown only while a backup worker is actively running.
  575 |  * Surfaces the file currently being transferred and overall percentage so the
  576 |  * standalone Upload Details screen is no longer required for at-a-glance status.
  577 |  */
  578 | @Composable
  579 | private fun ActiveUploadCard(state: UploadDetailsUiState, modifier: Modifier = Modifier) {
  580 |     val isVerifying = state.phase == CloudUploadWorker.PHASE_VERIFYING
  581 |     val progressItems = visibleBackupProgressItems(
  582 |         state.phase,
  583 |         state.checkedItems,
  584 |         state.completedItems,
  585 |         state.failedItems
  586 |     )
  587 |     val progress = if (state.totalItems > 0)
  588 |         progressItems.toFloat() / state.totalItems else 0f
  589 |     val percent = (progress * 100f).roundToInt()
  590 | 
  591 |     Column(
  592 |         modifier = modifier
  593 |             .fillMaxWidth()
  594 |             .clip(RoundedCornerShape(24.dp))
  595 |             .background(MaterialTheme.colorScheme.primaryContainer)
  596 |             .animateContentSize()","import androidx.compose.animation.AnimatedVisibility
import androidx.compose.animation.animateContentSize
import androidx.compose.animation.core.animateFloatAsState
import androidx.compose.animation.core.tween
import androidx.compose.foundation.background
import androidx.compose.foundation.layout.Arrangement
import androidx.compose.foundation.layout.Box
import androidx.compose.foundation.layout.Column
import androidx.compose.foundation.layout.PaddingValues
import androidx.compose.foundation.layout.Row
import androidx.compose.foundation.layout.Spacer
import androidx.compose.foundation.layout.calculateEndPadding
import androidx.compose.foundation.layout.calculateStartPadding
import androidx.compose.foundation.layout.fillMaxSize
import androidx.compose.foundation.layout.fillMaxWidth
import androidx.compose.foundation.layout.height
import androidx.compose.foundation.layout.padding
import androidx.compose.foundation.layout.size
import androidx.compose.foundation.layout.width
import androidx.compose.foundation.lazy.LazyColumn
import androidx.compose.foundation.lazy.itemsIndexed
import androidx.compose.foundation.shape.CircleShape
import androidx.compose.foundation.shape.RoundedCornerShape
import androidx.compose.material.icons.Icons
import androidx.compose.material.icons.outlined.AccountTree
import androidx.compose.material.icons.outlined.Add
import androidx.compose.material.icons.outlined.CloudOff
import androidx.compose.material.icons.outlined.CloudUpload
import androidx.compose.material.icons.outlined.Folder
import androidx.compose.material.icons.outlined.Refresh
import androidx.compose.material.icons.outlined.SdStorage
import androidx.compose.material.icons.outlined.Settings
import androidx.compose.material.icons.outlined.Sync
import androidx.compose.material.icons.outlined.Tune
import androidx.compose.material3.Button
import androidx.compose.material3.ButtonDefaults
import androidx.compose.material3.CircularProgressIndicator
import androidx.compose.material3.ExperimentalMaterial3Api
import androidx.compose.material3.FilledTonalIconButton
import androidx.compose.material3.Icon
import androidx.compose.material3.IconButton
import androidx.compose.material3.LargeTopAppBar
import androidx.compose.material3.LinearProgressIndicator
import androidx.compose.material3.MaterialTheme
import androidx.compose.material3.Scaffold
import androidx.compose.material3.Switch
import androidx.compose.material3.Text
import androidx.compose.material3.TopAppBarDefaults
import androidx.compose.material3.rememberTopAppBarState
import androidx.compose.runtime.Composable
import androidx.compose.runtime.getValue
import androidx.compose.runtime.remember
import androidx.compose.ui.Alignment
import androidx.compose.ui.Modifier
import androidx.compose.ui.draw.clip
import androidx.compose.ui.geometry.CornerRadius
import androidx.compose.ui.geometry.Offset
import androidx.compose.ui.geometry.Size
import androidx.compose.ui.graphics.Color
import androidx.compose.ui.graphics.vector.ImageVector
import androidx.compose.ui.input.nestedscroll.nestedScroll
import androidx.compose.ui.platform.LocalLayoutDirection
import androidx.compose.ui.res.stringResource
import androidx.compose.ui.text.font.FontWeight
import androidx.compose.ui.text.style.TextOverflow
import androidx.compose.ui.unit.dp
import androidx.compose.foundation.Canvas
import androidx.hilt.lifecycle.viewmodel.compose.hiltViewModel
import androidx.lifecycle.compose.collectAsStateWithLifecycle
import com.dot.gallery.R
import com.dot.gallery.cloud.core.ConnectionState
import com.dot.gallery.cloud.sync.CloudUploadWorker
import com.dot.gallery.cloud.ui.descriptor.ProviderBrandIcon
import com.dot.gallery.cloud.ui.sync.SyncStatusViewModel
import com.dot.gallery.core.Position
import com.dot.gallery.core.SettingsEntity
import com.dot.gallery.core.presentation.components.NavigationBackButton
import com.dot.gallery.feature_node.presentation.settings.components.SettingsItem
import com.dot.gallery.feature_node.presentation.util.LocalHazeState
import dev.chrisbanes.haze.LocalHazeStyle
import dev.chrisbanes.haze.hazeEffect
import kotlin.math.roundToInt",,ISSUE,text_truncation_scaling,,
r0024,chvp__NanoLedger,CodeField,393,"label = { Text(stringResource(R.string.code), maxLines = 1, overflow = TextOverflow.Ellipsis) },","  381 | 
  382 | @Composable
  383 | fun CodeField(
  384 |     viewModel: TransactionFormViewModel,
  385 |     modifier: Modifier = Modifier,
  386 | ) {
  387 |     val code by viewModel.code.observeAsState()
  388 |     if (code != null) {
  389 |         OutlinedTextField(
  390 |             (code ?: """"),
  391 |             { viewModel.setCode(it) },
  392 |             modifier,
  393 |             label = { Text(stringResource(R.string.code), maxLines = 1, overflow = TextOverflow.Ellipsis) },
  394 |         )
  395 |     }
  396 | }
  397 | 
  398 | @Composable
  399 | fun PayeeSelector(
  400 |     viewModel: TransactionFormViewModel,
  401 |     modifier: Modifier = Modifier,
  402 | ) {
  403 |     val payee by viewModel.payee.observeAsState()
  404 |     val options by viewModel.possiblePayees.observeAsState()
  405 |     if (payee != null) {
  406 |         OutlinedLooseDropdown(
  407 |             options ?: emptyList(),
  408 |             payee ?: """",
  409 |             { viewModel.setPayee(it) },
  410 |             modifier,
  411 |         ) { Text(stringResource(R.string.payee), maxLines = 1, overflow = TextOverflow.Ellipsis) }
  412 |     }
  413 | }
  414 | 
  415 | @Composable
  416 | fun NoteSelector(
  417 |     viewModel: TransactionFormViewModel,
  418 |     modifier: Modifier = Modifier,
  419 | ) {
  420 |     val note by viewModel.note.observeAsState()
  421 |     val options by viewModel.possibleNotes.observeAsState()
  422 |     if (note != null) {
  423 |         OutlinedLooseDropdown(
  424 |             options ?: emptyList(),
  425 |             note ?: """",
  426 |             { viewModel.setNote(it) },
  427 |             modifier,
  428 |         ) { Text(stringResource(R.string.note), maxLines = 1, overflow = TextOverflow.Ellipsis) }
  429 |     }
  430 | }
  431 | 
  432 | @Composable
  433 | fun PostingRow(","import android.content.ClipData
import android.content.ClipboardManager
import android.content.Context
import android.util.Log
import android.widget.Toast
import androidx.compose.foundation.layout.Arrangement
import androidx.compose.foundation.layout.Box
import androidx.compose.foundation.layout.Column
import androidx.compose.foundation.layout.FlowRow
import androidx.compose.foundation.layout.PaddingValues
import androidx.compose.foundation.layout.Row
import androidx.compose.foundation.layout.fillMaxSize
import androidx.compose.foundation.layout.fillMaxWidth
import androidx.compose.foundation.layout.height
import androidx.compose.foundation.layout.padding
import androidx.compose.foundation.layout.width
import androidx.compose.foundation.rememberScrollState
import androidx.compose.foundation.text.KeyboardOptions
import androidx.compose.foundation.verticalScroll
import androidx.compose.material.icons.Icons
import androidx.compose.material.icons.filled.EditNote
import androidx.compose.material.icons.filled.RemoveCircleOutline
import androidx.compose.material3.AlertDialog
import androidx.compose.material3.DatePicker
import androidx.compose.material3.DatePickerDialog
import androidx.compose.material3.DropdownMenu
import androidx.compose.material3.DropdownMenuItem
import androidx.compose.material3.ExposedDropdownMenuAnchorType
import androidx.compose.material3.ExposedDropdownMenuBox
import androidx.compose.material3.ExposedDropdownMenuDefaults
import androidx.compose.material3.HorizontalDivider
import androidx.compose.material3.Icon
import androidx.compose.material3.IconButton
import androidx.compose.material3.LocalTextStyle
import androidx.compose.material3.MaterialTheme
import androidx.compose.material3.OutlinedTextField
import androidx.compose.material3.SnackbarDuration
import androidx.compose.material3.SnackbarHostState
import androidx.compose.material3.SnackbarResult
import androidx.compose.material3.Text
import androidx.compose.material3.TextButton
import androidx.compose.material3.rememberDatePickerState
import androidx.compose.runtime.Composable
import androidx.compose.runtime.LaunchedEffect
import androidx.compose.runtime.getValue
import androidx.compose.runtime.livedata.observeAsState
import androidx.compose.runtime.mutableStateOf
import androidx.compose.runtime.remember
import androidx.compose.runtime.rememberCoroutineScope
import androidx.compose.runtime.saveable.rememberSaveable
import androidx.compose.runtime.setValue
import androidx.compose.ui.Alignment
import androidx.compose.ui.Modifier
import androidx.compose.ui.focus.onFocusChanged
import androidx.compose.ui.platform.LocalContext
import androidx.compose.ui.platform.LocalDensity
import androidx.compose.ui.platform.LocalFocusManager
import androidx.compose.ui.res.stringResource
import androidx.compose.ui.text.input.KeyboardType
import androidx.compose.ui.text.style.TextAlign
import androidx.compose.ui.text.style.TextOverflow
import androidx.compose.ui.unit.Dp
import androidx.compose.ui.unit.dp
import androidx.compose.ui.unit.sp
import be.chvp.nanoledger.R
import be.chvp.nanoledger.data.CostType
import be.chvp.nanoledger.data.Posting
import kotlinx.coroutines.launch",,ISSUE,text_truncation_scaling,,
r0025,zhishengplus__ZhishengWeather,StatusLine,1157,Text(," 1145 | @Composable
 1146 | private fun StatusLine(city: com.zhisheng.weather.model.City?, data: WeatherData, staleAgeMillis: Long?) {
 1147 |     val coord = city?.let { Fmt.coordinates(it.latitude, it.longitude) } ?: ""----""
 1148 |     // 离线缓存兜底时标注缓存年龄（<10 分钟不打扰，只给正常更新时间）
 1149 |     val updText = if (staleAgeMillis != null && staleAgeMillis >= 10 * 60_000L) {
 1150 |         ""UPD ${staleAgeMillis / 60_000L}分钟前 · 缓存""
 1151 |     } else {
 1152 |         ""UPD ${data.updateTime?.let { Fmt.stamp(it, data.utcOffsetSeconds) } ?: ""--""}""
 1153 |     }
 1154 |     val srcText = ""SRC ${dataSourceShortLabel(data.dataSource)}${supplementShortLabel(data)}""
 1155 |     Column(modifier = Modifier.fillMaxWidth().padding(start = 20.dp, end = 20.dp, bottom = 2.dp)) {
 1156 |         Row(verticalAlignment = Alignment.CenterVertically) {
 1157 |             Text(
 1158 |                 text = coord,
 1159 |                 style = MaterialTheme.typography.labelSmall,
 1160 |                 color = ZhishengTextTertiary,
 1161 |                 letterSpacing = 1.sp,
 1162 |                 maxLines = 1,
 1163 |                 softWrap = false,
 1164 |             )
 1165 |             Spacer(Modifier.width(8.dp))
 1166 |             Text(
 1167 |                 updText,
 1168 |                 modifier = Modifier.weight(1f),
 1169 |                 style = MaterialTheme.typography.labelSmall,
 1170 |                 color = if (staleAgeMillis != null && staleAgeMillis >= 10 * 60_000L) ZhishengOrange else ZhishengTextTertiary,
 1171 |                 letterSpacing = 1.sp,
 1172 |                 maxLines = 1,
 1173 |                 softWrap = false,
 1174 |                 textAlign = TextAlign.End,
 1175 |                 overflow = TextOverflow.Ellipsis,
 1176 |             )
 1177 |         }
 1178 |         Text(
 1179 |             srcText,
 1180 |             modifier = Modifier.fillMaxWidth(),
 1181 |             style = MaterialTheme.typography.labelSmall,
 1182 |             color = ZhishengTextTertiary,
 1183 |             letterSpacing = 1.sp,
 1184 |             maxLines = 1,
 1185 |             textAlign = TextAlign.End,
 1186 |             overflow = TextOverflow.Ellipsis,
 1187 |         )
 1188 |     }
 1189 | }
 1190 | 
 1191 | // —— Hero：大温度 + 数字滚动 + 大图标 ——
 1192 | @Composable
 1193 | private fun HeroSection(
 1194 |     cur: CurrentWeather,
 1195 |     data: WeatherData,
 1196 |     unit: String,
 1197 |     prefs: com.zhisheng.weather.ui.DisplayPrefs,","import com.zhisheng.weather.ui.Text
import com.zhisheng.weather.i18n.uiText
import androidx.activity.compose.BackHandler
import androidx.compose.animation.AnimatedVisibility
import androidx.compose.animation.Crossfade
import androidx.compose.animation.fadeIn
import androidx.compose.animation.fadeOut
import androidx.compose.animation.scaleIn
import androidx.compose.animation.scaleOut
import androidx.compose.animation.core.Animatable
import androidx.compose.animation.core.FastOutSlowInEasing
import androidx.compose.animation.core.Spring
import androidx.compose.animation.core.animateFloatAsState
import androidx.compose.animation.core.spring
import androidx.compose.animation.core.tween
import androidx.compose.animation.core.LinearEasing
import androidx.compose.animation.core.RepeatMode
import androidx.compose.animation.core.animateFloat
import androidx.compose.animation.core.infiniteRepeatable
import androidx.compose.animation.core.rememberInfiniteTransition
import androidx.compose.foundation.Canvas
import androidx.compose.foundation.Image
import androidx.compose.foundation.background
import androidx.compose.foundation.border
import androidx.compose.foundation.clickable
import androidx.compose.foundation.gestures.detectDragGestures
import androidx.compose.foundation.gestures.detectDragGesturesAfterLongPress
import androidx.compose.foundation.layout.Arrangement
import androidx.compose.foundation.layout.Box
import androidx.compose.foundation.layout.BoxWithConstraints
import androidx.compose.foundation.layout.Column
import androidx.compose.foundation.layout.IntrinsicSize
import androidx.compose.foundation.layout.PaddingValues
import androidx.compose.foundation.layout.Row
import androidx.compose.foundation.layout.Spacer
import androidx.compose.foundation.layout.fillMaxSize
import androidx.compose.foundation.layout.fillMaxHeight
import androidx.compose.foundation.layout.fillMaxWidth
import androidx.compose.foundation.layout.height
import androidx.compose.foundation.layout.heightIn
import androidx.compose.foundation.layout.navigationBarsPadding
import androidx.compose.foundation.layout.offset
import androidx.compose.foundation.layout.padding
import androidx.compose.foundation.layout.size
import androidx.compose.foundation.layout.statusBarsPadding
import androidx.compose.foundation.layout.width
import androidx.compose.foundation.layout.widthIn
import androidx.compose.foundation.horizontalScroll
import androidx.compose.foundation.rememberScrollState
import androidx.compose.foundation.shape.RoundedCornerShape
import androidx.compose.foundation.lazy.LazyColumn
import androidx.compose.foundation.lazy.LazyListState
import androidx.compose.foundation.lazy.LazyRow
import androidx.compose.foundation.lazy.items
import androidx.compose.foundation.lazy.itemsIndexed
import androidx.compose.foundation.lazy.rememberLazyListState
import androidx.compose.material.icons.Icons
import androidx.compose.material.icons.automirrored.filled.ArrowBack
import androidx.compose.material.icons.filled.Add
import androidx.compose.material.icons.filled.Close
import androidx.compose.material.icons.filled.Menu
import androidx.compose.material.icons.filled.Refresh
import androidx.compose.material.icons.filled.Settings
import androidx.compose.material3.DrawerValue
import androidx.compose.material3.ExperimentalMaterial3Api
import androidx.compose.material3.HorizontalDivider
import androidx.compose.material3.Icon
import androidx.compose.material3.IconButton
import androidx.compose.material3.MaterialTheme
import androidx.compose.material3.ModalNavigationDrawer
import androidx.compose.material3.pulltorefresh.PullToRefreshBox
import androidx.compose.material3.rememberDrawerState
import androidx.compose.runtime.Composable
import androidx.compose.runtime.LaunchedEffect
import androidx.compose.runtime.collectAsState
import androidx.compose.runtime.getValue
import androidx.compose.runtime.mutableFloatStateOf
import androidx.compose.runtime.mutableIntStateOf
import androidx.compose.runtime.mutableStateListOf
import androidx.compose.runtime.mutableStateOf
import androidx.compose.runtime.remember
import androidx.compose.runtime.rememberCoroutineScope
import androidx.compose.runtime.saveable.rememberSaveable
import androidx.compose.runtime.setValue
import androidx.compose.ui.Alignment
import androidx.compose.ui.Modifier
import androidx.compose.ui.draw.alpha
import androidx.compose.ui.draw.clip
import androidx.compose.ui.draw.drawBehind
import androidx.compose.ui.draw.drawWithCache
import androidx.compose.ui.draw.drawWithContent
import androidx.compose.ui.draw.rotate
import androidx.compose.ui.geometry.CornerRadius
import androidx.compose.ui.geometry.Offset
import androidx.compose.ui.geometry.Size
import androidx.compose.ui.graphics.Brush
import androidx.compose.ui.graphics.Color
import androidx.compose.ui.graphics.CompositingStrategy
import androidx.compose.ui.graphics.GraphicsLayerScope
import androidx.compose.ui.graphics.Path
import androidx.compose.ui.graphics.RectangleShape
import androidx.compose.ui.graphics.Shape
import androidx.compose.ui.graphics.StrokeCap
import androidx.compose.ui.graphics.graphicsLayer
import androidx.compose.ui.graphics.drawscope.Stroke
import androidx.compose.ui.graphics.drawscope.DrawScope
import androidx.compose.ui.hapticfeedback.HapticFeedbackType
import androidx.compose.ui.input.pointer.pointerInput
import androidx.compose.ui.platform.LocalDensity
import androidx.compose.ui.platform.LocalHapticFeedback
import androidx.compose.ui.res.painterResource
import androidx.compose.ui.semantics.Role
import androidx.compose.ui.semantics.contentDescription
import androidx.compose.ui.semantics.semantics
import androidx.compose.ui.text.font.FontWeight
import androidx.compose.ui.text.style.TextAlign
import androidx.compose.ui.text.style.TextOverflow
import androidx.compose.ui.unit.dp
import androidx.compose.ui.unit.sp
import androidx.compose.ui.zIndex
import com.zhisheng.weather.model.AlertInfo
import com.zhisheng.weather.model.AqiInfo
import com.zhisheng.weather.model.BriefingEmote
import com.zhisheng.weather.model.BriefingKind
import com.zhisheng.weather.model.CurrentWeather
import com.zhisheng.weather.model.DailyWeather
import com.zhisheng.weather.model.HourlyWeather
import com.zhisheng.weather.model.Nowcast
import com.zhisheng.weather.model.HeroTemps
import com.zhisheng.weather.model.phaseAwareCondition
import com.zhisheng.weather.model.TyphoonInfo
import com.zhisheng.weather.model.WeatherCondition
import com.zhisheng.weather.model.WeatherConsistency
import com.zhisheng.weather.model.WeatherData
import com.zhisheng.weather.model.YesterdayInfo
import com.zhisheng.weather.R
import com.zhisheng.weather.data.HomeModule
import com.zhisheng.weather.data.HomeBriefingStyle
import com.zhisheng.weather.data.DailyForecastLayout
import com.zhisheng.weather.data.LifeIndexMetric
import com.zhisheng.weather.data.TelemetryMetric
import com.zhisheng.weather.ui.Fmt
import com.zhisheng.weather.ui.HomeUiState",,NO_ISSUE,none,,
r0026,UmairKhalid786__ComposeTv,ProductDetailsScreen,111,"contentDescription = ""Product Banner"",","   99 | 
  100 | @Composable
  101 | private fun TVProductDetails(
  102 |     modifier: Modifier = Modifier, details: Details, onPlayClick: () -> Unit
  103 | ) {
  104 |     Box(
  105 |         modifier = modifier.fillMaxSize()
  106 |     ) {
  107 |         val background = MaterialTheme.colorScheme.surface
  108 |         val state = rememberPagerState(pageCount = { 2 })
  109 |         AsyncImage(
  110 |             model = details.background,
  111 |             contentDescription = ""Product Banner"",
  112 |             modifier = Modifier
  113 |                 .fillMaxSize()
  114 |                 .drawWithContent {
  115 |                     drawContent()
  116 |                     drawRect(
  117 |                         brush = Brush.horizontalGradient(
  118 |                             colors = listOf(
  119 |                                 background.copy(alpha = 0.8f), background.copy(alpha = 0.1f)
  120 |                             ), startX = 0.0f, endX = size.width
  121 |                         )
  122 |                     )
  123 |                 }
  124 |                 .align(Alignment.TopCenter),
  125 |             contentScale = ContentScale.Crop)
  126 | 
  127 |         VerticalPager(
  128 |             state = state,
  129 |         ) { page ->
  130 |             when (page) {
  131 |                 0 -> {
  132 |                     key(""content_detail"") {
  133 |                         Box(
  134 |                             modifier = Modifier
  135 |                                 .fillMaxSize(),
  136 |                             contentAlignment = Alignment.BottomCenter
  137 |                         ) {
  138 |                             ContentDetail(
  139 |                                 Modifier
  140 |                                     .fillMaxSize()
  141 |                                     .padding(start = 72.dp, top = 120.dp),
  142 |                                 details = details,
  143 |                                 onPlayClick = onPlayClick
  144 |                             )
  145 | 
  146 |                             ArrowDownButton(
  147 |                                 modifier = Modifier.align(Alignment.Center),
  148 |                                 text = ""More Details"",
  149 |                                 icon = Icons.Default.KeyboardDoubleArrowDown,
  150 |                                 onClick = { }
  151 |                             )","import androidx.activity.compose.BackHandler
import androidx.compose.foundation.Image
import androidx.compose.foundation.background
import androidx.compose.foundation.layout.Arrangement
import androidx.compose.foundation.layout.Box
import androidx.compose.foundation.layout.Column
import androidx.compose.foundation.layout.ColumnScope
import androidx.compose.foundation.layout.PaddingValues
import androidx.compose.foundation.layout.Row
import androidx.compose.foundation.layout.Spacer
import androidx.compose.foundation.layout.fillMaxHeight
import androidx.compose.foundation.layout.fillMaxSize
import androidx.compose.foundation.layout.fillMaxWidth
import androidx.compose.foundation.layout.height
import androidx.compose.foundation.layout.padding
import androidx.compose.foundation.layout.size
import androidx.compose.foundation.layout.width
import androidx.compose.foundation.lazy.LazyRow
import androidx.compose.foundation.lazy.grid.GridCells
import androidx.compose.foundation.lazy.grid.LazyHorizontalGrid
import androidx.compose.foundation.lazy.items
import androidx.compose.foundation.pager.VerticalPager
import androidx.compose.foundation.pager.rememberPagerState
import androidx.compose.material.icons.Icons
import androidx.compose.material.icons.filled.Fastfood
import androidx.compose.material.icons.filled.Feedback
import androidx.compose.material.icons.filled.KeyboardDoubleArrowDown
import androidx.compose.material.icons.filled.KeyboardDoubleArrowUp
import androidx.compose.material.icons.filled.Star
import androidx.compose.runtime.Composable
import androidx.compose.runtime.getValue
import androidx.compose.runtime.key
import androidx.compose.runtime.mutableStateOf
import androidx.compose.runtime.remember
import androidx.compose.runtime.setValue
import androidx.compose.ui.Alignment
import androidx.compose.ui.Modifier
import androidx.compose.ui.draw.drawWithContent
import androidx.compose.ui.graphics.Brush
import androidx.compose.ui.graphics.Color
import androidx.compose.ui.graphics.graphicsLayer
import androidx.compose.ui.layout.ContentScale
import androidx.compose.ui.layout.onGloballyPositioned
import androidx.compose.ui.platform.LocalDensity
import androidx.compose.ui.res.painterResource
import androidx.compose.ui.res.stringResource
import androidx.compose.ui.text.font.FontWeight
import androidx.compose.ui.text.style.TextAlign
import androidx.compose.ui.tooling.preview.Devices
import androidx.compose.ui.tooling.preview.Preview
import androidx.compose.ui.unit.dp
import androidx.lifecycle.compose.collectAsStateWithLifecycle
import androidx.tv.material3.Card
import androidx.tv.material3.CardDefaults
import androidx.tv.material3.Glow
import androidx.tv.material3.Icon
import androidx.tv.material3.MaterialTheme
import androidx.tv.material3.Text
import coil.compose.AsyncImage
import com.techlads.composetv.R
import com.techlads.composetv.features.cast.PersonCard
import com.techlads.composetv.features.details.ProductDetailsState.Success
import com.techlads.composetv.theme.ComposeTvTheme
import com.techlads.uicomponents.widgets.TvButton",,ISSUE,decorative_mislabeled,,
r0027,christianrowlands__android-network-survey,ZoomControls,1460,.size(40.dp)," 1434 | fun ZoomControls(
 1435 |     onZoomIn: () -> Unit,
 1436 |     onZoomOut: () -> Unit,
 1437 |     modifier: Modifier = Modifier
 1438 | ) {
 1439 |     Surface(
 1440 |         modifier = modifier,
 1441 |         color = MaterialTheme.colorScheme.surface.copy(alpha = 0.85f),
 1442 |         shape = CircleShape,
 1443 |         shadowElevation = 6.dp
 1444 |     ) {
 1445 |         Column(
 1446 |             modifier = Modifier.padding(4.dp),
 1447 |             verticalArrangement = Arrangement.spacedBy(4.dp)
 1448 |         ) {
 1449 |             // Zoom in button
 1450 |             val zoomInInteractionSource = remember { MutableInteractionSource() }
 1451 |             val zoomInPressed by zoomInInteractionSource.collectIsPressedAsState()
 1452 |             val zoomInScale by animateFloatAsState(
 1453 |                 targetValue = if (zoomInPressed) 0.90f else 1f,
 1454 |                 label = ""zoom_in_scale""
 1455 |             )
 1456 | 
 1457 |             FloatingActionButton(
 1458 |                 onClick = onZoomIn,
 1459 |                 modifier = Modifier
 1460 |                     .size(40.dp)
 1461 |                     .scale(zoomInScale),
 1462 |                 containerColor = MaterialTheme.colorScheme.surface.copy(alpha = 0.95f),
 1463 |                 contentColor = MaterialTheme.colorScheme.onSurface,
 1464 |                 shape = CircleShape,
 1465 |                 elevation = FloatingActionButtonDefaults.elevation(
 1466 |                     defaultElevation = 0.dp,
 1467 |                     pressedElevation = 2.dp,
 1468 |                     hoveredElevation = 1.dp
 1469 |                 ),
 1470 |                 interactionSource = zoomInInteractionSource
 1471 |             ) {
 1472 |                 Text(
 1473 |                     text = ""+"",
 1474 |                     fontSize = 20.nonScaledSp,
 1475 |                     fontWeight = FontWeight.Bold
 1476 |                 )
 1477 |             }
 1478 | 
 1479 |             // Zoom out button
 1480 |             val zoomOutInteractionSource = remember { MutableInteractionSource() }
 1481 |             val zoomOutPressed by zoomOutInteractionSource.collectIsPressedAsState()
 1482 |             val zoomOutScale by animateFloatAsState(
 1483 |                 targetValue = if (zoomOutPressed) 0.90f else 1f,
 1484 |                 label = ""zoom_out_scale""
 1485 |             )
 1486 | 
 1487 |             FloatingActionButton(
 1488 |                 onClick = onZoomOut,
 1489 |                 modifier = Modifier
 1490 |                     .size(40.dp)
 1491 |                     .scale(zoomOutScale),
 1492 |                 containerColor = MaterialTheme.colorScheme.surface.copy(alpha = 0.95f),
 1493 |                 contentColor = MaterialTheme.colorScheme.onSurface,
 1494 |                 shape = CircleShape,
 1495 |                 elevation = FloatingActionButtonDefaults.elevation(
 1496 |                     defaultElevation = 0.dp,
 1497 |                     pressedElevation = 2.dp,
 1498 |                     hoveredElevation = 1.dp
 1499 |                 ),
 1500 |                 interactionSource = zoomOutInteractionSource","import android.widget.Toast
import androidx.compose.animation.core.animateFloatAsState
import androidx.compose.foundation.background
import androidx.compose.foundation.interaction.MutableInteractionSource
import androidx.compose.foundation.interaction.collectIsPressedAsState
import androidx.compose.foundation.layout.Arrangement
import androidx.compose.foundation.layout.Box
import androidx.compose.foundation.layout.Column
import androidx.compose.foundation.layout.Row
import androidx.compose.foundation.layout.Spacer
import androidx.compose.foundation.layout.fillMaxSize
import androidx.compose.foundation.layout.fillMaxWidth
import androidx.compose.foundation.layout.height
import androidx.compose.foundation.layout.offset
import androidx.compose.foundation.layout.padding
import androidx.compose.foundation.layout.size
import androidx.compose.foundation.layout.width
import androidx.compose.foundation.layout.wrapContentWidth
import androidx.compose.foundation.rememberScrollState
import androidx.compose.foundation.selection.selectable
import androidx.compose.foundation.shape.CircleShape
import androidx.compose.foundation.text.KeyboardActions
import androidx.compose.foundation.text.KeyboardOptions
import androidx.compose.foundation.text.selection.SelectionContainer
import androidx.compose.foundation.verticalScroll
import androidx.compose.material.icons.Icons
import androidx.compose.material.icons.automirrored.filled.ArrowBack
import androidx.compose.material.icons.filled.Clear
import androidx.compose.material.icons.filled.Search
import androidx.compose.material3.AlertDialog
import androidx.compose.material3.Button
import androidx.compose.material3.ButtonDefaults
import androidx.compose.material3.Checkbox
import androidx.compose.material3.CircularProgressIndicator
import androidx.compose.material3.DropdownMenu
import androidx.compose.material3.DropdownMenuItem
import androidx.compose.material3.ExperimentalMaterial3Api
import androidx.compose.material3.ExposedDropdownMenuAnchorType
import androidx.compose.material3.ExposedDropdownMenuBox
import androidx.compose.material3.ExposedDropdownMenuDefaults
import androidx.compose.material3.FloatingActionButton
import androidx.compose.material3.FloatingActionButtonDefaults
import androidx.compose.material3.Icon
import androidx.compose.material3.IconButton
import androidx.compose.material3.MaterialTheme
import androidx.compose.material3.ModalBottomSheet
import androidx.compose.material3.OutlinedButton
import androidx.compose.material3.OutlinedTextField
import androidx.compose.material3.RadioButton
import androidx.compose.material3.Surface
import androidx.compose.material3.Text
import androidx.compose.material3.TextButton
import androidx.compose.material3.rememberModalBottomSheetState
import androidx.compose.runtime.Composable
import androidx.compose.runtime.DisposableEffect
import androidx.compose.runtime.LaunchedEffect
import androidx.compose.runtime.collectAsState
import androidx.compose.runtime.getValue
import androidx.compose.runtime.mutableIntStateOf
import androidx.compose.runtime.mutableStateOf
import androidx.compose.runtime.remember
import androidx.compose.runtime.setValue
import androidx.compose.ui.Alignment
import androidx.compose.ui.ExperimentalComposeUiApi
import androidx.compose.ui.Modifier
import androidx.compose.ui.draw.scale
import androidx.compose.ui.focus.FocusDirection
import androidx.compose.ui.graphics.Color
import androidx.compose.ui.graphics.vector.ImageVector
import androidx.compose.ui.platform.LocalContext
import androidx.compose.ui.platform.LocalFocusManager
import androidx.compose.ui.platform.LocalSoftwareKeyboardController
import androidx.compose.ui.platform.LocalView
import androidx.compose.ui.res.colorResource
import androidx.compose.ui.res.painterResource
import androidx.compose.ui.res.stringResource
import androidx.compose.ui.text.font.FontWeight
import androidx.compose.ui.text.input.ImeAction
import androidx.compose.ui.text.input.KeyboardType
import androidx.compose.ui.text.style.TextAlign
import androidx.compose.ui.unit.Dp
import androidx.compose.ui.unit.dp
import androidx.core.content.edit
import androidx.lifecycle.compose.collectAsStateWithLifecycle
import androidx.lifecycle.viewmodel.compose.viewModel
import androidx.preference.PreferenceManager
import com.craxiom.messaging.CdmaRecord
import com.craxiom.messaging.GsmRecord
import com.craxiom.messaging.LteRecord
import com.craxiom.messaging.NrRecord
import com.craxiom.messaging.UmtsRecord
import com.craxiom.networksurvey.BuildConfig
import com.craxiom.networksurvey.R
import com.craxiom.networksurvey.constants.NetworkSurveyConstants
import com.craxiom.networksurvey.model.CellularProtocol
import com.craxiom.networksurvey.model.Plmn
import com.craxiom.networksurvey.ui.activesurvey.model.SurveyTrack
import com.craxiom.networksurvey.ui.cellular.model.INITIAL_ZOOM
import com.craxiom.networksurvey.ui.cellular.model.MINIMUM_LOCATION_ZOOM
import com.craxiom.networksurvey.ui.cellular.model.MapTileSource
import com.craxiom.networksurvey.ui.cellular.model.ServingCellInfo
import com.craxiom.networksurvey.ui.cellular.model.ServingSignalInfo
import com.craxiom.networksurvey.ui.cellular.model.TowerMapLibreViewModel
import com.craxiom.networksurvey.ui.cellular.model.TowerSource
import com.craxiom.networksurvey.ui.cellular.towermap.CameraMode
import com.craxiom.networksurvey.ui.cellular.towermap.Circle
import com.craxiom.networksurvey.ui.cellular.towermap.DefaultMapLocationSettings
import com.craxiom.networksurvey.ui.cellular.towermap.DistanceSymbol
import com.craxiom.networksurvey.ui.cellular.towermap.KEY_SEARCH_TOWER_ICON
import com.craxiom.networksurvey.ui.cellular.towermap.KEY_SERVING_CELL_ICON
import com.craxiom.networksurvey.ui.cellular.towermap.KEY_TOWER_ICON
import com.craxiom.networksurvey.ui.cellular.towermap.LineString
import com.craxiom.networksurvey.ui.cellular.towermap.MapLibreMap
import com.craxiom.networksurvey.ui.cellular.towermap.MapUiSettings
import com.craxiom.networksurvey.ui.cellular.towermap.OperatorCountBadge
import com.craxiom.networksurvey.ui.cellular.towermap.SearchResultSymbols
import com.craxiom.networksurvey.ui.cellular.towermap.TowerBottomSheet
import com.craxiom.networksurvey.ui.cellular.towermap.TowerCountBadge
import com.craxiom.networksurvey.ui.cellular.towermap.TowerSheetState
import com.craxiom.networksurvey.ui.cellular.towermap.TowerSymbols
import com.craxiom.networksurvey.ui.cellular.towermap.rememberCameraPositionState
import com.craxiom.networksurvey.ui.cellular.towermap.rememberCircleState
import com.craxiom.networksurvey.ui.cellular.towermap.rememberLineStringState
import com.craxiom.networksurvey.util.CellularUtils
import com.craxiom.networksurvey.util.PreferenceUtils
import okhttp3.internal.toImmutableMap
import org.maplibre.android.camera.CameraPosition
import org.maplibre.android.geometry.LatLng
import timber.log.Timber",,HANDLED,none,,
r0028,Dking08__croc-app,CompactHistoryCard,323,.size(40.dp),"  311 |             }
  312 |         }
  313 |     ) {
  314 |         Row(
  315 |             modifier = Modifier
  316 |                 .fillMaxWidth()
  317 |                 .padding(horizontal = 14.dp, vertical = 12.dp),
  318 |             verticalAlignment = Alignment.CenterVertically
  319 |         ) {
  320 |             // Direction icon with tinted background
  321 |             Box(
  322 |                 modifier = Modifier
  323 |                     .size(40.dp)
  324 |                     .clip(CircleShape)
  325 |                     .background(
  326 |                         when {
  327 |                             transfer.isStored && transfer.type == TransferType.RECEIVE -> MaterialTheme.colorScheme.secondaryContainer.copy(alpha = 0.7f)
  328 |                             transfer.isStored -> MaterialTheme.colorScheme.primaryContainer.copy(alpha = 0.7f)
  329 |                             transfer.type == TransferType.SEND -> MaterialTheme.colorScheme.primaryContainer.copy(alpha = 0.6f)
  330 |                             else -> MaterialTheme.colorScheme.tertiaryContainer.copy(alpha = 0.6f)
  331 |                         }
  332 |                     ),
  333 |                 contentAlignment = Alignment.Center
  334 |             ) {
  335 |                 Icon(
  336 |                     imageVector = when {
  337 |                         transfer.isStored && transfer.type == TransferType.RECEIVE -> Icons.Rounded.CloudDownload
  338 |                         transfer.isStored -> Icons.Rounded.CloudUpload
  339 |                         transfer.type == TransferType.SEND -> Icons.Rounded.Upload
  340 |                         else -> Icons.Rounded.Download
  341 |                     },
  342 |                     contentDescription = null,
  343 |                     tint = when {
  344 |                         transfer.isStored && transfer.type == TransferType.RECEIVE -> MaterialTheme.colorScheme.secondary
  345 |                         transfer.isStored -> MaterialTheme.colorScheme.primary
  346 |                         transfer.type == TransferType.SEND -> MaterialTheme.colorScheme.primary
  347 |                         else -> MaterialTheme.colorScheme.tertiary
  348 |                     },
  349 |                     modifier = Modifier.size(20.dp)
  350 |                 )
  351 |             }
  352 | 
  353 |             Spacer(modifier = Modifier.width(12.dp))
  354 | 
  355 |             // 2-line info
  356 |             Column(modifier = Modifier.weight(1f)) {
  357 |                 Row(
  358 |                     verticalAlignment = Alignment.CenterVertically,
  359 |                     horizontalArrangement = Arrangement.spacedBy(6.dp)
  360 |                 ) {
  361 |                     Text(
  362 |                         text = transfer.fileName,
  363 |                         style = MaterialTheme.typography.bodyMedium,","import android.content.Intent
import androidx.compose.animation.animateContentSize
import androidx.compose.foundation.background
import androidx.compose.foundation.layout.Arrangement
import androidx.compose.foundation.layout.Box
import androidx.compose.foundation.layout.Column
import androidx.compose.foundation.layout.ExperimentalLayoutApi
import androidx.compose.foundation.layout.FlowRow
import androidx.compose.foundation.layout.Row
import androidx.compose.foundation.layout.Spacer
import androidx.compose.foundation.layout.fillMaxSize
import androidx.compose.foundation.layout.fillMaxWidth
import androidx.compose.foundation.layout.height
import androidx.compose.foundation.layout.padding
import androidx.compose.foundation.layout.size
import androidx.compose.foundation.layout.width
import androidx.compose.foundation.lazy.LazyColumn
import androidx.compose.foundation.lazy.items
import androidx.compose.foundation.shape.CircleShape
import androidx.compose.material.icons.Icons
import androidx.compose.material.icons.outlined.Star
import androidx.compose.material.icons.rounded.ArrowBack
import androidx.compose.material.icons.rounded.Block
import androidx.compose.material.icons.rounded.Close
import androidx.compose.material.icons.rounded.CloudDone
import androidx.compose.material.icons.rounded.CloudDownload
import androidx.compose.material.icons.rounded.CloudUpload
import androidx.compose.material.icons.rounded.ContentCopy
import androidx.compose.material.icons.rounded.Delete
import androidx.compose.material.icons.rounded.Download
import androidx.compose.material.icons.rounded.FolderOpen
import androidx.compose.material.icons.rounded.History
import androidx.compose.material.icons.rounded.MoreVert
import androidx.compose.material.icons.rounded.QrCode2
import androidx.compose.material.icons.rounded.Search
import androidx.compose.material.icons.rounded.Share
import androidx.compose.material.icons.rounded.Star
import androidx.compose.material.icons.rounded.Upload
import androidx.compose.material3.AlertDialog
import androidx.compose.material3.AssistChip
import androidx.compose.material3.AssistChipDefaults
import androidx.compose.material3.Button
import androidx.compose.material3.ButtonDefaults
import androidx.compose.material3.Card
import androidx.compose.material3.CardDefaults
import androidx.compose.material3.DropdownMenu
import androidx.compose.material3.DropdownMenuItem
import androidx.compose.material3.ExperimentalMaterial3Api
import androidx.compose.material3.FilterChip
import androidx.compose.material3.Icon
import androidx.compose.material3.IconButton
import androidx.compose.material3.MaterialTheme
import androidx.compose.material3.OutlinedTextField
import androidx.compose.material3.Scaffold
import androidx.compose.material3.Text
import androidx.compose.material3.TextButton
import androidx.compose.material3.TopAppBar
import androidx.compose.material3.TopAppBarDefaults
import androidx.compose.runtime.Composable
import androidx.compose.runtime.getValue
import androidx.compose.runtime.mutableStateOf
import androidx.compose.runtime.remember
import androidx.compose.runtime.setValue
import androidx.compose.ui.Alignment
import androidx.compose.ui.Modifier
import androidx.compose.ui.draw.clip
import androidx.compose.ui.platform.LocalClipboardManager
import androidx.compose.ui.platform.LocalContext
import androidx.compose.ui.res.stringResource
import androidx.compose.ui.text.AnnotatedString
import androidx.compose.ui.text.font.FontWeight
import androidx.compose.ui.text.style.TextOverflow
import androidx.compose.ui.unit.dp
import androidx.lifecycle.compose.collectAsStateWithLifecycle
import androidx.lifecycle.viewmodel.compose.viewModel
import com.dking.crocapp.R
import com.dking.crocapp.data.db.TransferHistory
import com.dking.crocapp.data.db.TransferType
import com.dking.crocapp.ui.components.EmptyState
import com.dking.crocapp.ui.components.QrCodeExpandedDialog
import com.dking.crocapp.ui.components.QrCodeImage
import com.dking.crocapp.ui.components.formatBytes
import com.dking.crocapp.ui.receive.openHistoryTransfer
import java.text.SimpleDateFormat
import java.util.Date
import java.util.Locale",,NO_ISSUE,none,,
r0029,iOrchid__android-jetpack-demo,Button_Screen,81,Row(,"   69 | /**
   70 |  * 演示compose的Material3的Button按钮的使用，compose自身UI的库里面的button也是类似的
   71 |  */
   72 | @Composable
   73 | internal fun Button_Screen(modifier: Modifier = Modifier) {
   74 | 
   75 |     LazyColumn(modifier.fillMaxSize()) {
   76 | 
   77 |         item {
   78 |             Title_Text(title = ""Button"")
   79 |             //1、普通的常规属性
   80 |             Title_Desc_Text(desc = ""1、button 常用属性如圆角，禁用，图标，背景色阴影边框等"")
   81 |             Row(
   82 |                 Modifier
   83 |                     .fillMaxWidth()
   84 |                     .padding(5.dp), horizontalArrangement = Arrangement.SpaceEvenly
   85 |             ) {
   86 |                 Button(onClick = {/*点击事件是在这里处理*/ }) {
   87 |                     //Compose中Button也是个容器内部可以是文本，icon或者image都行，或者其他compose的
   88 |                     Text(text = ""Button"")
   89 |                 }
   90 |                 TextButton(onClick = { }) {
   91 |                     Text(text = ""TextButton"")
   92 |                 }
   93 |                 OutlinedButton(onClick = { }) {
   94 |                     Text(text = ""OutlinedButton"")
   95 |                 }
   96 |             }
   97 |             //按钮被禁用，enable=false的时候，默认的效果样式
   98 |             Row(
   99 |                 Modifier
  100 |                     .fillMaxWidth()
  101 |                     .padding(5.dp), horizontalArrangement = Arrangement.SpaceEvenly
  102 |             ) {
  103 |                 Button(onClick = {}, enabled = false) {
  104 |                     //Compose中Button也是个容器内部可以是文本，icon或者image都行，或者其他compose的
  105 |                     Text(text = ""Button"")
  106 |                 }
  107 |                 TextButton(onClick = { }, enabled = false) {
  108 |                     Text(text = ""TextButton"")
  109 |                 }
  110 |                 OutlinedButton(onClick = { }, enabled = false) {
  111 |                     Text(text = ""OutlinedButton"")
  112 |                 }
  113 |             }
  114 |             //shape属性
  115 |             Row(
  116 |                 Modifier
  117 |                     .fillMaxWidth()
  118 |                     .padding(5.dp), horizontalArrangement = Arrangement.SpaceEvenly
  119 |             ) {
  120 |                 Button(onClick = {}, shape = RectangleShape) {
  121 |                     //Compose中Button也是个容器内部可以是文本，icon或者image都行，或者其他compose的","import android.widget.Toast
import androidx.compose.animation.animateColorAsState
import androidx.compose.animation.core.tween
import androidx.compose.foundation.BorderStroke
import androidx.compose.foundation.background
import androidx.compose.foundation.clickable
import androidx.compose.foundation.layout.Arrangement
import androidx.compose.foundation.layout.Row
import androidx.compose.foundation.layout.fillMaxSize
import androidx.compose.foundation.layout.fillMaxWidth
import androidx.compose.foundation.layout.padding
import androidx.compose.foundation.layout.size
import androidx.compose.foundation.lazy.LazyColumn
import androidx.compose.foundation.shape.CircleShape
import androidx.compose.foundation.shape.CutCornerShape
import androidx.compose.foundation.shape.RoundedCornerShape
import androidx.compose.material.icons.Icons
import androidx.compose.material.icons.filled.CrueltyFree
import androidx.compose.material.icons.filled.DeviceHub
import androidx.compose.material.icons.filled.Favorite
import androidx.compose.material.icons.filled.FavoriteBorder
import androidx.compose.material.icons.filled.Hub
import androidx.compose.material.icons.rounded.ColorLens
import androidx.compose.material.icons.sharp.BluetoothAudio
import androidx.compose.material.icons.twotone.DeviceHub
import androidx.compose.material3.AssistChip
import androidx.compose.material3.Button
import androidx.compose.material3.ButtonDefaults
import androidx.compose.material3.ElevatedAssistChip
import androidx.compose.material3.ElevatedButton
import androidx.compose.material3.ElevatedFilterChip
import androidx.compose.material3.ElevatedSuggestionChip
import androidx.compose.material3.ExtendedFloatingActionButton
import androidx.compose.material3.FilledIconButton
import androidx.compose.material3.FilledIconToggleButton
import androidx.compose.material3.FilledTonalButton
import androidx.compose.material3.FilterChip
import androidx.compose.material3.FilterChipDefaults
import androidx.compose.material3.FloatingActionButton
import androidx.compose.material3.FloatingActionButtonDefaults
import androidx.compose.material3.Icon
import androidx.compose.material3.IconButton
import androidx.compose.material3.IconToggleButton
import androidx.compose.material3.InputChip
import androidx.compose.material3.OutlinedButton
import androidx.compose.material3.OutlinedIconButton
import androidx.compose.material3.SuggestionChip
import androidx.compose.material3.Text
import androidx.compose.material3.TextButton
import androidx.compose.runtime.Composable
import androidx.compose.runtime.getValue
import androidx.compose.runtime.mutableStateOf
import androidx.compose.runtime.remember
import androidx.compose.runtime.setValue
import androidx.compose.ui.Alignment
import androidx.compose.ui.Modifier
import androidx.compose.ui.graphics.Brush
import androidx.compose.ui.graphics.Color
import androidx.compose.ui.graphics.RectangleShape
import androidx.compose.ui.platform.LocalContext
import androidx.compose.ui.tooling.preview.Preview
import androidx.compose.ui.unit.dp
import androidx.compose.ui.unit.sp
import org.zhiwei.compose.ui.widget.Title_Desc_Text
import org.zhiwei.compose.ui.widget.Title_Text",,NO_ISSUE,none,,
r0030,Chesire__Nekome,Render,121,CircularProgressIndicator(),"   88 | private fun Render(
   89 |     state: State<UIState>,
   90 |     onInputTextChanged: (String) -> Unit,
   91 |     onSearchGroupSelected: (SearchGroup) -> Unit,
   92 |     onSearchPressed: () -> Unit,
   93 |     onSeriesTrack: (ResultModel) -> Unit,
   94 |     onSnackbarShown: () -> Unit
   95 | ) {
   96 |     val snackbarHostState = remember { SnackbarHostState() }
   97 | 
   98 |     Scaffold(
   99 |         snackbarHost = {
  100 |             SnackbarHost(
  101 |                 hostState = snackbarHostState,
  102 |                 modifier = Modifier.semantics { testTag = SearchTags.Snackbar }
  103 |             )
  104 |         },
  105 |         modifier = Modifier.semantics { testTag = SearchTags.Root }
  106 |     ) { paddingValues ->
  107 |         Column(
  108 |             modifier = Modifier
  109 |                 .fillMaxSize()
  110 |                 .padding(paddingValues),
  111 |             horizontalAlignment = Alignment.CenterHorizontally
  112 |         ) {
  113 |             InputText(
  114 |                 state.value.searchText,
  115 |                 state.value.isSearchTextError,
  116 |                 onInputTextChanged,
  117 |                 onSearchPressed
  118 |             )
  119 |             SearchGroup(state.value.searchGroup, onSearchGroupSelected)
  120 |             if (state.value.isSearching) {
  121 |                 CircularProgressIndicator()
  122 |             } else {
  123 |                 SearchButton(state.value.isSearching, onSearchPressed)
  124 |             }
  125 |             Divider(modifier = Modifier.padding(8.dp))
  126 |             SearchResults(state.value.resultModels, onSeriesTrack)
  127 |         }
  128 |     }
  129 | 
  130 |     val snackbar = state.value.errorSnackbar
  131 |     if (snackbar != null) {
  132 |         val message = stringResource(id = snackbar.stringRes, snackbar.formatText)
  133 |         LaunchedEffect(message) {
  134 |             snackbarHostState.showSnackbar(message = message, duration = SnackbarDuration.Short)
  135 |             onSnackbarShown()
  136 |         }
  137 |     }
  138 | }
  139 | 
  140 | @Composable
  141 | private fun InputText(
  142 |     text: String,
  143 |     isError: Boolean,
  144 |     onInputTextChanged: (String) -> Unit,
  145 |     onDonePressed: () -> Unit
  146 | ) {
  147 |     val keyboardController = LocalSoftwareKeyboardController.current
  148 | 
  149 |     OutlinedTextField(
  150 |         value = text,
  151 |         onValueChange = onInputTextChanged,
  152 |         keyboardOptions = KeyboardOptions.Default.copy(
  153 |             keyboardType = KeyboardType.Text,
  154 |             autoCorrect = false
  155 |         ),
  156 |         keyboardActions = KeyboardActions(
  157 |             onDone = {
  158 |                 onDonePressed()
  159 |                 keyboardController?.hide()
  160 |             }
  161 |         ),","import androidx.compose.foundation.border
import androidx.compose.foundation.layout.Arrangement
import androidx.compose.foundation.layout.Box
import androidx.compose.foundation.layout.Column
import androidx.compose.foundation.layout.PaddingValues
import androidx.compose.foundation.layout.Row
import androidx.compose.foundation.layout.Spacer
import androidx.compose.foundation.layout.aspectRatio
import androidx.compose.foundation.layout.fillMaxHeight
import androidx.compose.foundation.layout.fillMaxSize
import androidx.compose.foundation.layout.fillMaxWidth
import androidx.compose.foundation.layout.height
import androidx.compose.foundation.layout.padding
import androidx.compose.foundation.lazy.LazyColumn
import androidx.compose.foundation.lazy.items
import androidx.compose.foundation.shape.CircleShape
import androidx.compose.foundation.text.KeyboardActions
import androidx.compose.foundation.text.KeyboardOptions
import androidx.compose.material.icons.Icons
import androidx.compose.material.icons.filled.Add
import androidx.compose.material.icons.filled.BrokenImage
import androidx.compose.material.icons.filled.CollectionsBookmark
import androidx.compose.material.icons.filled.InsertPhoto
import androidx.compose.material.icons.filled.VideoLibrary
import androidx.compose.material3.Button
import androidx.compose.material3.Card
import androidx.compose.material3.CircularProgressIndicator
import androidx.compose.material3.Divider
import androidx.compose.material3.ExperimentalMaterial3Api
import androidx.compose.material3.FilterChip
import androidx.compose.material3.FilterChipDefaults
import androidx.compose.material3.Icon
import androidx.compose.material3.IconButton
import androidx.compose.material3.LinearProgressIndicator
import androidx.compose.material3.MaterialTheme
import androidx.compose.material3.OutlinedTextField
import androidx.compose.material3.Scaffold
import androidx.compose.material3.SnackbarDuration
import androidx.compose.material3.SnackbarHost
import androidx.compose.material3.SnackbarHostState
import androidx.compose.material3.Text
import androidx.compose.runtime.Composable
import androidx.compose.runtime.LaunchedEffect
import androidx.compose.runtime.State
import androidx.compose.runtime.collectAsState
import androidx.compose.runtime.produceState
import androidx.compose.runtime.remember
import androidx.compose.ui.Alignment
import androidx.compose.ui.ExperimentalComposeUiApi
import androidx.compose.ui.Modifier
import androidx.compose.ui.draw.alpha
import androidx.compose.ui.graphics.vector.rememberVectorPainter
import androidx.compose.ui.layout.ContentScale
import androidx.compose.ui.platform.LocalSoftwareKeyboardController
import androidx.compose.ui.res.stringResource
import androidx.compose.ui.semantics.semantics
import androidx.compose.ui.semantics.testTag
import androidx.compose.ui.text.input.KeyboardType
import androidx.compose.ui.text.style.TextOverflow
import androidx.compose.ui.tooling.preview.Preview
import androidx.compose.ui.unit.dp
import androidx.hilt.navigation.compose.hiltViewModel
import coil.compose.AsyncImage
import com.chesire.nekome.app.search.search.core.model.SearchGroup
import com.chesire.nekome.core.compose.theme.NekomeTheme
import com.chesire.nekome.core.flags.SeriesType
import com.chesire.nekome.resources.StringResource",,NO_ISSUE,none,,
r0031,Waboodoo__HTTP-Shortcuts,SearchBar,200,.clickable(,"  188 |                 text = ""$current/$total"",
  189 |                 maxLines = 1,
  190 |                 fontSize = FontSize.SMALL,
  191 |             )
  192 |         }
  193 | 
  194 |         Row(modifier = Modifier.padding(end = Spacing.SMALL)) {
  195 |             val enabled = results?.second?.let { it > 1 } == true
  196 |             Icon(
  197 |                 painterResource(R.drawable.outline_keyboard_arrow_up_24),
  198 |                 contentDescription = stringResource(R.string.accessibility_search_go_to_previous),
  199 |                 modifier = Modifier
  200 |                     .clickable(
  201 |                         interactionSource = remember { MutableInteractionSource() },
  202 |                         indication = ripple(bounded = false),
  203 |                         enabled = enabled,
  204 |                         onClick = {
  205 |                             onNext(SearchDirection.PREVIOUS)
  206 |                         },
  207 |                     )
  208 |                     .padding(horizontal = Spacing.SMALL)
  209 |                     .runIf(!enabled) {
  210 |                         alpha(0.3f)
  211 |                     },
  212 |             )
  213 |             Icon(
  214 |                 painterResource(R.drawable.outline_keyboard_arrow_down_24),
  215 |                 contentDescription = stringResource(R.string.accessibility_search_go_to_next),
  216 |                 modifier = Modifier
  217 |                     .clickable(
  218 |                         interactionSource = remember { MutableInteractionSource() },
  219 |                         indication = ripple(bounded = false),
  220 |                         enabled = enabled,
  221 |                         onClick = {
  222 |                             onNext(SearchDirection.NEXT)
  223 |                         },
  224 |                     )
  225 |                     .padding(horizontal = Spacing.SMALL)
  226 |                     .runIf(!enabled) {
  227 |                         alpha(0.3f)
  228 |                     },
  229 |             )
  230 |         }
  231 | 
  232 |         LaunchedEffect(Unit) {
  233 |             focusRequester.requestFocus()
  234 |             delay(50.milliseconds)
  235 |             keyboard?.show()
  236 |         }
  237 |     }
  238 | }","import android.net.Uri
import androidx.activity.compose.BackHandler
import androidx.compose.foundation.background
import androidx.compose.foundation.clickable
import androidx.compose.foundation.interaction.MutableInteractionSource
import androidx.compose.foundation.layout.Arrangement
import androidx.compose.foundation.layout.Box
import androidx.compose.foundation.layout.Row
import androidx.compose.foundation.layout.fillMaxWidth
import androidx.compose.foundation.layout.padding
import androidx.compose.foundation.text.KeyboardActions
import androidx.compose.material3.Icon
import androidx.compose.material3.MaterialTheme
import androidx.compose.material3.Text
import androidx.compose.material3.TextField
import androidx.compose.material3.TextFieldDefaults
import androidx.compose.material3.ripple
import androidx.compose.runtime.Composable
import androidx.compose.runtime.LaunchedEffect
import androidx.compose.runtime.getValue
import androidx.compose.runtime.mutableStateOf
import androidx.compose.runtime.remember
import androidx.compose.runtime.rememberCoroutineScope
import androidx.compose.runtime.setValue
import androidx.compose.ui.Alignment
import androidx.compose.ui.Modifier
import androidx.compose.ui.draw.alpha
import androidx.compose.ui.draw.shadow
import androidx.compose.ui.focus.FocusRequester
import androidx.compose.ui.focus.focusRequester
import androidx.compose.ui.graphics.Color
import androidx.compose.ui.platform.LocalContext
import androidx.compose.ui.platform.LocalSoftwareKeyboardController
import androidx.compose.ui.res.painterResource
import androidx.compose.ui.res.stringResource
import androidx.compose.ui.unit.dp
import ch.rmy.android.framework.extensions.consume
import ch.rmy.android.http_shortcuts.R
import ch.rmy.android.http_shortcuts.activities.documentation.models.SearchDirection
import ch.rmy.android.http_shortcuts.components.EventHandler
import ch.rmy.android.http_shortcuts.components.FontSize
import ch.rmy.android.http_shortcuts.components.SimpleScaffold
import ch.rmy.android.http_shortcuts.components.Spacing
import ch.rmy.android.http_shortcuts.components.ToolbarIcon
import ch.rmy.android.http_shortcuts.components.bindViewModel
import ch.rmy.android.http_shortcuts.extensions.openURL
import ch.rmy.android.http_shortcuts.extensions.runIf
import kotlin.time.Duration.Companion.milliseconds
import kotlinx.coroutines.delay
import kotlinx.coroutines.flow.MutableSharedFlow
import kotlinx.coroutines.launch",,ISSUE,clickable_icon_not_iconbutton,,
r0032,IacobIonut01__ReFra,PersonGridItem,254,".clickable(onClick = onClick),","  239 | private fun PersonGridItem(
  240 |     person: PersonInfo,
  241 |     onClick: () -> Unit
  242 | ) {
  243 |     Column(
  244 |         horizontalAlignment = Alignment.CenterHorizontally,
  245 |         verticalArrangement = Arrangement.spacedBy(16.dp)
  246 |     ) {
  247 |         if (person.thumbnailUrl != null) {
  248 |             GlideImage(
  249 |                 model = person.thumbnailUrl.toUri(),
  250 |                 contentDescription = person.name,
  251 |                 modifier = Modifier
  252 |                     .size(100.dp)
  253 |                     .clip(CircleShape)
  254 |                     .clickable(onClick = onClick),
  255 |                 contentScale = ContentScale.Crop
  256 |             )
  257 |         } else {
  258 |             Box(
  259 |                 modifier = Modifier
  260 |                     .size(100.dp)
  261 |                     .clip(CircleShape)
  262 |                     .background(MaterialTheme.colorScheme.surfaceVariant)
  263 |                     .clickable(onClick = onClick),
  264 |                 contentAlignment = Alignment.Center
  265 |             ) {
  266 |                 Icon(
  267 |                     Icons.Outlined.Person, null,
  268 |                     modifier = Modifier.size(48.dp),
  269 |                     tint = MaterialTheme.colorScheme.onSurfaceVariant
  270 |                 )
  271 |             }
  272 |         }
  273 |         Text(
  274 |             text = person.name.ifBlank { stringResource(R.string.cloud_people_unknown) },
  275 |             style = MaterialTheme.typography.bodyLarge,
  276 |             textAlign = TextAlign.Center,
  277 |             maxLines = 1,
  278 |             overflow = TextOverflow.Ellipsis
  279 |         )
  280 |     }
  281 | }","import androidx.compose.foundation.background
import androidx.compose.foundation.clickable
import androidx.compose.foundation.layout.Arrangement
import androidx.compose.foundation.layout.Box
import androidx.compose.foundation.layout.Column
import androidx.compose.foundation.layout.PaddingValues
import androidx.compose.foundation.layout.calculateEndPadding
import androidx.compose.foundation.layout.calculateStartPadding
import androidx.compose.foundation.layout.fillMaxSize
import androidx.compose.foundation.layout.fillMaxWidth
import androidx.compose.foundation.layout.padding
import androidx.compose.foundation.layout.size
import androidx.compose.foundation.lazy.grid.GridCells
import androidx.compose.foundation.lazy.grid.GridItemSpan
import androidx.compose.foundation.lazy.grid.LazyVerticalGrid
import androidx.compose.foundation.lazy.grid.items
import androidx.compose.foundation.shape.CircleShape
import androidx.compose.material.icons.Icons
import androidx.compose.material.icons.outlined.Person
import androidx.compose.material.icons.outlined.PersonSearch
import androidx.compose.material3.Button
import androidx.compose.material3.CircularProgressIndicator
import androidx.compose.material3.ExperimentalMaterial3Api
import androidx.compose.material3.Icon
import androidx.compose.material3.IconButton
import androidx.compose.material3.LargeTopAppBar
import androidx.compose.material3.MaterialTheme
import androidx.compose.material3.Scaffold
import androidx.compose.material3.Text
import androidx.compose.material3.TopAppBarDefaults
import androidx.compose.material3.rememberTopAppBarState
import androidx.compose.runtime.Composable
import androidx.compose.runtime.getValue
import androidx.compose.ui.Alignment
import androidx.compose.ui.Modifier
import androidx.compose.ui.draw.clip
import androidx.compose.ui.input.nestedscroll.nestedScroll
import androidx.compose.ui.layout.ContentScale
import androidx.compose.ui.platform.LocalLayoutDirection
import androidx.compose.ui.res.stringResource
import androidx.compose.ui.text.style.TextAlign
import androidx.compose.ui.text.style.TextOverflow
import androidx.compose.ui.unit.dp
import androidx.core.net.toUri
import androidx.hilt.lifecycle.viewmodel.compose.hiltViewModel
import androidx.lifecycle.compose.collectAsStateWithLifecycle
import com.bumptech.glide.integration.compose.ExperimentalGlideComposeApi
import com.bumptech.glide.integration.compose.GlideImage
import com.dot.gallery.R
import com.dot.gallery.cloud.core.PersonInfo
import com.dot.gallery.core.SettingsEntity
import com.dot.gallery.core.presentation.components.LoadingMedia
import com.dot.gallery.core.presentation.components.NavigationBackButton
import com.dot.gallery.feature_node.presentation.settings.components.SettingsItem
import com.dot.gallery.feature_node.presentation.util.LocalHazeState
import dev.chrisbanes.haze.LocalHazeStyle
import dev.chrisbanes.haze.hazeEffect",,ISSUE,missing_semantics_role,,
r0033,crome1394__point-forecast,AltitudeChart,515,"color = if (tick == 0f) Color(0xFF90A4AE) else OnSurfaceMuted,","  480 | private fun AltitudeChart(
  481 |     altitudes: List<Float>,
  482 |     pathColor: Color,
  483 |     fillColor: Color,
  484 |     modifier: Modifier = Modifier,
  485 | ) {
  486 |     if (altitudes.size < 2) return
  487 | 
  488 |     val minA = min(-10f, altitudes.minOrNull() ?: -10f)
  489 |     val maxA = max(60f, altitudes.maxOrNull() ?: 60f)
  490 |     val peakAlt = altitudes.maxOrNull() ?: 0f
  491 |     val peakIdx = altitudes.indices.maxByOrNull { altitudes[it] } ?: 12
  492 |     val range = (maxA - minA).coerceAtLeast(1f)
  493 |     // Y ticks: max, horizon (0°) if in range, min
  494 |     val yTicks = buildList {
  495 |         add(maxA)
  496 |         if (minA < -1f && maxA > 5f) add(0f)
  497 |         add(minA)
  498 |     }.distinctBy { (it * 10).toInt() }
  499 | 
  500 |     fun fracFromTop(a: Float): Float = (1f - (a - minA) / range).coerceIn(0f, 1f)
  501 | 
  502 |     Row(modifier = modifier) {
  503 |         // Y-axis: altitude in degrees (aligned to plot scale)
  504 |         BoxWithConstraints(
  505 |             Modifier
  506 |                 .fillMaxHeight()
  507 |                 .padding(end = 4.dp, bottom = 22.dp)
  508 |                 .width(44.dp),
  509 |         ) {
  510 |             val plotH = maxHeight
  511 |             yTicks.forEach { tick ->
  512 |                 val yDp = plotH * fracFromTop(tick)
  513 |                 Text(
  514 |                     text = if (tick == 0f) ""0°"" else ""${tick.toInt()}°"",
  515 |                     color = if (tick == 0f) Color(0xFF90A4AE) else OnSurfaceMuted,
  516 |                     fontSize = 10.sp,
  517 |                     modifier = Modifier
  518 |                         .align(Alignment.TopEnd)
  519 |                         .offset(y = yDp - 7.dp),
  520 |                 )
  521 |             }
  522 |         }
  523 | 
  524 |         Column(Modifier.weight(1f).fillMaxHeight()) {
  525 |             Box(Modifier.weight(1f).fillMaxWidth()) {
  526 |                 Canvas(Modifier.fillMaxSize()) {
  527 |                     val w = size.width
  528 |                     val h = size.height
  529 | 
  530 |                     fun xAt(i: Int): Float = w * i / (altitudes.size - 1).toFloat()
  531 |                     fun yAt(a: Float): Float = h * (1f - (a - minA) / range)
  532 | 
  533 |                     val y0 = yAt(0f)
  534 |                     if (0f in minA..maxA) {
  535 |                         drawLine(
  536 |                             color = Color(0xFF546E7A),
  537 |                             start = Offset(0f, y0),
  538 |                             end = Offset(w, y0),
  539 |                             strokeWidth = 1.5f,
  540 |                         )
  541 |                     }
  542 |                     drawLine(Color(0x22455A64), Offset(0f, 0f), Offset(w, 0f), strokeWidth = 1f)
  543 |                     drawLine(Color(0x22455A64), Offset(0f, h), Offset(w, h), strokeWidth = 1f)
  544 | 
  545 |                     val path = Path()
  546 |                     val fill = Path()
  547 |                     altitudes.forEachIndexed { i, a ->
  548 |                         val x = xAt(i)
  549 |                         val y = yAt(a)
  550 |                         if (i == 0) {
  551 |                             path.moveTo(x, y)
  552 |                             fill.moveTo(x, y0.coerceIn(0f, h))
  553 |                             fill.lineTo(x, y)
  554 |                         } else {
  555 |                             path.lineTo(x, y)","import androidx.compose.animation.AnimatedVisibility
import androidx.compose.foundation.Canvas
import androidx.compose.foundation.background
import androidx.compose.foundation.clickable
import androidx.compose.foundation.horizontalScroll
import androidx.compose.foundation.layout.Arrangement
import androidx.compose.foundation.layout.Column
import androidx.compose.foundation.layout.Row
import androidx.compose.foundation.layout.Spacer
import androidx.compose.foundation.layout.Box
import androidx.compose.foundation.layout.BoxWithConstraints
import androidx.compose.foundation.layout.fillMaxHeight
import androidx.compose.foundation.layout.fillMaxSize
import androidx.compose.foundation.layout.fillMaxWidth
import androidx.compose.foundation.layout.height
import androidx.compose.foundation.layout.offset
import androidx.compose.foundation.layout.padding
import androidx.compose.foundation.layout.size
import androidx.compose.foundation.layout.width
import androidx.compose.foundation.pager.HorizontalPager
import androidx.compose.foundation.pager.PagerDefaults
import androidx.compose.foundation.pager.rememberPagerState
import androidx.compose.foundation.rememberScrollState
import androidx.compose.foundation.shape.RoundedCornerShape
import androidx.compose.foundation.verticalScroll
import androidx.compose.material.icons.Icons
import androidx.compose.material.icons.filled.DarkMode
import androidx.compose.material.icons.filled.ExpandLess
import androidx.compose.material.icons.filled.ExpandMore
import androidx.compose.material.icons.filled.NightsStay
import androidx.compose.material.icons.filled.WbSunny
import androidx.compose.material.icons.filled.WbTwilight
import androidx.compose.material3.Icon
import androidx.compose.material3.MaterialTheme
import androidx.compose.material3.Surface
import androidx.compose.material3.Text
import androidx.compose.runtime.Composable
import androidx.compose.runtime.LaunchedEffect
import androidx.compose.runtime.getValue
import androidx.compose.runtime.mutableStateOf
import androidx.compose.runtime.remember
import androidx.compose.runtime.rememberCoroutineScope
import androidx.compose.runtime.setValue
import androidx.compose.ui.Alignment
import androidx.compose.ui.Modifier
import androidx.compose.ui.geometry.Offset
import androidx.compose.ui.graphics.Brush
import androidx.compose.ui.graphics.Color
import androidx.compose.ui.graphics.Path
import androidx.compose.ui.graphics.StrokeCap
import androidx.compose.ui.graphics.drawscope.Stroke
import androidx.compose.ui.text.font.FontWeight
import androidx.compose.ui.unit.dp
import androidx.compose.ui.unit.sp
import com.crome.forecastpoint.data.EarthquakeService
import com.crome.forecastpoint.data.SavedLocation
import com.crome.forecastpoint.data.SevereWeatherService
import com.crome.forecastpoint.data.SpaceWeatherService
import com.crome.forecastpoint.ui.theme.OnSurfaceMuted
import com.crome.forecastpoint.ui.theme.PrimaryBlue
import com.crome.forecastpoint.ui.theme.SurfaceDark
import com.crome.forecastpoint.util.CelestialCalculator
import com.crome.forecastpoint.util.LocationTimeZone
import java.text.SimpleDateFormat
import java.util.Calendar
import java.util.Locale
import java.util.TimeZone
import kotlin.math.max
import kotlin.math.min
import kotlinx.coroutines.launch",,UNSURE,,,
r0034,iOrchid__android-jetpack-demo,Button_Screen,205,"containerColor = Color(0xFFD2D97A),","  193 |             Row(
  194 |                 Modifier
  195 |                     .fillMaxWidth()
  196 |                     .padding(5.dp), horizontalArrangement = Arrangement.SpaceEvenly
  197 |             ) {
  198 |                 Button(
  199 |                     onClick = {},
  200 |                     //注意使用colors的方式可以多样，ButtonColors构建，
  201 |                     // 或者ButtonDefaults对应按钮colors的copy或者构建
  202 | //                    colors = ButtonDefaults.buttonColors().copy(),
  203 | //                    colors = ButtonDefaults.buttonColors(),
  204 |                     colors = ButtonDefaults.buttonColors(
  205 |                         containerColor = Color(0xFFD2D97A),
  206 |                         contentColor = Color(0xFFFFFFFF),
  207 |                         disabledContainerColor = Color(0xFFD2D97A),
  208 |                         disabledContentColor = Color(0xFFD2D97A)
  209 |                     ),
  210 |                     //悬浮高度，可细分为默认，按压下的，禁用时的等
  211 |                     elevation = ButtonDefaults.buttonElevation(defaultElevation = 5.dp),
  212 |                     border = BorderStroke(2.dp, Color.Red),//加边框，可用纯色，也可以用brush多色
  213 |                 ) {
  214 |                     Text(text = ""槐花黄绿"")
  215 |                 }
  216 |                 //其他按钮的elevation、border等属性也是触类旁通，不再逐一演示
  217 |                 TextButton(
  218 |                     onClick = {},
  219 |                     colors = ButtonDefaults.textButtonColors(contentColor = Color(0xFF41AE3C))
  220 |                 ) {
  221 |                     Text(text = ""宝石绿"")
  222 |                 }
  223 |                 //似乎只能通过modifier来实现渐变色背景的按钮；fixme 后续学完graphic等应该会有其他方案。
  224 |                 Button(
  225 |                     onClick = { },
  226 |                     colors = ButtonDefaults.textButtonColors(),
  227 |                     modifier = Modifier.background(
  228 |                         Brush.horizontalGradient(
  229 |                             listOf(
  230 |                                 Color(0xFFF97D1C),
  231 |                                 Color(0xFF41AE3C),
  232 |                                 Color(0xFFBEC936)
  233 |                             )
  234 |                         )
  235 |                     )
  236 |                 ) {
  237 |                     Text(text = ""多色毛刷"")
  238 |                 }
  239 |             }
  240 |         }
  241 | 
  242 |         item {
  243 |             Title_Desc_Text(desc = ""2、IconButton"")
  244 |             Row(
  245 |                 Modifier","import android.widget.Toast
import androidx.compose.animation.animateColorAsState
import androidx.compose.animation.core.tween
import androidx.compose.foundation.BorderStroke
import androidx.compose.foundation.background
import androidx.compose.foundation.clickable
import androidx.compose.foundation.layout.Arrangement
import androidx.compose.foundation.layout.Row
import androidx.compose.foundation.layout.fillMaxSize
import androidx.compose.foundation.layout.fillMaxWidth
import androidx.compose.foundation.layout.padding
import androidx.compose.foundation.layout.size
import androidx.compose.foundation.lazy.LazyColumn
import androidx.compose.foundation.shape.CircleShape
import androidx.compose.foundation.shape.CutCornerShape
import androidx.compose.foundation.shape.RoundedCornerShape
import androidx.compose.material.icons.Icons
import androidx.compose.material.icons.filled.CrueltyFree
import androidx.compose.material.icons.filled.DeviceHub
import androidx.compose.material.icons.filled.Favorite
import androidx.compose.material.icons.filled.FavoriteBorder
import androidx.compose.material.icons.filled.Hub
import androidx.compose.material.icons.rounded.ColorLens
import androidx.compose.material.icons.sharp.BluetoothAudio
import androidx.compose.material.icons.twotone.DeviceHub
import androidx.compose.material3.AssistChip
import androidx.compose.material3.Button
import androidx.compose.material3.ButtonDefaults
import androidx.compose.material3.ElevatedAssistChip
import androidx.compose.material3.ElevatedButton
import androidx.compose.material3.ElevatedFilterChip
import androidx.compose.material3.ElevatedSuggestionChip
import androidx.compose.material3.ExtendedFloatingActionButton
import androidx.compose.material3.FilledIconButton
import androidx.compose.material3.FilledIconToggleButton
import androidx.compose.material3.FilledTonalButton
import androidx.compose.material3.FilterChip
import androidx.compose.material3.FilterChipDefaults
import androidx.compose.material3.FloatingActionButton
import androidx.compose.material3.FloatingActionButtonDefaults
import androidx.compose.material3.Icon
import androidx.compose.material3.IconButton
import androidx.compose.material3.IconToggleButton
import androidx.compose.material3.InputChip
import androidx.compose.material3.OutlinedButton
import androidx.compose.material3.OutlinedIconButton
import androidx.compose.material3.SuggestionChip
import androidx.compose.material3.Text
import androidx.compose.material3.TextButton
import androidx.compose.runtime.Composable
import androidx.compose.runtime.getValue
import androidx.compose.runtime.mutableStateOf
import androidx.compose.runtime.remember
import androidx.compose.runtime.setValue
import androidx.compose.ui.Alignment
import androidx.compose.ui.Modifier
import androidx.compose.ui.graphics.Brush
import androidx.compose.ui.graphics.Color
import androidx.compose.ui.graphics.RectangleShape
import androidx.compose.ui.platform.LocalContext
import androidx.compose.ui.tooling.preview.Preview
import androidx.compose.ui.unit.dp
import androidx.compose.ui.unit.sp
import org.zhiwei.compose.ui.widget.Title_Desc_Text
import org.zhiwei.compose.ui.widget.Title_Text",,ISSUE,color_contrast,,
r0035,crome1394__point-forecast,HourlyTabConfigEditor,768,detectDragGesturesAfterLongPress(,"  756 |                                 isDragging -> Color(0xFF37474F)
  757 |                                 !item.enabled -> Color(0xFF1A2226)
  758 |                                 else -> SurfaceDark
  759 |                             },
  760 |                         )
  761 |                         .border(
  762 |                             width = 1.dp,
  763 |                             color = accent.copy(alpha = if (item.enabled) 0.45f else 0.2f),
  764 |                             shape = RoundedCornerShape(8.dp),
  765 |                         )
  766 |                         // Stable key — do NOT depend on index/items or the gesture cancels on swap
  767 |                         .pointerInput(Unit) {
  768 |                             detectDragGesturesAfterLongPress(
  769 |                                 onDragStart = {
  770 |                                     val idx = items.indexOfFirst { it.id == item.id }
  771 |                                     if (idx < 0) return@detectDragGesturesAfterLongPress
  772 |                                     draggingIndex = idx
  773 |                                     dragOffsetY = 0f
  774 |                                 },
  775 |                                 onDragCancel = {
  776 |                                     draggingIndex = -1
  777 |                                     dragOffsetY = 0f
  778 |                                 },
  779 |                                 onDragEnd = {
  780 |                                     draggingIndex = -1
  781 |                                     dragOffsetY = 0f
  782 |                                 },
  783 |                                 onDrag = { change, dragAmount ->
  784 |                                     change.consume()
  785 |                                     val from = draggingIndex
  786 |                                     if (from < 0) return@detectDragGesturesAfterLongPress
  787 |                                     dragOffsetY += dragAmount.y
  788 |                                     val shift = (dragOffsetY / rowHeightPx).toInt()
  789 |                                     if (shift != 0) {
  790 |                                         val to = (from + shift).coerceIn(0, items.lastIndex)
  791 |                                         if (to != from) {
  792 |                                             val next = items.toMutableList()
  793 |                                             val moved = next.removeAt(from)
  794 |                                             next.add(to, moved)
  795 |                                             items = next
  796 |                                             onConfigChange(next)
  797 |                                             draggingIndex = to
  798 |                                             dragOffsetY -= shift * rowHeightPx
  799 |                                         }
  800 |                                     }
  801 |                                 },
  802 |                             )
  803 |                         }
  804 |                         .padding(end = 6.dp, top = 2.dp, bottom = 2.dp),
  805 |                     verticalAlignment = Alignment.CenterVertically,
  806 |                 ) {
  807 |                     Box(
  808 |                         Modifier","import androidx.compose.foundation.background
import androidx.compose.foundation.clickable
import androidx.compose.foundation.gestures.detectDragGesturesAfterLongPress
import androidx.compose.foundation.border
import androidx.compose.foundation.layout.Arrangement
import androidx.compose.foundation.layout.Box
import androidx.compose.foundation.layout.Column
import androidx.compose.foundation.layout.ColumnScope
import androidx.compose.foundation.layout.Row
import androidx.compose.foundation.layout.Spacer
import androidx.compose.foundation.layout.fillMaxSize
import androidx.compose.foundation.layout.fillMaxWidth
import androidx.compose.foundation.layout.height
import androidx.compose.foundation.layout.offset
import androidx.compose.foundation.layout.padding
import androidx.compose.foundation.layout.size
import androidx.compose.foundation.layout.width
import androidx.compose.foundation.rememberScrollState
import androidx.compose.foundation.shape.RoundedCornerShape
import androidx.compose.foundation.verticalScroll
import androidx.compose.material.icons.Icons
import androidx.compose.material.icons.filled.DragHandle
import androidx.compose.material.icons.filled.KeyboardArrowDown
import androidx.compose.material.icons.filled.KeyboardArrowUp
import androidx.compose.material3.DropdownMenuItem
import androidx.compose.material3.ExperimentalMaterial3Api
import androidx.compose.material3.ExposedDropdownMenuBox
import androidx.compose.material3.ExposedDropdownMenuDefaults
import androidx.compose.material3.Icon
import androidx.compose.material3.IconButton
import androidx.compose.material3.MaterialTheme
import androidx.compose.material3.MenuAnchorType
import androidx.compose.material3.Switch
import androidx.compose.material3.Text
import androidx.compose.material3.TextField
import androidx.compose.runtime.Composable
import androidx.compose.runtime.LaunchedEffect
import androidx.compose.runtime.getValue
import androidx.compose.runtime.key
import androidx.compose.runtime.mutableFloatStateOf
import androidx.compose.runtime.mutableIntStateOf
import androidx.compose.runtime.mutableStateOf
import androidx.compose.runtime.remember
import androidx.compose.runtime.setValue
import androidx.compose.ui.Alignment
import androidx.compose.ui.Modifier
import androidx.compose.ui.draw.clip
import androidx.compose.ui.graphics.Color
import androidx.compose.ui.input.pointer.pointerInput
import androidx.compose.ui.platform.LocalDensity
import androidx.compose.ui.text.font.FontWeight
import androidx.compose.ui.unit.IntOffset
import androidx.compose.ui.unit.dp
import androidx.compose.ui.unit.sp
import androidx.compose.ui.zIndex
import com.crome.forecastpoint.data.DrawerNavConfigItem
import com.crome.forecastpoint.data.HourlyTabConfigItem
import com.crome.forecastpoint.data.PreferencesRepository
import com.crome.forecastpoint.ui.theme.OnSurfaceMuted
import com.crome.forecastpoint.ui.theme.SurfaceDark
import kotlin.math.roundToInt",,ISSUE,pointerinput_no_semantics,,
r0036,michaelbel__movies,DetailsContent,224,style = MaterialTheme.typography.headlineSmall.copy(,"  212 |                     start = 32.dp,
  213 |                     top = 172.dp,
  214 |                     end = 32.dp,
  215 |                     bottom = 40.dp
  216 |                 )
  217 |                 .verticalScroll(rememberScrollState())
  218 |         ) {
  219 |             Column(
  220 |                 modifier = Modifier.fillMaxWidth()
  221 |             ) {
  222 |                 Text(
  223 |                     text = movie.overview.ifBlank { ""Overview is not available."" },
  224 |                     style = MaterialTheme.typography.headlineSmall.copy(
  225 |                         color = Color.White,
  226 |                         lineHeight = MaterialTheme.typography.headlineSmall.lineHeight * 1.15F
  227 |                     )
  228 |                 )
  229 |             }
  230 |         }
  231 |     }
  232 | }
  233 | 
  234 | @Composable
  235 | private fun ErrorContent(
  236 |     message: String,
  237 |     modifier: Modifier = Modifier
  238 | ) {
  239 |     Box(
  240 |         modifier = modifier.padding(16.dp),
  241 |         contentAlignment = Alignment.Center
  242 |     ) {
  243 |         Card(
  244 |             colors = CardDefaults.cardColors(
  245 |                 containerColor = MaterialTheme.colorScheme.inversePrimary
  246 |             )
  247 |         ) {
  248 |             Text(
  249 |                 text = message,
  250 |                 modifier = Modifier.padding(24.dp),
  251 |                 color = MaterialTheme.colorScheme.onPrimaryContainer
  252 |             )
  253 |         }
  254 |     }
  255 | }
  256 | 
  257 | private fun Exception.toUserMessage(): String {
  258 |     return when (this) {
  259 |         is ApiKeyNotNullException -> ""TMDB API key is missing. Set TMDB_API_KEY before starting the web app.""
  260 |         else -> message ?: this::class.simpleName.orEmpty()
  261 |     }
  262 | }
  263 | 
  264 | private sealed interface DetailsWebState {","import androidx.compose.foundation.background
import androidx.compose.foundation.layout.Box
import androidx.compose.foundation.layout.BoxWithConstraints
import androidx.compose.foundation.layout.Column
import androidx.compose.foundation.layout.WindowInsets
import androidx.compose.foundation.layout.fillMaxSize
import androidx.compose.foundation.layout.fillMaxWidth
import androidx.compose.foundation.layout.padding
import androidx.compose.foundation.layout.size
import androidx.compose.foundation.layout.widthIn
import androidx.compose.foundation.rememberScrollState
import androidx.compose.foundation.text.selection.SelectionContainer
import androidx.compose.foundation.verticalScroll
import androidx.compose.material.icons.Icons
import androidx.compose.material.icons.automirrored.outlined.ArrowBack
import androidx.compose.material3.Card
import androidx.compose.material3.CardDefaults
import androidx.compose.material3.ExperimentalMaterial3Api
import androidx.compose.material3.ExperimentalMaterial3ExpressiveApi
import androidx.compose.material3.Icon
import androidx.compose.material3.IconButton
import androidx.compose.material3.IconButtonDefaults
import androidx.compose.material3.LargeFlexibleTopAppBar
import androidx.compose.material3.MaterialTheme
import androidx.compose.material3.Text
import androidx.compose.material3.TopAppBarDefaults
import androidx.compose.runtime.Composable
import androidx.compose.runtime.getValue
import androidx.compose.runtime.produceState
import androidx.compose.ui.Alignment
import androidx.compose.ui.Modifier
import androidx.compose.ui.graphics.Brush
import androidx.compose.ui.graphics.Color
import androidx.compose.ui.graphics.painter.ColorPainter
import androidx.compose.ui.layout.ContentScale
import androidx.compose.ui.text.font.FontWeight
import androidx.compose.ui.text.style.TextOverflow
import androidx.compose.ui.unit.dp
import coil3.compose.AsyncImage
import coil3.compose.LocalPlatformContext
import coil3.request.ImageRequest
import coil3.request.crossfade
import org.koin.compose.koinInject
import org.michaelbel.movies.common.exceptions.ApiKeyNotNullException
import org.michaelbel.movies.interactor.Interactor
import org.michaelbel.movies.network.config.formatBackdropImage
import org.michaelbel.movies.network.config.formatPosterImage
import org.michaelbel.movies.persistence.database.entity.pojo.MoviePojo
import org.michaelbel.movies.persistence.database.typealiases.MovieId
import org.michaelbel.movies.persistence.database.typealiases.PagingKey",,NO_ISSUE,none,,
r0037,norsehorse-dev__BurnPonyAndroid,OptionBadge,317,".clickable(onClick = onClick),","  305 |         Icon(icon, null, tint = BurnPonyTheme.ember, modifier = Modifier.size(16.dp))
  306 |         Text(label, style = MaterialTheme.typography.bodyMedium, color = BurnPonyTheme.ink)
  307 |     }
  308 | }
  309 | 
  310 | @Composable
  311 | private fun OptionBadge(icon: ImageVector, onClick: () -> Unit) {
  312 |     Box(
  313 |         modifier = Modifier
  314 |             .size(32.dp)
  315 |             .background(BurnPonyTheme.fieldBackground, CircleShape)
  316 |             .border(1.dp, BurnPonyTheme.line, CircleShape)
  317 |             .clickable(onClick = onClick),
  318 |         contentAlignment = Alignment.Center,
  319 |     ) {
  320 |         Icon(icon, null, tint = BurnPonyTheme.ember, modifier = Modifier.size(15.dp))
  321 |     }
  322 | }
  323 | 
  324 | @Composable
  325 | private fun CreateButton(state: ComposeUiState, onClick: () -> Unit) {
  326 |     val alpha = if (state.canCreate) 1f else 0.45f
  327 |     Box(
  328 |         modifier = Modifier
  329 |             .fillMaxWidth()
  330 |             .background(BurnPonyTheme.emberGradient, RoundedCornerShape(12.dp))
  331 |             .clickable(enabled = state.canCreate, onClick = onClick)
  332 |             .padding(vertical = 14.dp),
  333 |         contentAlignment = Alignment.Center,
  334 |     ) {
  335 |         Row(
  336 |             verticalAlignment = Alignment.CenterVertically,
  337 |             horizontalArrangement = Arrangement.spacedBy(8.dp),
  338 |         ) {
  339 |             if (state.creating) {
  340 |                 CircularProgressIndicator(
  341 |                     modifier = Modifier.size(18.dp),
  342 |                     color = BurnPonyTheme.buttonInk,
  343 |                     strokeWidth = 2.dp,
  344 |                 )
  345 |             }
  346 |             Text(
  347 |                 text = stringResource(
  348 |                     if (state.creating) R.string.compose_creating else R.string.compose_create
  349 |                 ),
  350 |                 color = BurnPonyTheme.buttonInk.copy(alpha = alpha),
  351 |                 fontWeight = FontWeight.Bold,
  352 |             )
  353 |         }
  354 |     }
  355 | }
  356 | 
  357 | @Composable","import android.Manifest
import android.content.pm.PackageManager
import android.os.Build
import androidx.activity.compose.rememberLauncherForActivityResult
import androidx.activity.result.contract.ActivityResultContracts
import androidx.compose.foundation.background
import androidx.compose.foundation.border
import androidx.compose.foundation.clickable
import androidx.compose.foundation.horizontalScroll
import androidx.compose.foundation.layout.Arrangement
import androidx.compose.foundation.layout.Box
import androidx.compose.foundation.layout.Column
import androidx.compose.foundation.layout.Row
import androidx.compose.foundation.layout.Spacer
import androidx.compose.foundation.layout.fillMaxSize
import androidx.compose.foundation.layout.fillMaxWidth
import androidx.compose.foundation.layout.height
import androidx.compose.foundation.layout.padding
import androidx.compose.foundation.layout.size
import androidx.compose.foundation.rememberScrollState
import androidx.compose.foundation.shape.CircleShape
import androidx.compose.foundation.shape.RoundedCornerShape
import androidx.compose.foundation.verticalScroll
import androidx.compose.material.icons.Icons
import androidx.compose.material.icons.filled.Add
import androidx.compose.material.icons.filled.Delete
import androidx.compose.material.icons.filled.DoNotTouch
import androidx.compose.material.icons.filled.Key
import androidx.compose.material.icons.filled.Notifications
import androidx.compose.material.icons.filled.Remove
import androidx.compose.material.icons.filled.Schedule
import androidx.compose.material.icons.filled.Timer
import androidx.compose.material.icons.filled.Visibility
import androidx.compose.material3.AlertDialog
import androidx.compose.material3.CircularProgressIndicator
import androidx.compose.material3.ExperimentalMaterial3Api
import androidx.compose.material3.Icon
import androidx.compose.material3.IconButton
import androidx.compose.material3.MaterialTheme
import androidx.compose.material3.ModalBottomSheet
import androidx.compose.material3.Scaffold
import androidx.compose.material3.Switch
import androidx.compose.material3.SwitchDefaults
import androidx.compose.material3.Text
import androidx.compose.material3.TextButton
import androidx.compose.material3.TextField
import androidx.compose.material3.TextFieldDefaults
import androidx.compose.material3.TopAppBar
import androidx.compose.material3.TopAppBarDefaults
import androidx.compose.material3.rememberModalBottomSheetState
import androidx.compose.runtime.Composable
import androidx.compose.runtime.LaunchedEffect
import androidx.compose.runtime.getValue
import androidx.compose.ui.Alignment
import androidx.compose.ui.Modifier
import androidx.compose.ui.graphics.Color
import androidx.compose.ui.graphics.vector.ImageVector
import androidx.compose.ui.platform.LocalContext
import androidx.compose.ui.platform.LocalSoftwareKeyboardController
import androidx.compose.ui.res.stringResource
import androidx.compose.ui.text.font.FontWeight
import androidx.compose.ui.text.input.PasswordVisualTransformation
import androidx.compose.ui.unit.dp
import androidx.core.content.ContextCompat
import androidx.lifecycle.compose.collectAsStateWithLifecycle
import com.burnpony.app.R
import com.burnpony.app.push.PushSupport
import com.burnpony.app.theme.BurnPonyTheme
import com.burnpony.app.ui.result.ResultScreen
import com.burnpony.core.BurnPonyLimits",,ISSUE,clickable_icon_not_iconbutton,,
r0038,MohamadOday__iris-gallery,AboutLinkRow,319,"Icon(icon, contentDescription = null, tint = MaterialTheme.colorScheme.primary)","  305 | private fun AboutLinkRow(
  306 |     icon: ImageVector,
  307 |     title: String,
  308 |     subtitle: String,
  309 |     onClick: () -> Unit
  310 | ) {
  311 |     Row(
  312 |         modifier = Modifier
  313 |             .fillMaxWidth()
  314 |             .clickable(onClick = onClick)
  315 |             .padding(vertical = 4.dp),
  316 |         verticalAlignment = Alignment.CenterVertically,
  317 |         horizontalArrangement = Arrangement.spacedBy(14.dp)
  318 |     ) {
  319 |         Icon(icon, contentDescription = null, tint = MaterialTheme.colorScheme.primary)
  320 |         Column(Modifier.weight(1f)) {
  321 |             Text(title, style = MaterialTheme.typography.bodyMedium, fontWeight = FontWeight.SemiBold)
  322 |             Text(
  323 |                 subtitle,
  324 |                 style = MaterialTheme.typography.bodySmall,
  325 |                 color = MaterialTheme.colorScheme.onSurfaceVariant
  326 |             )
  327 |         }
  328 |     }
  329 | }
  330 | 
  331 | @Composable
  332 | fun MesopotamiaOpticsSheet(onClose: () -> Unit) {
  333 |     Column(
  334 |         modifier = Modifier
  335 |             .fillMaxWidth()
  336 |             .verticalScroll(rememberScrollState())
  337 |             .padding(horizontal = 24.dp, vertical = 12.dp),
  338 |         horizontalAlignment = Alignment.CenterHorizontally,
  339 |         verticalArrangement = Arrangement.spacedBy(16.dp)
  340 |     ) {
  341 |         // Ancient Cuneiform Banner
  342 |         Box(
  343 |             modifier = Modifier
  344 |                 .fillMaxWidth()
  345 |                 .clip(RoundedCornerShape(20.dp))
  346 |                 .background(
  347 |                     Brush.verticalGradient(
  348 |                         colors = listOf(
  349 |                             Color(0xFF0D2538),
  350 |                             Color(0xFF1E3A5F),
  351 |                             Color(0xFF2A1B0A)
  352 |                         )
  353 |                     )
  354 |                 )
  355 |                 .padding(20.dp),
  356 |             contentAlignment = Alignment.Center
  357 |         ) {
  358 |             Column(horizontalAlignment = Alignment.CenterHorizontally) {
  359 |                 Text(","import android.content.Intent
import android.net.Uri
import android.widget.Toast
import androidx.compose.animation.AnimatedVisibility
import androidx.compose.animation.fadeIn
import androidx.compose.animation.fadeOut
import androidx.compose.animation.slideInVertically
import androidx.compose.animation.slideOutVertically
import androidx.compose.foundation.Image
import androidx.compose.foundation.background
import androidx.compose.foundation.clickable
import androidx.compose.foundation.layout.Arrangement
import androidx.compose.foundation.layout.Box
import androidx.compose.foundation.layout.Column
import androidx.compose.foundation.layout.PaddingValues
import androidx.compose.foundation.layout.Row
import androidx.compose.foundation.layout.Spacer
import androidx.compose.foundation.layout.fillMaxSize
import androidx.compose.foundation.layout.fillMaxWidth
import androidx.compose.foundation.layout.height
import androidx.compose.foundation.layout.padding
import androidx.compose.foundation.layout.size
import androidx.compose.foundation.layout.width
import androidx.compose.foundation.lazy.LazyColumn
import androidx.compose.foundation.rememberScrollState
import androidx.compose.foundation.shape.CircleShape
import androidx.compose.foundation.shape.RoundedCornerShape
import androidx.compose.foundation.verticalScroll
import androidx.compose.material.icons.Icons
import androidx.compose.material.icons.automirrored.outlined.ArrowBack
import androidx.compose.material.icons.outlined.Camera
import androidx.compose.material.icons.outlined.Code
import androidx.compose.material.icons.outlined.Language
import androidx.compose.material.icons.outlined.Psychology
import androidx.compose.material.icons.outlined.VerifiedUser
import androidx.compose.material3.Card
import androidx.compose.material3.CardDefaults
import androidx.compose.material3.ExperimentalMaterial3Api
import androidx.compose.material3.FilledTonalButton
import androidx.compose.material3.HorizontalDivider
import androidx.compose.material3.Icon
import androidx.compose.material3.IconButton
import androidx.compose.material3.MaterialTheme
import androidx.compose.material3.ModalBottomSheet
import androidx.compose.material3.OutlinedCard
import androidx.compose.material3.Scaffold
import androidx.compose.material3.Text
import androidx.compose.material3.TopAppBar
import androidx.compose.material3.TopAppBarDefaults
import androidx.compose.material3.rememberModalBottomSheetState
import androidx.compose.runtime.Composable
import androidx.compose.runtime.getValue
import androidx.compose.runtime.mutableIntStateOf
import androidx.compose.runtime.mutableStateOf
import androidx.compose.runtime.remember
import androidx.compose.runtime.rememberCoroutineScope
import androidx.compose.runtime.setValue
import androidx.compose.ui.Alignment
import androidx.compose.ui.Modifier
import androidx.compose.ui.draw.clip
import androidx.compose.ui.graphics.Brush
import androidx.compose.ui.graphics.Color
import androidx.compose.ui.graphics.vector.ImageVector
import androidx.compose.ui.platform.LocalContext
import androidx.compose.ui.res.painterResource
import androidx.compose.ui.text.font.FontWeight
import androidx.compose.ui.text.style.TextAlign
import androidx.compose.ui.unit.dp
import androidx.compose.ui.unit.sp
import com.iris.gallery.R
import kotlinx.coroutines.launch",,NO_ISSUE,none,,
r0039,gininaba__AIPOSPasswordManager,PasswordGeneratorScreen,106,"Icon(Icons.AutoMirrored.Filled.ArrowBack, contentDescription = ""Back"")","   94 |             PasswordStrength.STRONG -> SecurityGreen
   95 |         },
   96 |         animationSpec = tween(400),
   97 |         label = ""strengthColor""
   98 |     )
   99 | 
  100 |     Scaffold(
  101 |         topBar = {
  102 |             TopAppBar(
  103 |                 title = { Text(""Password Generator"", fontWeight = FontWeight.Bold) },
  104 |                 navigationIcon = {
  105 |                     IconButton(onClick = onNavigateBack) {
  106 |                         Icon(Icons.AutoMirrored.Filled.ArrowBack, contentDescription = ""Back"")
  107 |                     }
  108 |                 },
  109 |                 colors = TopAppBarDefaults.topAppBarColors(
  110 |                     containerColor = MaterialTheme.colorScheme.surface
  111 |                 )
  112 |             )
  113 |         },
  114 |         snackbarHost = { SnackbarHost(snackbarHostState) }
  115 |     ) { padding ->
  116 |         Column(
  117 |             modifier = Modifier
  118 |                 .fillMaxSize()
  119 |                 .padding(padding)
  120 |                 .padding(horizontal = 16.dp)
  121 |                 .verticalScroll(rememberScrollState())
  122 |         ) {
  123 |             Spacer(modifier = Modifier.height(16.dp))
  124 | 
  125 |             // Generated password display
  126 |             Card(
  127 |                 modifier = Modifier.fillMaxWidth(),
  128 |                 shape = RoundedCornerShape(16.dp),
  129 |                 colors = CardDefaults.cardColors(
  130 |                     containerColor = MaterialTheme.colorScheme.primaryContainer
  131 |                 )
  132 |             ) {
  133 |                 Column(
  134 |                     modifier = Modifier.padding(20.dp),
  135 |                     horizontalAlignment = Alignment.CenterHorizontally
  136 |                 ) {
  137 |                     Text(
  138 |                         text = uiState.generatedPassword,
  139 |                         style = MaterialTheme.typography.titleLarge.copy(
  140 |                             fontFamily = FontFamily.Monospace,
  141 |                             fontSize = 18.sp,
  142 |                             letterSpacing = 1.sp
  143 |                         ),
  144 |                         color = MaterialTheme.colorScheme.onPrimaryContainer,
  145 |                         textAlign = TextAlign.Center,
  146 |                         modifier = Modifier.fillMaxWidth()","import androidx.compose.animation.animateColorAsState
import androidx.compose.animation.core.animateFloatAsState
import androidx.compose.animation.core.tween
import androidx.compose.foundation.layout.Arrangement
import androidx.compose.foundation.layout.Column
import androidx.compose.foundation.layout.Row
import androidx.compose.foundation.layout.Spacer
import androidx.compose.foundation.layout.fillMaxSize
import androidx.compose.foundation.layout.fillMaxWidth
import androidx.compose.foundation.layout.height
import androidx.compose.foundation.layout.padding
import androidx.compose.foundation.layout.size
import androidx.compose.foundation.layout.width
import androidx.compose.foundation.rememberScrollState
import androidx.compose.foundation.shape.RoundedCornerShape
import androidx.compose.foundation.verticalScroll
import androidx.compose.material.icons.Icons
import androidx.compose.material.icons.automirrored.filled.ArrowBack
import androidx.compose.material.icons.filled.Casino
import androidx.compose.material.icons.filled.ContentCopy
import androidx.compose.material3.Card
import androidx.compose.material3.CardDefaults
import androidx.compose.material3.ExperimentalMaterial3Api
import androidx.compose.material3.FilledTonalButton
import androidx.compose.material3.Icon
import androidx.compose.material3.IconButton
import androidx.compose.material3.LinearProgressIndicator
import androidx.compose.material3.MaterialTheme
import androidx.compose.material3.Scaffold
import androidx.compose.material3.Slider
import androidx.compose.material3.SnackbarHost
import androidx.compose.material3.SnackbarHostState
import androidx.compose.material3.Switch
import androidx.compose.material3.Text
import androidx.compose.material3.TopAppBar
import androidx.compose.material3.TopAppBarDefaults
import androidx.compose.runtime.Composable
import androidx.compose.runtime.getValue
import androidx.compose.runtime.remember
import androidx.compose.runtime.rememberCoroutineScope
import androidx.compose.ui.Alignment
import androidx.compose.ui.Modifier
import androidx.compose.ui.draw.clip
import androidx.compose.ui.graphics.StrokeCap
import androidx.compose.ui.platform.LocalContext
import com.aipos.aipospm.security.ClipboardHelper
import androidx.compose.ui.hapticfeedback.HapticFeedbackType
import androidx.compose.ui.platform.LocalHapticFeedback
import androidx.compose.ui.text.AnnotatedString
import androidx.compose.ui.text.font.FontFamily
import androidx.compose.ui.text.font.FontWeight
import androidx.compose.ui.text.style.TextAlign
import androidx.compose.ui.unit.dp
import androidx.compose.ui.unit.sp
import androidx.lifecycle.compose.collectAsStateWithLifecycle
import com.aipos.aipospm.ui.theme.DangerRed
import com.aipos.aipospm.ui.theme.SecurityGreen
import com.aipos.aipospm.ui.theme.WarningAmber
import com.aipos.aipospm.ui.viewmodels.PasswordGeneratorViewModel
import com.aipos.aipospm.ui.viewmodels.PasswordStrength
import kotlinx.coroutines.launch
import kotlin.math.roundToInt",,NO_ISSUE,none,,
r0040,maxwhipw__marmalade-tts-android,AliasEditorSheet,688,isError = state.error is SaveError.InvalidName ||,"  676 |                 supportingText = {
  677 |                     Text(
  678 |                         text = stringResource(
  679 |                             errorTextFor(state.error) ?: R.string.alias_name_help,
  680 |                         ),
  681 |                         color = if (state.error != null) {
  682 |                             MaterialTheme.colorScheme.error
  683 |                         } else {
  684 |                             MaterialTheme.colorScheme.onSurfaceVariant
  685 |                         },
  686 |                     )
  687 |                 },
  688 |                 isError = state.error is SaveError.InvalidName ||
  689 |                     state.error is SaveError.NameTaken,
  690 |                 modifier = Modifier.fillMaxWidth(),
  691 |             )
  692 | 
  693 |             // One row for both kinds of voice. The engine and voice used to
  694 |             // be separate dropdowns, which let them drift out of step and
  695 |             // forced the user to know which engine owned a voice before
  696 |             // they could pick it. Now the row opens the drill-down picker
  697 |             // and the two move together — see AliasViewModel.pickVoice.
  698 |             VoiceRowField(
  699 |                 path = voicePath,
  700 |                 isError = state.error is SaveError.MissingVoice,
  701 |                 onClick = onOpenVoicePicker,
  702 |             )
  703 | 
  704 |             // Only cloud voices can fail for want of a network, so the
  705 |             // fallback only appears for them. Hidden entirely otherwise
  706 |             // rather than shown disabled — a permanently-greyed control on
  707 |             // every on-device alias would be noise.
  708 |             if (voicePath?.isCloud == true) {
  709 |                 FallbackPicker(
  710 |                     selected = state.fallbackAliasId,
  711 |                     candidates = fallbackCandidates,
  712 |                     onPick = onFallbackChange,
  713 |                 )
  714 |             }
  715 | 
  716 |             Column {
  717 |                 val speedText = stringResource(R.string.alias_speed_chip, state.speed)
  718 |                 val speedLabel = stringResource(R.string.alias_speed)
  719 |                 Text(
  720 |                     text = stringResource(R.string.alias_speed_label, speedText),
  721 |                     style = MaterialTheme.typography.bodyMedium,
  722 |                 )
  723 |                 Slider(
  724 |                     value = state.speed,
  725 |                     onValueChange = onSpeedChange,
  726 |                     valueRange = VoiceAlias.MIN_SPEED..VoiceAlias.MAX_SPEED,
  727 |                     // 15 steps between 0.5 and 2.0 = 0.1x increments
  728 |                     // (Slider's `steps` excludes the endpoints).","import androidx.annotation.StringRes
import androidx.compose.foundation.BorderStroke
import androidx.compose.foundation.clickable
import androidx.compose.foundation.layout.Arrangement
import androidx.compose.foundation.layout.Box
import androidx.compose.foundation.layout.Column
import androidx.compose.foundation.layout.PaddingValues
import androidx.compose.foundation.layout.Row
import androidx.compose.foundation.layout.Spacer
import androidx.compose.foundation.layout.WindowInsets
import androidx.compose.foundation.layout.fillMaxSize
import androidx.compose.foundation.layout.fillMaxWidth
import androidx.compose.foundation.layout.height
import androidx.compose.foundation.layout.padding
import androidx.compose.foundation.layout.size
import androidx.compose.foundation.layout.width
import androidx.compose.foundation.lazy.LazyColumn
import androidx.compose.foundation.lazy.items
import androidx.compose.foundation.rememberScrollState
import androidx.compose.foundation.shape.RoundedCornerShape
import androidx.compose.foundation.verticalScroll
import androidx.compose.material.icons.Icons
import androidx.compose.material.icons.automirrored.filled.ArrowBack
import androidx.compose.material.icons.automirrored.filled.KeyboardArrowRight
import androidx.compose.material.icons.filled.Add
import androidx.compose.material.icons.filled.ArrowDropDown
import androidx.compose.material.icons.filled.Star
import androidx.compose.material3.AlertDialog
import androidx.compose.material3.AssistChip
import androidx.compose.material3.Button
import androidx.compose.material3.ButtonDefaults
import androidx.compose.material3.Card
import androidx.compose.material3.CenterAlignedTopAppBar
import androidx.compose.material3.DropdownMenu
import androidx.compose.material3.DropdownMenuItem
import androidx.compose.material3.ExperimentalMaterial3Api
import androidx.compose.material3.ExposedDropdownMenuBox
import androidx.compose.material3.ExposedDropdownMenuDefaults
import androidx.compose.material3.FloatingActionButton
import androidx.compose.material3.Icon
import androidx.compose.material3.IconButton
import androidx.compose.material3.MaterialTheme
import androidx.compose.material3.MenuAnchorType
import androidx.compose.material3.ModalBottomSheet
import androidx.compose.material3.OutlinedTextField
import androidx.compose.material3.Scaffold
import androidx.compose.material3.Slider
import androidx.compose.material3.Surface
import androidx.compose.material3.Text
import androidx.compose.material3.TextButton
import androidx.compose.material3.rememberModalBottomSheetState
import androidx.compose.runtime.Composable
import androidx.compose.runtime.LaunchedEffect
import androidx.compose.runtime.getValue
import androidx.compose.runtime.mutableStateOf
import androidx.compose.runtime.remember
import androidx.compose.runtime.setValue
import androidx.compose.ui.Alignment
import androidx.compose.ui.Modifier
import androidx.compose.ui.draw.clip
import androidx.compose.ui.draw.drawBehind
import androidx.compose.ui.geometry.CornerRadius
import androidx.compose.ui.graphics.PathEffect
import androidx.compose.ui.graphics.drawscope.Stroke
import androidx.compose.ui.platform.LocalFocusManager
import androidx.compose.ui.res.pluralStringResource
import androidx.compose.ui.res.stringResource
import androidx.compose.ui.semantics.contentDescription
import androidx.compose.ui.semantics.heading
import androidx.compose.ui.semantics.semantics
import androidx.compose.ui.semantics.stateDescription
import androidx.compose.ui.text.font.FontWeight
import androidx.compose.ui.text.style.TextOverflow
import androidx.compose.ui.unit.Dp
import androidx.compose.ui.unit.dp
import androidx.hilt.navigation.compose.hiltViewModel
import androidx.lifecycle.compose.collectAsStateWithLifecycle
import app.marmalade.tts.R
import app.marmalade.tts.data.db.AppAliasMapping
import app.marmalade.tts.data.db.Effect
import app.marmalade.tts.data.db.VoiceAlias
import app.marmalade.tts.data.KittenDirectVoiceCatalog
import app.marmalade.tts.data.KokoroDirectVoiceCatalog
import app.marmalade.tts.data.PocketDevVoiceCatalog
import app.marmalade.tts.data.PocketVoiceCatalog
import app.marmalade.tts.data.VoicePath
import app.marmalade.tts.data.db.VoiceMeta
import app.marmalade.tts.lang.LangDetector
import app.marmalade.tts.install.EngineCatalog",,ISSUE,error_state_no_semantics,,