item_id,rater_row_id,repo,file,anchor_line,decl_name,detector_category,gold_verdict,gold_category,gold_source,detector_result,rater_A_verdict,rater_A_category,rater_B_verdict,rater_B_category,other_issues,adjudicator_notes,anchor_text,context
pilot-0001,r0182,maximilian-schwaerzler__Do-It,maximilian-schwaerzler__Do-It/app/src/main/java/at/co/schwaerzler/maximilian/doit/ui/navigation/screen/SettingsScreen.kt,175.0,SettingsScreenContent,clickable_icon_not_iconbutton,ISSUE,missing_semantics_role,adjudicated,FP_DETECTOR,ISSUE,missing_semantics_role,NO_ISSUE,none,,R2 missing Role.Button on clickable container,modifier = Modifier.clickable { showThemeDialog = true },"  163 |             ) {
  164 |                 SettingsSectionHeader(stringResource(R.string.settings_section_general))
  165 |                 ListItem(
  166 |                     headlineContent = {
  167 |                         Text(stringResource(R.string.theme))
  168 |                     },
  169 |                     supportingContent = {
  170 |                         Text(stringResource(themeMode.labelRes))
  171 |                     },
  172 |                     leadingContent = {
  173 |                         Icon(painterResource(themeMode.iconRes), contentDescription = null)
  174 |                     },
  175 |                     modifier = Modifier.clickable { showThemeDialog = true }
  176 |                 )
  177 | 
  178 |                 ListItem(
  179 |                     headlineContent = {
  180 |                         Text(stringResource(R.string.dynamic_color_setting_label))
  181 |                     },
  182 |                     leadingContent = {
  183 |                         Icon(painterResource(R.drawable.colors_24px), contentDescription = null)
  184 |                     },
  185 |                     trailingContent = { Switch(useDynamicColors, { onSetUseDynamicColors(it) }) }
  186 |                 )
  187 | 
  188 |                 ListItem(
  189 |                     headlineContent = {
  190 |                         Text(stringResource(R.string.settings_language))
  191 |                     },
  192 |                     supportingContent = {
  193 |                         Text(currentLanguageDisplay)
  194 |                     },
  195 |                     leadingContent = {
  196 |                         Icon(painterResource(R.drawable.language_24px), contentDescription = null)
  197 |                     },
  198 |                     modifier = Modifier.clickable { showLanguageDialog = true }
  199 |                 )
  200 | 
  201 |                 ListItem(
  202 |                     headlineContent = {
  203 |                         Text(stringResource(R.string.settings_notif_lead_time))
  204 |                     },
  205 |                     supportingContent = {
  206 |                         ExposedDropdownMenuBox(
  207 |                             expanded = notifLeadTimeExpanded,
  208 |                             onExpandedChange = { notifLeadTimeExpanded = it },
  209 |                             modifier = Modifier.fillMaxWidth()
  210 |                         ) {
  211 |                             OutlinedTextField(
  212 |                                 value = stringResource(notificationLeadTime.labelRes),
  213 |                                 onValueChange = {},
  214 |                                 readOnly = true,
  215 |                                 trailingIcon = {"
pilot-0002,r0254,shardulvs__pdfinspector-android,shardulvs__pdfinspector-android/app/src/main/java/SVS/pdfinspector/ui/ThemeSettingsSheet.kt,131.0,Swatch,clickable_icon_not_iconbutton,ISSUE,missing_interaction_semantics,adjudicated,FP_DETECTOR,ISSUE,missing_content_description,ISSUE,missing_interaction_semantics,"missing_semantics_role,missing_state_description",CATEGORY ONLY: both agree on verdict; pick category,".clickable(enabled = enabled, onClick = onClick),","  117 | private fun Swatch(
  118 |     color: Color,
  119 |     selected: Boolean,
  120 |     enabled: Boolean,
  121 |     onClick: () -> Unit,
  122 | ) {
  123 |     val ring = MaterialTheme.colorScheme.onSurface
  124 |     Box(
  125 |         modifier = Modifier
  126 |             .size(44.dp)
  127 |             .alpha(if (enabled) 1f else 0.4f)
  128 |             .clip(CircleShape)
  129 |             .background(color)
  130 |             .then(if (selected) Modifier.border(3.dp, ring, CircleShape) else Modifier)
  131 |             .clickable(enabled = enabled, onClick = onClick),
  132 |         contentAlignment = Alignment.Center,
  133 |     ) {
  134 |         if (selected) {
  135 |             Icon(
  136 |                 imageVector = TablerIcons.Check,
  137 |                 contentDescription = null,
  138 |                 tint = if (color.luminance() > 0.5f) Color.Black else Color.White,
  139 |             )
  140 |         }
  141 |     }
  142 | }"
pilot-0003,r0140,jmccoy600__androidCrypt,jmccoy600__androidCrypt/app/src/main/java/com/androidcrypt/app/MainActivity.kt,3009.0,DeviceFolderPickerDialog,clickable_icon_not_iconbutton,ISSUE,missing_semantics_role,adjudicated,FP_DETECTOR,ISSUE,missing_semantics_role,NO_ISSUE,none,,R2 missing Role.Button on clickable container,.clickable { currentDir = currentDir.parentFile!! }," 2997 |             androidx.compose.foundation.lazy.LazyColumn(
 2998 |                 modifier = Modifier.fillMaxWidth()
 2999 |             ) {
 3000 |                 // "".."" row — navigate to parent
 3001 |                 val storageRoot = android.os.Environment.getExternalStorageDirectory()
 3002 |                 if (currentDir.absolutePath != storageRoot.absolutePath &&
 3003 |                     currentDir.parentFile != null
 3004 |                 ) {
 3005 |                     item {
 3006 |                         Row(
 3007 |                             modifier = Modifier
 3008 |                                 .fillMaxWidth()
 3009 |                                 .clickable { currentDir = currentDir.parentFile!! }
 3010 |                                 .padding(vertical = 10.dp),
 3011 |                             verticalAlignment = Alignment.CenterVertically
 3012 |                         ) {
 3013 |                             Icon(
 3014 |                                 imageVector = Icons.Default.ArrowBack,
 3015 |                                 contentDescription = ""Go up"",
 3016 |                                 modifier = Modifier.size(20.dp),
 3017 |                                 tint = Color(0xFF1565C0)
 3018 |                             )
 3019 |                             Spacer(modifier = Modifier.width(8.dp))
 3020 |                             Text("".."", style = MaterialTheme.typography.bodyMedium)
 3021 |                         }
 3022 |                         HorizontalDivider()
 3023 |                     }
 3024 |                 }
 3025 | 
 3026 |                 if (subDirs.isEmpty()) {
 3027 |                     item {
 3028 |                         Text(
 3029 |                             text = ""(no sub-folders)"",
 3030 |                             style = MaterialTheme.typography.bodySmall,
 3031 |                             color = Color.Gray,
 3032 |                             modifier = Modifier.padding(vertical = 8.dp)
 3033 |                         )
 3034 |                     }
 3035 |                 }
 3036 | 
 3037 |                 items(subDirs) { dir ->
 3038 |                     Row(
 3039 |                         modifier = Modifier
 3040 |                             .fillMaxWidth()
 3041 |                             .padding(vertical = 2.dp),
 3042 |                         verticalAlignment = Alignment.CenterVertically
 3043 |                     ) {
 3044 |                         // Tap the folder name/icon area to select this folder for copying
 3045 |                         Row(
 3046 |                             modifier = Modifier
 3047 |                                 .weight(1f)
 3048 |                                 .clickable { onFolderSelected(dir) }
 3049 |                                 .padding(vertical = 10.dp),"
pilot-0004,r0250,jordond__MaterialKolor,jordond__MaterialKolor/builder/shared/src/commonMain/kotlin/com/materialkolor/builder/ui/home/components/ContrastSelector.kt,85.0,ContrastButton,clickable_icon_not_iconbutton,ISSUE,missing_semantics_role,adjudicated,FP_DETECTOR,ISSUE,missing_semantics_role,NO_ISSUE,none,"missing_state_description,touch_target_size",R2 missing Role.Button on clickable container,".clickable(enabled = !isSelected, onClick = onClick),","   63 | private fun ContrastButton(
   64 |     contrast: Contrast,
   65 |     isSelected: Boolean,
   66 |     onClick: () -> Unit,
   67 |     modifier: Modifier = Modifier,
   68 | ) {
   69 |     val containerColor by animateColorAsState(
   70 |         if (isSelected) MaterialTheme.colorScheme.tertiary
   71 |         else MaterialTheme.colorScheme.tertiaryContainer,
   72 |     )
   73 | 
   74 |     val contentColor by animateColorAsState(
   75 |         if (isSelected) MaterialTheme.colorScheme.onTertiary
   76 |         else MaterialTheme.colorScheme.onTertiaryContainer,
   77 |     )
   78 | 
   79 |     Box(
   80 |         contentAlignment = Alignment.Center,
   81 |         modifier = modifier
   82 |             .size(42.dp)
   83 |             .clip(CircleShape)
   84 |             .background(containerColor)
   85 |             .clickable(enabled = !isSelected, onClick = onClick),
   86 |     ) {
   87 |         Icon(
   88 |             imageVector = contrast.icon(),
   89 |             contentDescription = contrast.name(),
   90 |             tint = contentColor,
   91 |             modifier = Modifier.padding(6.dp),
   92 |         )
   93 |     }
   94 | }
   95 | 
   96 | @Composable
   97 | private fun Contrast.icon(): ImageVector = remember(this) {
   98 |     when (this) {
   99 |         Contrast.Default -> Icons.Outlined.BrightnessLow
  100 |         Contrast.Medium -> Icons.Outlined.BrightnessMedium
  101 |         Contrast.High -> Icons.Outlined.BrightnessHigh
  102 |         Contrast.Reduced -> Icons.Default.KeyboardArrowDown
  103 |     }
  104 | }
  105 | 
  106 | @Composable
  107 | private fun Contrast.name(): String = remember(this) {
  108 |     when (this) {
  109 |         Contrast.Default -> ""Standard""
  110 |         Contrast.Medium -> ""Medium""
  111 |         Contrast.High -> ""High""
  112 |         Contrast.Reduced -> ""Reduced""
  113 |     }
  114 | }"
pilot-0005,r0201,BlazeCodeDev__TSViewer,BlazeCodeDev__TSViewer/app/src/core/java/screens/Settings.kt,172.0,TopAppBar,clickable_icon_not_iconbutton,ISSUE,missing_semantics_role,adjudicated,FP_DETECTOR,ISSUE,missing_semantics_role,UNSURE,,,,"Box (modifier = Modifier.size(dimensionResource(R.dimen.icon_button_size)).clickable { navController.navigate(NavRoutes.Home.route) },","  160 |                 )
  161 |             }
  162 |         }
  163 |     }
  164 | }
  165 | 
  166 | @OptIn(ExperimentalMaterial3Api::class)
  167 | @Composable
  168 | private fun TopAppBar(scrollBehavior: TopAppBarScrollBehavior, navController: NavController){
  169 |     LargeTopAppBar(
  170 |         title = { Text(text = stringResource(R.string.settings)) },
  171 |         navigationIcon = {
  172 |             Box (modifier = Modifier.size(dimensionResource(R.dimen.icon_button_size)).clickable { navController.navigate(NavRoutes.Home.route) },
  173 |                 contentAlignment = Alignment.Center){
  174 |                 Icon(painterResource(R.drawable.ic_back), ""back"")
  175 |             }
  176 |         },
  177 |         scrollBehavior = scrollBehavior
  178 |     )
  179 | }"
pilot-0006,r0009,maximilian-schwaerzler__Do-It,maximilian-schwaerzler__Do-It/app/src/main/java/at/co/schwaerzler/maximilian/doit/ui/navigation/screen/SettingsScreen.kt,175.0,SettingsScreenContent,clickable_icon_not_iconbutton,ISSUE,missing_semantics_role,adjudicated,FP_DETECTOR,ISSUE,missing_semantics_role,NO_ISSUE,none,,R2 missing Role.Button on clickable container,modifier = Modifier.clickable { showThemeDialog = true },"  163 |             ) {
  164 |                 SettingsSectionHeader(stringResource(R.string.settings_section_general))
  165 |                 ListItem(
  166 |                     headlineContent = {
  167 |                         Text(stringResource(R.string.theme))
  168 |                     },
  169 |                     supportingContent = {
  170 |                         Text(stringResource(themeMode.labelRes))
  171 |                     },
  172 |                     leadingContent = {
  173 |                         Icon(painterResource(themeMode.iconRes), contentDescription = null)
  174 |                     },
  175 |                     modifier = Modifier.clickable { showThemeDialog = true }
  176 |                 )
  177 | 
  178 |                 ListItem(
  179 |                     headlineContent = {
  180 |                         Text(stringResource(R.string.dynamic_color_setting_label))
  181 |                     },
  182 |                     leadingContent = {
  183 |                         Icon(painterResource(R.drawable.colors_24px), contentDescription = null)
  184 |                     },
  185 |                     trailingContent = { Switch(useDynamicColors, { onSetUseDynamicColors(it) }) }
  186 |                 )
  187 | 
  188 |                 ListItem(
  189 |                     headlineContent = {
  190 |                         Text(stringResource(R.string.settings_language))
  191 |                     },
  192 |                     supportingContent = {
  193 |                         Text(currentLanguageDisplay)
  194 |                     },
  195 |                     leadingContent = {
  196 |                         Icon(painterResource(R.drawable.language_24px), contentDescription = null)
  197 |                     },
  198 |                     modifier = Modifier.clickable { showLanguageDialog = true }
  199 |                 )
  200 | 
  201 |                 ListItem(
  202 |                     headlineContent = {
  203 |                         Text(stringResource(R.string.settings_notif_lead_time))
  204 |                     },
  205 |                     supportingContent = {
  206 |                         ExposedDropdownMenuBox(
  207 |                             expanded = notifLeadTimeExpanded,
  208 |                             onExpandedChange = { notifLeadTimeExpanded = it },
  209 |                             modifier = Modifier.fillMaxWidth()
  210 |                         ) {
  211 |                             OutlinedTextField(
  212 |                                 value = stringResource(notificationLeadTime.labelRes),
  213 |                                 onValueChange = {},
  214 |                                 readOnly = true,
  215 |                                 trailingIcon = {"
pilot-0007,r0063,zhishengplus__ZhishengWeather,zhishengplus__ZhishengWeather/app/src/main/kotlin/com/zhisheng/weather/ui/RadarScreen.kt,676.0,RadarIconAction,clickable_icon_not_iconbutton,HANDLED,none,adjudicated,FP,NO_ISSUE,none,HANDLED,none,,,".clickable(role = Role.Button, onClickLabel = description, onClick = onClick),","  664 |                     )
  665 |                 }
  666 |             }
  667 |         }
  668 |     }
  669 | }
  670 | 
  671 | @Composable
  672 | private fun RadarIconAction(icon: ImageVector, description: String, onClick: () -> Unit) {
  673 |     val palette = LocalZhishengPalette.current
  674 |     Box(
  675 |         Modifier.size(44.dp).background(palette.surface.copy(alpha = 0.94f)).border(1.dp, palette.cardBorder)
  676 |             .clickable(role = Role.Button, onClickLabel = description, onClick = onClick),
  677 |         contentAlignment = Alignment.Center,
  678 |     ) {
  679 |         Icon(icon, contentDescription = null, tint = palette.text)
  680 |     }
  681 | }
  682 | 
  683 | @Composable
  684 | private fun RadarTextAction(label: String, description: String, onClick: () -> Unit) {
  685 |     val palette = LocalZhishengPalette.current
  686 |     Box(
  687 |         Modifier.size(44.dp).background(palette.surface.copy(alpha = 0.94f)).border(1.dp, palette.cardBorder)
  688 |             .clickable(role = Role.Button, onClickLabel = description, onClick = onClick),
  689 |         contentAlignment = Alignment.Center,
  690 |     ) {
  691 |         Text(label, style = MaterialTheme.typography.titleLarge, color = palette.text)
  692 |     }
  693 | }
  694 | 
  695 | @Composable
  696 | private fun RadarScanOverlay(visible: Boolean) {
  697 |     if (!visible) return
  698 |     val context = LocalContext.current
  699 |     val palette = LocalZhishengPalette.current
  700 |     val animationsEnabled = remember {
  701 |         runCatching { Settings.Global.getFloat(context.contentResolver, Settings.Global.ANIMATOR_DURATION_SCALE, 1f) > 0f }
  702 |             .getOrDefault(true)
  703 |     }
  704 |     val angle = if (animationsEnabled) {
  705 |         val transition = rememberInfiniteTransition(label = ""radar-scan"")
  706 |         val animated by transition.animateFloat(
  707 |             initialValue = 0f,
  708 |             targetValue = 360f,
  709 |             animationSpec = infiniteRepeatable(tween(1_300, easing = LinearEasing)),
  710 |             label = ""radar-scan-angle"",
  711 |         )
  712 |         animated
  713 |     } else {
  714 |         315f
  715 |     }
  716 |     Column("
pilot-0008,r0037,norsehorse-dev__BurnPonyAndroid,norsehorse-dev__BurnPonyAndroid/app/src/main/kotlin/com/burnpony/app/ui/compose/ComposeScreen.kt,317.0,OptionBadge,clickable_icon_not_iconbutton,ISSUE,clickable_icon_not_iconbutton,adjudicated,TP,ISSUE,missing_content_description,ISSUE,clickable_icon_not_iconbutton,"missing_content_description;touch_target_size,missing_semantics_role,touch_target_size",CATEGORY ONLY: both agree on verdict; pick category,".clickable(onClick = onClick),","  305 |         Icon(icon, null, tint = BurnPonyTheme.ember, modifier = Modifier.size(16.dp))
  306 |         Text(label, style = MaterialTheme.typography.bodyMedium, color = BurnPonyTheme.ink)
  307 |     }
  308 | }
  309 | 
  310 | @Composable
  311 | private fun OptionBadge(icon: ImageVector, onClick: () -> Unit) {
  312 |     Box(
  313 |         modifier = Modifier
  314 |             .size(32.dp)
  315 |             .background(BurnPonyTheme.fieldBackground, CircleShape)
  316 |             .border(1.dp, BurnPonyTheme.line, CircleShape)
  317 |             .clickable(onClick = onClick),
  318 |         contentAlignment = Alignment.Center,
  319 |     ) {
  320 |         Icon(icon, null, tint = BurnPonyTheme.ember, modifier = Modifier.size(15.dp))
  321 |     }
  322 | }
  323 | 
  324 | @Composable
  325 | private fun CreateButton(state: ComposeUiState, onClick: () -> Unit) {
  326 |     val alpha = if (state.canCreate) 1f else 0.45f
  327 |     Box(
  328 |         modifier = Modifier
  329 |             .fillMaxWidth()
  330 |             .background(BurnPonyTheme.emberGradient, RoundedCornerShape(12.dp))
  331 |             .clickable(enabled = state.canCreate, onClick = onClick)
  332 |             .padding(vertical = 14.dp),
  333 |         contentAlignment = Alignment.Center,
  334 |     ) {
  335 |         Row(
  336 |             verticalAlignment = Alignment.CenterVertically,
  337 |             horizontalArrangement = Arrangement.spacedBy(8.dp),
  338 |         ) {
  339 |             if (state.creating) {
  340 |                 CircularProgressIndicator(
  341 |                     modifier = Modifier.size(18.dp),
  342 |                     color = BurnPonyTheme.buttonInk,
  343 |                     strokeWidth = 2.dp,
  344 |                 )
  345 |             }
  346 |             Text(
  347 |                 text = stringResource(
  348 |                     if (state.creating) R.string.compose_creating else R.string.compose_create
  349 |                 ),
  350 |                 color = BurnPonyTheme.buttonInk.copy(alpha = alpha),
  351 |                 fontWeight = FontWeight.Bold,
  352 |             )
  353 |         }
  354 |     }
  355 | }
  356 | 
  357 | @Composable"
pilot-0009,r0213,GetStream__stream-draw-android,GetStream__stream-draw-android/app/src/main/kotlin/io/getstream/streamdraw/ui/components/SketchbookControlMenu.kt,66.0,SketchbookControlMenu,clickable_icon_not_iconbutton,ISSUE,clickable_icon_not_iconbutton,agreed,TP,ISSUE,clickable_icon_not_iconbutton,ISSUE,clickable_icon_not_iconbutton,"missing_content_description,missing_content_description;touch_target_size,missing_semantics_role,touch_target_size",,.clickable {,"   53 | fun SketchbookControlMenu(
   54 |     controller: SketchbookController,
   55 | ) {
   56 |     val context = LocalContext.current
   57 |     Row(
   58 |         modifier = Modifier
   59 |             .fillMaxWidth()
   60 |             .padding(10.dp),
   61 |         horizontalArrangement = Arrangement.SpaceAround,
   62 |         verticalAlignment = Alignment.CenterVertically
   63 |     ) {
   64 |         Icon(
   65 |             modifier = Modifier
   66 |                 .clickable {
   67 |                     controller.setEraseMode(false)
   68 |                     controller.setRainbowShader()
   69 |                     Toast
   70 |                         .makeText(context, ""Rainbow Shader"", Toast.LENGTH_SHORT)
   71 |                         .show()
   72 |                 }
   73 |                 .size(40.dp),
   74 |             tint = ChatTheme.colors.textHighEmphasis,
   75 |             imageVector = ImageVector.vectorResource(R.drawable.ic_brush),
   76 |             contentDescription = null
   77 |         )
   78 | 
   79 |         Box {
   80 |             val expanded = remember { mutableStateOf(false) }
   81 |             val widths = listOf(10f, 20f, 30f, 40f, 50f)
   82 |             Icon(
   83 |                 modifier = Modifier
   84 |                     .clickable { expanded.value = true }
   85 |                     .size(40.dp),
   86 |                 imageVector = ImageVector.vectorResource(R.drawable.ic_line_weight),
   87 |                 tint = ChatTheme.colors.textHighEmphasis,
   88 |                 contentDescription = null
   89 |             )
   90 |             DropdownMenu(
   91 |                 expanded = expanded.value,
   92 |                 modifier = Modifier.background(ChatTheme.colors.appBackground),
   93 |                 onDismissRequest = { expanded.value = false }
   94 |             ) {
   95 |                 widths.forEach { width ->
   96 |                     DropdownMenuItem(
   97 |                         onClick = {
   98 |                             controller.setPaintStrokeWidth(width)
   99 |                             expanded.value = false
  100 |                         }
  101 |                     ) {
  102 |                         Text(text = width.toString(), color = ChatTheme.colors.textHighEmphasis)
  103 |                     }
  104 |                 }
  105 |             }
  106 |         }"
pilot-0010,r0004,imashnake0__Animite,imashnake0__Animite/profile/src/main/kotlin/com/imashnake/animite/profile/ui/MediaTrackingList.kt,283.0,ListOptions,clickable_icon_not_iconbutton,ISSUE,missing_semantics_role,adjudicated,FP_DETECTOR,ISSUE,missing_semantics_role,NO_ISSUE,none,touch_target_size,R2 missing Role.Button on clickable container,.clickable { haptic.performHapticFeedback(HapticFeedbackType.ContextClick); onClick() },"  271 |     onClick: () -> Unit,
  272 |     modifier: Modifier = Modifier,
  273 |     background: Color = Color.Transparent,
  274 |     contentColor: Color = MaterialTheme.colorScheme.onSurfaceVariant
  275 | ) {
  276 |     val haptic = LocalHapticFeedback.current
  277 |     Row(
  278 |         verticalAlignment = Alignment.CenterVertically,
  279 |         horizontalArrangement = Arrangement.spacedBy(LocalPaddings.current.tiny),
  280 |         modifier = modifier
  281 |             .clip(CircleShape)
  282 |             .background(background)
  283 |             .clickable { haptic.performHapticFeedback(HapticFeedbackType.ContextClick); onClick() }
  284 |             .padding(LocalPaddings.current.tiny)
  285 |             .padding(end = LocalPaddings.current.tiny)
  286 |     ) {
  287 |         Icon(
  288 |             imageVector = icon,
  289 |             contentDescription = null,
  290 |             tint = contentColor,
  291 |             modifier = Modifier.size(dimensionResource(R.dimen.list_options_icon_size))
  292 |         )
  293 |         Text(
  294 |             text = text,
  295 |             color = contentColor,
  296 |             style = MaterialTheme.typography.labelSmall.copy(baselineShift = null),
  297 |         )
  298 |     }
  299 | }
  300 | 
  301 | @Composable
  302 | private fun HeaderPill(
  303 |     name: String,
  304 |     size: Int,
  305 |     index: Int,
  306 |     listVisibility: SnapshotStateMap<Int, Boolean>,
  307 |     isReordering: Boolean,
  308 |     reorderScope: ReorderableCollectionItemScope,
  309 |     modifier: Modifier = Modifier
  310 | ) {
  311 |     val haptic = LocalHapticFeedback.current
  312 |     Box(
  313 |         modifier = modifier
  314 |             .defaultMinSize(minHeight = dimensionResource(R.dimen.tracking_list_header_height))
  315 |             .fillMaxWidth()
  316 |             .clip(CircleShape)
  317 |             .clickable {
  318 |                 haptic.performHapticFeedback(
  319 |                     if (listVisibility[index] == true) ToggleOff else ToggleOn
  320 |                 )
  321 |                 if (!isReordering) {
  322 |                     listVisibility[index]?.let { visibility ->
  323 |                         listVisibility[index] = !visibility"
pilot-0011,r0090,IacobIonut01__ReFra,IacobIonut01__ReFra/app/src/main/kotlin/com/dot/gallery/cloud/ui/CloudAddServerScreen.kt,823.0,SelectableRow,clickable_icon_not_iconbutton,ISSUE,missing_state_description,adjudicated,FP_DETECTOR,ISSUE,missing_state_description,ISSUE,missing_semantics_role,"missing_semantics_role,missing_state_description;missing_interaction_semantics",CATEGORY ONLY: both agree on verdict; pick category,.clickable(onClick = onToggle),"  811 | 
  812 | @Composable
  813 | private fun SelectableRow(
  814 |     icon: ImageVector,
  815 |     title: String,
  816 |     subtitle: String,
  817 |     checked: Boolean,
  818 |     onToggle: () -> Unit
  819 | ) {
  820 |     Row(
  821 |         modifier = Modifier
  822 |             .fillMaxWidth()
  823 |             .clickable(onClick = onToggle)
  824 |             .padding(horizontal = 12.dp, vertical = 10.dp),
  825 |         verticalAlignment = Alignment.CenterVertically,
  826 |         horizontalArrangement = Arrangement.spacedBy(12.dp)
  827 |     ) {
  828 |         Icon(
  829 |             imageVector = icon,
  830 |             contentDescription = null,
  831 |             tint = MaterialTheme.colorScheme.onSurfaceVariant,
  832 |             modifier = Modifier.size(22.dp)
  833 |         )
  834 |         Column(modifier = Modifier.weight(1f)) {
  835 |             Text(
  836 |                 text = title,
  837 |                 style = MaterialTheme.typography.bodyLarge,
  838 |                 maxLines = 1,
  839 |                 overflow = TextOverflow.Ellipsis
  840 |             )
  841 |             Text(
  842 |                 text = subtitle,
  843 |                 style = MaterialTheme.typography.bodySmall,
  844 |                 color = MaterialTheme.colorScheme.onSurfaceVariant
  845 |             )
  846 |         }
  847 |         Checkbox(checked = checked, onCheckedChange = { onToggle() })
  848 |     }
  849 | }
  850 | 
  851 | @Composable
  852 | private fun ReviewStep(
  853 |     state: AddServerUiState,
  854 |     descriptor: com.dot.gallery.cloud.ui.descriptor.ProviderUiDescriptor
  855 | ) {
  856 |     val none = stringResource(R.string.cloud_review_none)
  857 |     Column(verticalArrangement = Arrangement.spacedBy(12.dp)) {
  858 |         ReviewRow(stringResource(R.string.cloud_review_provider), descriptor.providerType.displayName)
  859 |         ReviewRow(stringResource(R.string.cloud_display_name), state.displayName.ifBlank { none })
  860 |         ReviewRow(stringResource(R.string.cloud_review_external_url), state.serverUrl.ifBlank { none })
  861 |         if (state.autoUrlSwitch) {
  862 |             ReviewRow(stringResource(R.string.cloud_review_local_url), state.localServerUrl.ifBlank { none })
  863 |             ReviewRow("
pilot-0012,r0196,IacobIonut01__ReFra,IacobIonut01__ReFra/app/src/main/kotlin/com/dot/gallery/cloud/ui/people/PeopleListScreen.kt,254.0,PersonGridItem,clickable_icon_not_iconbutton,ISSUE,missing_semantics_role,adjudicated,FP_DETECTOR,ISSUE,missing_semantics_role,NO_ISSUE,none,missing_content_description,R2 missing Role.Button on clickable container,".clickable(onClick = onClick),","  239 | private fun PersonGridItem(
  240 |     person: PersonInfo,
  241 |     onClick: () -> Unit
  242 | ) {
  243 |     Column(
  244 |         horizontalAlignment = Alignment.CenterHorizontally,
  245 |         verticalArrangement = Arrangement.spacedBy(16.dp)
  246 |     ) {
  247 |         if (person.thumbnailUrl != null) {
  248 |             GlideImage(
  249 |                 model = person.thumbnailUrl.toUri(),
  250 |                 contentDescription = person.name,
  251 |                 modifier = Modifier
  252 |                     .size(100.dp)
  253 |                     .clip(CircleShape)
  254 |                     .clickable(onClick = onClick),
  255 |                 contentScale = ContentScale.Crop
  256 |             )
  257 |         } else {
  258 |             Box(
  259 |                 modifier = Modifier
  260 |                     .size(100.dp)
  261 |                     .clip(CircleShape)
  262 |                     .background(MaterialTheme.colorScheme.surfaceVariant)
  263 |                     .clickable(onClick = onClick),
  264 |                 contentAlignment = Alignment.Center
  265 |             ) {
  266 |                 Icon(
  267 |                     Icons.Outlined.Person, null,
  268 |                     modifier = Modifier.size(48.dp),
  269 |                     tint = MaterialTheme.colorScheme.onSurfaceVariant
  270 |                 )
  271 |             }
  272 |         }
  273 |         Text(
  274 |             text = person.name.ifBlank { stringResource(R.string.cloud_people_unknown) },
  275 |             style = MaterialTheme.typography.bodyLarge,
  276 |             textAlign = TextAlign.Center,
  277 |             maxLines = 1,
  278 |             overflow = TextOverflow.Ellipsis
  279 |         )
  280 |     }
  281 | }"
pilot-0013,r0163,maximilian-schwaerzler__Do-It,maximilian-schwaerzler__Do-It/app/src/main/java/at/co/schwaerzler/maximilian/doit/ui/navigation/screen/SettingsScreen.kt,175.0,SettingsScreenContent,clickable_icon_not_iconbutton,ISSUE,missing_semantics_role,adjudicated,FP_DETECTOR,ISSUE,missing_semantics_role,NO_ISSUE,none,,R2 missing Role.Button on clickable container,modifier = Modifier.clickable { showThemeDialog = true },"  163 |             ) {
  164 |                 SettingsSectionHeader(stringResource(R.string.settings_section_general))
  165 |                 ListItem(
  166 |                     headlineContent = {
  167 |                         Text(stringResource(R.string.theme))
  168 |                     },
  169 |                     supportingContent = {
  170 |                         Text(stringResource(themeMode.labelRes))
  171 |                     },
  172 |                     leadingContent = {
  173 |                         Icon(painterResource(themeMode.iconRes), contentDescription = null)
  174 |                     },
  175 |                     modifier = Modifier.clickable { showThemeDialog = true }
  176 |                 )
  177 | 
  178 |                 ListItem(
  179 |                     headlineContent = {
  180 |                         Text(stringResource(R.string.dynamic_color_setting_label))
  181 |                     },
  182 |                     leadingContent = {
  183 |                         Icon(painterResource(R.drawable.colors_24px), contentDescription = null)
  184 |                     },
  185 |                     trailingContent = { Switch(useDynamicColors, { onSetUseDynamicColors(it) }) }
  186 |                 )
  187 | 
  188 |                 ListItem(
  189 |                     headlineContent = {
  190 |                         Text(stringResource(R.string.settings_language))
  191 |                     },
  192 |                     supportingContent = {
  193 |                         Text(currentLanguageDisplay)
  194 |                     },
  195 |                     leadingContent = {
  196 |                         Icon(painterResource(R.drawable.language_24px), contentDescription = null)
  197 |                     },
  198 |                     modifier = Modifier.clickable { showLanguageDialog = true }
  199 |                 )
  200 | 
  201 |                 ListItem(
  202 |                     headlineContent = {
  203 |                         Text(stringResource(R.string.settings_notif_lead_time))
  204 |                     },
  205 |                     supportingContent = {
  206 |                         ExposedDropdownMenuBox(
  207 |                             expanded = notifLeadTimeExpanded,
  208 |                             onExpandedChange = { notifLeadTimeExpanded = it },
  209 |                             modifier = Modifier.fillMaxWidth()
  210 |                         ) {
  211 |                             OutlinedTextField(
  212 |                                 value = stringResource(notificationLeadTime.labelRes),
  213 |                                 onValueChange = {},
  214 |                                 readOnly = true,
  215 |                                 trailingIcon = {"
pilot-0014,r0264,maxwhipw__marmalade-tts-android,maxwhipw__marmalade-tts-android/app/src/main/java/app/marmalade/tts/ui/screen/SpeakScreen.kt,485.0,PersonaSheet,clickable_icon_not_iconbutton,ISSUE,missing_semantics_role,adjudicated,FP_DETECTOR,ISSUE,missing_semantics_role,NO_ISSUE,none,,R2 missing Role.Button on clickable container,modifier = Modifier.clickable {,"  473 |                             }
  474 |                         }
  475 |                     },
  476 |                     trailingContent = {
  477 |                         if (persona.id == activeId) {
  478 |                             Icon(
  479 |                                 imageVector = Icons.Filled.Check,
  480 |                                 contentDescription = stringResource(R.string.speak_persona_selected),
  481 |                                 tint = MaterialTheme.colorScheme.primary,
  482 |                             )
  483 |                         }
  484 |                     },
  485 |                     modifier = Modifier.clickable {
  486 |                         onPick(persona.id)
  487 |                         onDismiss()
  488 |                     },
  489 |                 )
  490 |             }
  491 |         }
  492 |         HorizontalDivider()
  493 |         ListItem(
  494 |             headlineContent = { Text(stringResource(R.string.speak_pick_voice_directly)) },
  495 |             leadingContent = {
  496 |                 Icon(MarmaladeIcons.Speak, contentDescription = null)
  497 |             },
  498 |             modifier = Modifier.clickable {
  499 |                 onPickVoice()
  500 |                 onDismiss()
  501 |             },
  502 |         )
  503 |         ListItem(
  504 |             headlineContent = { Text(stringResource(R.string.speak_new_persona)) },
  505 |             leadingContent = {
  506 |                 Icon(Icons.Filled.Add, contentDescription = null)
  507 |             },
  508 |             modifier = Modifier.clickable {
  509 |                 onCreate()
  510 |                 onDismiss()
  511 |             },
  512 |         )
  513 |         Spacer(Modifier.height(12.dp))
  514 |     }
  515 | }
  516 | 
  517 | // Idle says nothing. ""Ready"" was permanent furniture that carried no
  518 | // information — the enabled Speak button already says the app is ready,
  519 | // and a line that never changes stops being read, which costs the states
  520 | // that DO matter their glance value. The Box keeps its height reserved so
  521 | // nothing below shifts when a real message arrives.
  522 | @Composable
  523 | private fun statusText(state: PlaybackState, installCta: String): String = when (state) {
  524 |     is PlaybackState.Idle -> """"
  525 |     is PlaybackState.Loading -> stringResource(R.string.speak_status_loading, state.engineDisplayName)"
pilot-0015,r0236,piratecash__pcash-wallet,piratecash__pcash-wallet/app/src/main/java/cash/p/terminal/ui/compose/components/BottomSheetsElements.kt,118.0,BottomSheetsElementsHeader,clickable_icon_not_iconbutton,ISSUE,clickable_icon_not_iconbutton,agreed,TP,ISSUE,clickable_icon_not_iconbutton,ISSUE,clickable_icon_not_iconbutton,"missing_content_description,missing_content_description;touch_target_size,missing_semantics_role,touch_target_size",,".clickable(onClick = onClickClose),","   91 | fun BottomSheetsElementsHeader(
   92 |     icon: Painter,
   93 |     title: String,
   94 |     subtitle: String,
   95 |     onClickClose: () -> Unit
   96 | ) {
   97 |     Row(
   98 |         modifier = Modifier
   99 |             .fillMaxWidth()
  100 |             .height(64.dp)
  101 |             .padding(start = 12.dp, top = 12.dp, end = 12.dp, bottom = 9.dp)
  102 |     ) {
  103 |         Image(
  104 |             modifier = Modifier.size(24.dp),
  105 |             painter = icon,
  106 |             contentDescription = null
  107 |         )
  108 |         Spacer(modifier = Modifier.width(12.dp))
  109 |         Column {
  110 |             headline2_leah(text = title)
  111 |             Spacer(modifier = Modifier.height(4.dp))
  112 |             subhead2_grey(text = subtitle)
  113 |         }
  114 |         Spacer(modifier = Modifier.weight(1f))
  115 |         Icon(
  116 |             modifier = Modifier
  117 |                 .size(24.dp)
  118 |                 .clickable(onClick = onClickClose),
  119 |             painter = painterResource(R.drawable.icon_24_close_3),
  120 |             contentDescription = null,
  121 |             tint = ComposeAppTheme.colors.grey
  122 |         )
  123 |     }
  124 | }
  125 | 
  126 | @Composable
  127 | fun BottomSheetsElementsCheckbox(
  128 |     onCheckedChange: (Boolean) -> Unit
  129 | ) {
  130 |     Column(modifier = Modifier.fillMaxWidth()) {
  131 |         Divider(
  132 |             thickness = 1.dp,
  133 |             color = ComposeAppTheme.colors.steel10,
  134 |         )
  135 |         Row(
  136 |             modifier = Modifier
  137 |                 .fillMaxWidth()
  138 |                 .padding(vertical = 14.dp, horizontal = 16.dp),
  139 |             verticalAlignment = Alignment.CenterVertically
  140 |         ) {
  141 |             var checked by remember { mutableStateOf(false) }
  142 |             HsCheckbox(
  143 |                 checked = checked,
  144 |                 onCheckedChange = {
  145 |                     checked = it
  146 |                     onCheckedChange.invoke(it)
  147 |                 }
  148 |             )
  149 |             Spacer(modifier = Modifier.width(16.dp))
  150 |             subhead2_leah(text = stringResource(R.string.Restore_ZCash_RestoreAsNew))
  151 |         }
  152 |     }
  153 | }"
pilot-0016,r0089,akexorcist__ruam-mij-android,akexorcist__ruam-mij-android/feature/overview/src/main/kotlin/com/akexorcist/ruammij/feature/overview/OverviewScreen.kt,363.0,UnverifiedInstalledAppItem,clickable_icon_not_iconbutton,ISSUE,missing_semantics_role,adjudicated,FP_DETECTOR,ISSUE,missing_semantics_role,NO_ISSUE,none,,R2 missing Role.Button on clickable container,.clickable { onInstallerClick(packageName) },"  348 | private fun UnverifiedInstalledAppItem(
  349 |     name: String?,
  350 |     packageName: String?,
  351 |     appCount: Int,
  352 |     onInstallerClick: (packageName: String?) -> Unit,
  353 | ) {
  354 |     Row(
  355 |         modifier = Modifier
  356 |             .fillMaxWidth()
  357 |             .border(
  358 |                 width = 1.dp,
  359 |                 color = MaterialTheme.colorScheme.outline,
  360 |                 shape = RoundedCornerShape(6.dp),
  361 |             )
  362 |             .clip(shape = RoundedCornerShape(6.dp))
  363 |             .clickable { onInstallerClick(packageName) }
  364 |             .padding(8.dp),
  365 |         verticalAlignment = Alignment.CenterVertically,
  366 |     ) {
  367 |         Icon(
  368 |             modifier = Modifier.size(24.dp),
  369 |             painter = rememberVectorPainter(Icons.Outlined.Warning),
  370 |             contentDescription = stringResource(R.string.description_unsafe),
  371 |             tint = MaterialAdditionColorScheme.colorScheme.warning,
  372 |         )
  373 |         Spacer(modifier = Modifier.width(8.dp))
  374 |         Column(modifier = Modifier.weight(1f)) {
  375 |             BoldBodyText(text = name ?: stringResource(R.string.installed_app_installer_unknown))
  376 |             if (packageName != null) {
  377 |                 BoldBodyText(text = packageName)
  378 |             }
  379 |             BodyText(
  380 |                 text = pluralStringResource(
  381 |                     R.plurals.installed_app_installer_amount,
  382 |                     appCount,
  383 |                     appCount
  384 |                 )
  385 |             )
  386 |         }
  387 |         Icon(
  388 |             modifier = Modifier.size(24.dp),
  389 |             painter = rememberVectorPainter(Icons.AutoMirrored.Filled.KeyboardArrowRight),
  390 |             contentDescription = stringResource(R.string.description_more_info),
  391 |             tint = MaterialTheme.colorScheme.onSurface,
  392 |         )
  393 |     }
  394 | }
  395 | 
  396 | @Composable
  397 | private fun MediaProjectionSection(
  398 |     runningApps: List<MediaProjectionApp>,
  399 |     onMediaProjectionAppClick: (packageName: String) -> Unit,
  400 | ) {
  401 |     SectionCard(
  402 |         modifier = Modifier.fillMaxWidth(),
  403 |     ) {"
pilot-0017,r0096,Angel-Studio__SoundTap,Angel-Studio__SoundTap/app/src/main/java/fr/angel/soundtap/ui/components/MediaCards.kt,393.0,PlaybackCard,clickable_icon_not_iconbutton,ISSUE,clickable_icon_not_iconbutton,adjudicated,TP,ISSUE,clickable_icon_not_iconbutton,NO_ISSUE,none,"missing_semantics_role,touch_target_size",R3 named but roleless raw .clickable; confirm <48dp if downgrading,.clickable(,"  381 | 					Row(
  382 | 						modifier =
  383 | 							Modifier
  384 | 								.padding(end = 24.dp, bottom = 24.dp),
  385 | 						horizontalArrangement = Arrangement.spacedBy(8.dp),
  386 | 						verticalAlignment = Alignment.CenterVertically,
  387 | 					) {
  388 | 						Icon(
  389 | 							modifier =
  390 | 								Modifier
  391 | 									.padding(4.dp)
  392 | 									.size(24.dp)
  393 | 									.clickable(
  394 | 										interactionSource = remember { MutableInteractionSource() },
  395 | 										indication =
  396 | 											rememberRipple(
  397 | 												bounded = false,
  398 | 												color = Color.White,
  399 | 												radius = 400.dp,
  400 | 											),
  401 | 										onClick = { media.skipToPrevious() },
  402 | 									),
  403 | 							imageVector = Icons.Outlined.SkipPrevious,
  404 | 							contentDescription = ""Previous track"",
  405 | 							tint = Color.White,
  406 | 						)
  407 | 						FilledTonalIconButton(
  408 | 							modifier = Modifier.size(48.dp),
  409 | 							shape = RoundedCornerShape(playbackCornerRadius),
  410 | 							onClick = { media.togglePlayPause() },
  411 | 							colors =
  412 | 								IconButtonDefaults.filledTonalIconButtonColors(
  413 | 									containerColor = containerColor,
  414 | 									contentColor = Color.Black,
  415 | 								),
  416 | 						) {
  417 | 							Icon(
  418 | 								imageVector = if (media.isPlaying) Icons.Default.Pause else Icons.Default.PlayArrow,
  419 | 								contentDescription = ""Play/Pause"",
  420 | 							)
  421 | 						}
  422 | 
  423 | 						Icon(
  424 | 							modifier =
  425 | 								Modifier
  426 | 									.padding(4.dp)
  427 | 									.size(24.dp)
  428 | 									.clickable(
  429 | 										interactionSource = remember { MutableInteractionSource() },
  430 | 										indication =
  431 | 											rememberRipple(
  432 | 												bounded = false,
  433 | 												color = Color.White,"
pilot-0018,r0031,Waboodoo__HTTP-Shortcuts,Waboodoo__HTTP-Shortcuts/HTTPShortcuts/app/src/main/kotlin/ch/rmy/android/http_shortcuts/activities/documentation/DocumentationScreen.kt,200.0,SearchBar,clickable_icon_not_iconbutton,ISSUE,clickable_icon_not_iconbutton,adjudicated,TP,ISSUE,clickable_icon_not_iconbutton,NO_ISSUE,none,"missing_semantics_role,touch_target_size",R3 named but roleless raw .clickable; confirm <48dp if downgrading,.clickable(,"  188 |                 text = ""$current/$total"",
  189 |                 maxLines = 1,
  190 |                 fontSize = FontSize.SMALL,
  191 |             )
  192 |         }
  193 | 
  194 |         Row(modifier = Modifier.padding(end = Spacing.SMALL)) {
  195 |             val enabled = results?.second?.let { it > 1 } == true
  196 |             Icon(
  197 |                 painterResource(R.drawable.outline_keyboard_arrow_up_24),
  198 |                 contentDescription = stringResource(R.string.accessibility_search_go_to_previous),
  199 |                 modifier = Modifier
  200 |                     .clickable(
  201 |                         interactionSource = remember { MutableInteractionSource() },
  202 |                         indication = ripple(bounded = false),
  203 |                         enabled = enabled,
  204 |                         onClick = {
  205 |                             onNext(SearchDirection.PREVIOUS)
  206 |                         },
  207 |                     )
  208 |                     .padding(horizontal = Spacing.SMALL)
  209 |                     .runIf(!enabled) {
  210 |                         alpha(0.3f)
  211 |                     },
  212 |             )
  213 |             Icon(
  214 |                 painterResource(R.drawable.outline_keyboard_arrow_down_24),
  215 |                 contentDescription = stringResource(R.string.accessibility_search_go_to_next),
  216 |                 modifier = Modifier
  217 |                     .clickable(
  218 |                         interactionSource = remember { MutableInteractionSource() },
  219 |                         indication = ripple(bounded = false),
  220 |                         enabled = enabled,
  221 |                         onClick = {
  222 |                             onNext(SearchDirection.NEXT)
  223 |                         },
  224 |                     )
  225 |                     .padding(horizontal = Spacing.SMALL)
  226 |                     .runIf(!enabled) {
  227 |                         alpha(0.3f)
  228 |                     },
  229 |             )
  230 |         }
  231 | 
  232 |         LaunchedEffect(Unit) {
  233 |             focusRequester.requestFocus()
  234 |             delay(50.milliseconds)
  235 |             keyboard?.show()
  236 |         }
  237 |     }
  238 | }"
pilot-0019,r0108,Pool-Of-Tears__Myne,Pool-Of-Tears__Myne/app/src/main/java/com/starry/myne/ui/screens/settings/composables/AboutScreen.kt,199.0,LinkButton,clickable_icon_not_iconbutton,ISSUE,missing_semantics_role,adjudicated,FP_DETECTOR,ISSUE,missing_semantics_role,NO_ISSUE,none,touch_target_size,R2 missing Role.Button on clickable container,.clickable { onClick() },"  187 | 
  188 | }
  189 | 
  190 | @Composable
  191 | private fun LinkButton(
  192 |     text: String,
  193 |     icon: ImageVector,
  194 |     onClick: () -> Unit,
  195 | ) {
  196 |     Row(
  197 |         verticalAlignment = Alignment.CenterVertically,
  198 |         modifier = Modifier
  199 |             .clickable { onClick() }
  200 |             .padding(all = 4.dp),
  201 |     ) {
  202 |         Icon(
  203 |             imageVector = icon,
  204 |             contentDescription = null,
  205 |             modifier = Modifier.size(size = 18.dp),
  206 |             tint = MaterialTheme.colorScheme.onSurface
  207 |         )
  208 | 
  209 |         Text(
  210 |             text = text.uppercase(),
  211 |             fontWeight = FontWeight.SemiBold,
  212 |             fontFamily = poppinsFont,
  213 |             color = MaterialTheme.colorScheme.onSurface,
  214 |             modifier = Modifier.padding(start = 4.dp),
  215 |         )
  216 |     }
  217 | }
  218 | 
  219 | @Composable
  220 | private fun AppInfoCard() {
  221 |     Card(
  222 |         modifier = Modifier
  223 |             .fillMaxWidth()
  224 |             .padding(start = 14.dp, end = 14.dp),
  225 |         colors = CardDefaults.cardColors(
  226 |             containerColor = MaterialTheme.colorScheme.surfaceColorAtElevation(
  227 |                 4.dp
  228 |             )
  229 |         ),
  230 |     ) {
  231 |         Box(
  232 |             modifier = Modifier
  233 |                 .fillMaxWidth()
  234 |                 .height(245.dp)
  235 |         ) {
  236 |             AsyncImage(
  237 |                 model = R.drawable.about_screen_bg,
  238 |                 contentDescription = null,
  239 |                 alpha = 0.35f,"
pilot-0020,r0083,GetStream__whatsApp-clone-compose,GetStream__whatsApp-clone-compose/features/chats/src/main/kotlin/io/getstream/whatsappclone/chats/messages/WhatsAppMessageTopBar.kt,56.0,WhatsAppMessageTopBar,clickable_icon_not_iconbutton,ISSUE,clickable_icon_not_iconbutton,agreed,TP,ISSUE,clickable_icon_not_iconbutton,ISSUE,clickable_icon_not_iconbutton,"missing_content_description,missing_content_description;touch_target_size,missing_semantics_role,touch_target_size",,.clickable {,"   44 | @Composable
   45 | fun WhatsAppMessageTopBar(
   46 |   messageUiState: WhatsAppMessageUiState,
   47 |   navigateToVideoCall: (Boolean) -> Unit,
   48 |   onBackClick: () -> Unit
   49 | ) {
   50 |   TopAppBar(
   51 |     modifier = Modifier.fillMaxWidth(),
   52 |     navigationIcon = {
   53 |       Icon(
   54 |         modifier = Modifier
   55 |           .size(26.dp)
   56 |           .clickable {
   57 |             onBackClick()
   58 |           },
   59 |         imageVector = WhatsAppIcons.ArrowBack,
   60 |         tint = MaterialTheme.colorScheme.tertiary,
   61 |         contentDescription = null
   62 |       )
   63 |     },
   64 |     title = {
   65 |       WhatsAppMessageUserInfo(messageUiState = messageUiState)
   66 |     },
   67 |     actions = {
   68 |       Icon(
   69 |         modifier = Modifier
   70 |           .size(26.dp)
   71 |           .clickable {
   72 |             navigateToVideoCall(true)
   73 |           },
   74 |         imageVector = WhatsAppIcons.Video,
   75 |         tint = MaterialTheme.colorScheme.tertiary,
   76 |         contentDescription = null
   77 |       )
   78 | 
   79 |       Spacer(modifier = Modifier.size(16.dp))
   80 | 
   81 |       Icon(
   82 |         modifier = Modifier
   83 |           .size(26.dp)
   84 |           .clickable {
   85 |             navigateToVideoCall(false)
   86 |           },
   87 |         imageVector = WhatsAppIcons.Call,
   88 |         tint = MaterialTheme.colorScheme.tertiary,
   89 |         contentDescription = null
   90 |       )
   91 | 
   92 |       Spacer(modifier = Modifier.size(16.dp))
   93 | 
   94 |       Icon(
   95 |         modifier = Modifier.size(26.dp),
   96 |         imageVector = WhatsAppIcons.MoreVert,"
pilot-0021,r0295,modelorona__TapLock,modelorona__TapLock/app/src/main/java/com/ah/taplock/SettingsComponents.kt,189.0,DoubleTapTestArea,color_contrast,NO_ISSUE,none,adjudicated,FP,NO_ISSUE,none,UNSURE,,,,val borderColor = if (showSuccess) Color(0xFF4CAF50) else MaterialTheme.colorScheme.outline,"  177 |                 modifier = Modifier.padding(top = 8.dp),
  178 |                 verticalArrangement = Arrangement.spacedBy(8.dp),
  179 |                 content = content
  180 |             )
  181 |         }
  182 |     }
  183 | }
  184 | 
  185 | @Composable
  186 | fun DoubleTapTestArea(timeoutMs: Int) {
  187 |     val detector = remember { DoubleTapDetector() }
  188 |     var showSuccess by remember { mutableStateOf(false) }
  189 |     val borderColor = if (showSuccess) Color(0xFF4CAF50) else MaterialTheme.colorScheme.outline
  190 | 
  191 |     LaunchedEffect(showSuccess) {
  192 |         if (showSuccess) {
  193 |             delay(1000)
  194 |             showSuccess = false
  195 |         }
  196 |     }
  197 | 
  198 |     Box(
  199 |         modifier = Modifier
  200 |             .fillMaxWidth()
  201 |             .height(80.dp)
  202 |             .border(
  203 |                 width = 2.dp,
  204 |                 color = borderColor,
  205 |                 shape = RoundedCornerShape(12.dp)
  206 |             )
  207 |             .pointerInput(timeoutMs) {
  208 |                 detectTapGestures {
  209 |                     if (detector.onTap(timeoutMs)) {
  210 |                         showSuccess = true
  211 |                     }
  212 |                 }
  213 |             },
  214 |         contentAlignment = Alignment.Center
  215 |     ) {
  216 |         if (showSuccess) {
  217 |             Row(
  218 |                 horizontalArrangement = Arrangement.spacedBy(8.dp),
  219 |                 verticalAlignment = Alignment.CenterVertically
  220 |             ) {
  221 |                 Icon(
  222 |                     Icons.Filled.Check,
  223 |                     contentDescription = null,
  224 |                     tint = Color(0xFF4CAF50),
  225 |                     modifier = Modifier.size(24.dp)
  226 |                 )
  227 |                 Text(
  228 |                     stringResource(R.string.tap_test_success),
  229 |                     color = Color(0xFF4CAF50),"
pilot-0022,r0282,RevenueCat__purchases-android,RevenueCat__purchases-android/ui/revenuecatui/src/main/kotlin/com/revenuecat/purchases/ui/revenuecatui/components/LoadedPaywallComponentsPreviews.kt,1225.0,LoadedPaywallComponents_Preview_CenteredBodyFooter,color_contrast,NO_ISSUE,none,agreed,FP,NO_ISSUE,none,NO_ISSUE,none,,,val textColor = ColorScheme(light = ColorInfo.Hex(Color(0xFF272727).toArgb()))," 1213 |         modifier = Modifier.fillMaxSize(),
 1214 |     )
 1215 | }
 1216 | 
 1217 | /**
 1218 |  * A small, vertically centered body with a sticky footer. The body must center within the space
 1219 |  * *above* the footer (matching the pre-overlap behavior), not the whole screen.
 1220 |  */
 1221 | @Suppress(""LongMethod"", ""MagicNumber"")
 1222 | @Preview(name = ""CenteredBodyFooter"", showSystemUi = true)
 1223 | @Composable
 1224 | private fun LoadedPaywallComponents_Preview_CenteredBodyFooter() {
 1225 |     val textColor = ColorScheme(light = ColorInfo.Hex(Color(0xFF272727).toArgb()))
 1226 |     val backgroundColor = ColorScheme(light = ColorInfo.Hex(Color(0xFFFDFDFD).toArgb()))
 1227 |     val footerColor = ColorScheme(light = ColorInfo.Hex(Color(0x99057C5B).toArgb()))
 1228 |     val ctaTextColor = ColorScheme(light = ColorInfo.Hex(Color.White.toArgb()))
 1229 |     val ctaBackgroundColor = ColorScheme(light = ColorInfo.Hex(Color(0xFF0A3D2E).toArgb()))
 1230 | 
 1231 |     val data = PaywallComponentsData(
 1232 |         id = ""preview_centered_body_footer"",
 1233 |         templateName = ""template"",
 1234 |         assetBaseURL = URL(""https://assets.pawwalls.com""),
 1235 |         componentsConfig = ComponentsConfig(
 1236 |             base = PaywallComponentsConfig(
 1237 |                 stack = StackComponent(
 1238 |                     components = listOf(
 1239 |                         TextComponent(
 1240 |                             text = LocalizationKey(""title""),
 1241 |                             color = textColor,
 1242 |                             fontWeight = FontWeight.BOLD,
 1243 |                             fontSize = 28,
 1244 |                             horizontalAlignment = CENTER,
 1245 |                             size = Size(width = Fill(), height = Fit()),
 1246 |                             margin = Padding(top = 0.0, bottom = 12.0, leading = 32.0, trailing = 32.0),
 1247 |                         ),
 1248 |                         TextComponent(
 1249 |                             text = LocalizationKey(""subtitle""),
 1250 |                             color = textColor,
 1251 |                             horizontalAlignment = CENTER,
 1252 |                             size = Size(width = Fill(), height = Fit()),
 1253 |                             margin = Padding(top = 0.0, bottom = 0.0, leading = 32.0, trailing = 32.0),
 1254 |                         ),
 1255 |                     ),
 1256 |                     dimension = Vertical(alignment = CENTER, distribution = FlexDistribution.CENTER),
 1257 |                     size = Size(width = Fill(), height = Fill()),
 1258 |                 ),
 1259 |                 background = Background.Color(backgroundColor),
 1260 |                 stickyFooter = StickyFooterComponent(
 1261 |                     stack = StackComponent(
 1262 |                         components = listOf(
 1263 |                             StackComponent(
 1264 |                                 components = listOf(
 1265 |                                     TextComponent("
pilot-0023,r0067,hosizoraru__KeiOS,hosizoraru__KeiOS/app/src/main/java/os/kei/ui/page/main/widget/core/AppOverviewCards.kt,241.0,AppOverviewInlineMetricTile,color_contrast,UNSURE,none,adjudicated,UNSURE,UNSURE,color_contrast,UNSURE,,,CATEGORY ONLY: both agree on verdict; pick category,Color(0xFF0F1115).copy(alpha = 0.32f),"  221 | fun AppOverviewInlineMetricTile(
  222 |     label: String,
  223 |     value: String,
  224 |     modifier: Modifier = Modifier,
  225 |     labelColor: Color = MiuixTheme.colorScheme.onBackgroundVariant,
  226 |     valueColor: Color = MiuixTheme.colorScheme.onBackground,
  227 |     containerColor: Color? = null,
  228 |     borderColor: Color? = null,
  229 |     labelMaxLines: Int = 2,
  230 |     valueMaxLines: Int = 2,
  231 |     labelWeight: Float = 0.58f,
  232 |     valueWeight: Float = 0.42f,
  233 |     showLabel: Boolean = true,
  234 |     valueTextAlign: TextAlign = TextAlign.End,
  235 |     backdrop: Backdrop? = null,
  236 |     emphasizedValue: Boolean = true,
  237 | ) {
  238 |     val isDark = isAppInDarkTheme()
  239 |     val resolvedContainerColor =
  240 |         containerColor ?: if (isDark) {
  241 |             Color(0xFF0F1115).copy(alpha = 0.32f)
  242 |         } else {
  243 |             Color.White.copy(alpha = 0.58f)
  244 |         }
  245 |     val resolvedOverlayColor =
  246 |         if (containerColor != null) {
  247 |             Color.Transparent
  248 |         } else if (isDark) {
  249 |             Color.White.copy(alpha = 0.05f)
  250 |         } else {
  251 |             Color(0xFFDCEBFF).copy(alpha = 0.22f)
  252 |         }
  253 |     val resolvedBorderColor =
  254 |         borderColor ?: if (isDark) {
  255 |             Color.White.copy(alpha = 0.17f)
  256 |         } else {
  257 |             Color.White.copy(alpha = 0.84f)
  258 |         }
  259 |     val cornerRadius = 12.dp
  260 |     val parentBackdrop = LocalLiquidParentBackdrop.current
  261 |     val effectiveBackdrop = backdrop ?: parentBackdrop
  262 |     val tileModifier =
  263 |         modifier
  264 |             .then(
  265 |                 if (effectiveBackdrop == null) {
  266 |                     Modifier
  267 |                         .appSquircleBackground(resolvedContainerColor, cornerRadius)
  268 |                         .appSquircleBackground(resolvedOverlayColor, cornerRadius)
  269 |                 } else {
  270 |                     Modifier
  271 |                 },
  272 |             ).appSquircleBorder(width = 1.dp, color = resolvedBorderColor, cornerRadius = cornerRadius)
  273 |     val content: @Composable () -> Unit = {
  274 |         Row(
  275 |             modifier =
  276 |                 Modifier
  277 |                     .fillMaxWidth()
  278 |                     .padding(
  279 |                         horizontal = CardLayoutRhythm.metricCardHorizontalPadding,
  280 |                         vertical = CardLayoutRhythm.metricCardVerticalPadding,
  281 |                     ),"
pilot-0024,r0225,higorslva__biketrackd,higorslva__biketrackd/app/src/main/java/com/biketrackd/app/ui/screens/StatsScreen.kt,385.0,StatsScreen,color_contrast,NO_ISSUE,none,adjudicated,FP,NO_ISSUE,none,UNSURE,,,,"color = Color(0xFF4CAF50),","  373 |                             val barCount = data.size
  374 |                             if (barCount == 0) return@Canvas
  375 |                             val gap = 8.dp.toPx()
  376 |                             val barWidth = (size.width - gap * (barCount + 1)) / barCount
  377 |                             val chartHeight = size.height - 4.dp.toPx()
  378 | 
  379 |                             data.forEachIndexed { i, (_, dist) ->
  380 |                                 val barHeight = if (maxDist > 0) (dist / maxDist) * chartHeight else 0f
  381 |                                 val x = gap + i * (barWidth + gap)
  382 |                                 val y = size.height - barHeight
  383 | 
  384 |                                 drawRoundRect(
  385 |                                     color = Color(0xFF4CAF50),
  386 |                                     topLeft = Offset(x, y),
  387 |                                     size = Size(barWidth, barHeight),
  388 |                                     cornerRadius = CornerRadius(4.dp.toPx()),
  389 |                                 )
  390 |                             }
  391 |                         }
  392 |                     }
  393 | 
  394 |                     if (data.isNotEmpty()) {
  395 |                         Spacer(modifier = Modifier.height(4.dp))
  396 |                         Row(
  397 |                             modifier = Modifier.fillMaxWidth(),
  398 |                             horizontalArrangement = Arrangement.SpaceEvenly,
  399 |                         ) {
  400 |                             data.forEach { (label, _) ->
  401 |                                 val display = if (showWeekly)
  402 |                                     ""S"" + label.substringAfter(""-"")
  403 |                                 else
  404 |                                     label.substringAfter(""-"")
  405 |                                 Text(
  406 |                                     text = display,
  407 |                                     fontSize = (9 * fontScale).sp,
  408 |                                     color = MaterialTheme.colorScheme.onSurfaceVariant,
  409 |                                 )
  410 |                             }
  411 |                         }
  412 |                     }
  413 |                 }
  414 |             }
  415 |         }
  416 | 
  417 |         // === Streak section ===
  418 |         item { Spacer(modifier = Modifier.height(24.dp)) }
  419 | 
  420 |         item {
  421 |             Text(
  422 |                 text = stringResource(R.string.section_streak),
  423 |                 style = MaterialTheme.typography.titleMedium,
  424 |                 fontWeight = FontWeight.SemiBold,
  425 |             )"
pilot-0025,r0034,iOrchid__android-jetpack-demo,iOrchid__android-jetpack-demo/compose/src/main/java/org/zhiwei/compose/screen/basic/material3/ButtonScreen.kt,205.0,Button_Screen,color_contrast,ISSUE,color_contrast,agreed,TP,ISSUE,color_contrast,ISSUE,color_contrast,,,"containerColor = Color(0xFFD2D97A),","  193 |             Row(
  194 |                 Modifier
  195 |                     .fillMaxWidth()
  196 |                     .padding(5.dp), horizontalArrangement = Arrangement.SpaceEvenly
  197 |             ) {
  198 |                 Button(
  199 |                     onClick = {},
  200 |                     //注意使用colors的方式可以多样，ButtonColors构建，
  201 |                     // 或者ButtonDefaults对应按钮colors的copy或者构建
  202 | //                    colors = ButtonDefaults.buttonColors().copy(),
  203 | //                    colors = ButtonDefaults.buttonColors(),
  204 |                     colors = ButtonDefaults.buttonColors(
  205 |                         containerColor = Color(0xFFD2D97A),
  206 |                         contentColor = Color(0xFFFFFFFF),
  207 |                         disabledContainerColor = Color(0xFFD2D97A),
  208 |                         disabledContentColor = Color(0xFFD2D97A)
  209 |                     ),
  210 |                     //悬浮高度，可细分为默认，按压下的，禁用时的等
  211 |                     elevation = ButtonDefaults.buttonElevation(defaultElevation = 5.dp),
  212 |                     border = BorderStroke(2.dp, Color.Red),//加边框，可用纯色，也可以用brush多色
  213 |                 ) {
  214 |                     Text(text = ""槐花黄绿"")
  215 |                 }
  216 |                 //其他按钮的elevation、border等属性也是触类旁通，不再逐一演示
  217 |                 TextButton(
  218 |                     onClick = {},
  219 |                     colors = ButtonDefaults.textButtonColors(contentColor = Color(0xFF41AE3C))
  220 |                 ) {
  221 |                     Text(text = ""宝石绿"")
  222 |                 }
  223 |                 //似乎只能通过modifier来实现渐变色背景的按钮；fixme 后续学完graphic等应该会有其他方案。
  224 |                 Button(
  225 |                     onClick = { },
  226 |                     colors = ButtonDefaults.textButtonColors(),
  227 |                     modifier = Modifier.background(
  228 |                         Brush.horizontalGradient(
  229 |                             listOf(
  230 |                                 Color(0xFFF97D1C),
  231 |                                 Color(0xFF41AE3C),
  232 |                                 Color(0xFFBEC936)
  233 |                             )
  234 |                         )
  235 |                     )
  236 |                 ) {
  237 |                     Text(text = ""多色毛刷"")
  238 |                 }
  239 |             }
  240 |         }
  241 | 
  242 |         item {
  243 |             Title_Desc_Text(desc = ""2、IconButton"")
  244 |             Row(
  245 |                 Modifier"
pilot-0026,r0060,hosizoraru__KeiOS,hosizoraru__KeiOS/app/src/main/java/os/kei/ui/page/main/widget/core/AppOverviewCards.kt,132.0,AppOverviewMetricTile,color_contrast,UNSURE,none,adjudicated,UNSURE,UNSURE,color_contrast,UNSURE,,,CATEGORY ONLY: both agree on verdict; pick category,Color(0xFF0F1115).copy(alpha = 0.34f),"  117 | fun AppOverviewMetricTile(
  118 |     label: String,
  119 |     value: String,
  120 |     modifier: Modifier = Modifier,
  121 |     labelColor: Color = MiuixTheme.colorScheme.onBackgroundVariant,
  122 |     valueColor: Color = MiuixTheme.colorScheme.onBackground,
  123 |     containerColor: Color? = null,
  124 |     borderColor: Color? = null,
  125 |     backdrop: Backdrop? = null,
  126 |     valueMaxLines: Int = 2,
  127 |     emphasizedValue: Boolean = true,
  128 | ) {
  129 |     val isDark = isAppInDarkTheme()
  130 |     val resolvedContainerColor =
  131 |         containerColor ?: if (isDark) {
  132 |             Color(0xFF0F1115).copy(alpha = 0.34f)
  133 |         } else {
  134 |             Color.White.copy(alpha = 0.62f)
  135 |         }
  136 |     val resolvedOverlayColor =
  137 |         if (containerColor != null) {
  138 |             Color.Transparent
  139 |         } else if (isDark) {
  140 |             Color.White.copy(alpha = 0.05f)
  141 |         } else {
  142 |             Color(0xFFDCEBFF).copy(alpha = 0.24f)
  143 |         }
  144 |     val resolvedBorderColor =
  145 |         borderColor ?: if (isDark) {
  146 |             Color.White.copy(alpha = 0.18f)
  147 |         } else {
  148 |             Color.White.copy(alpha = 0.86f)
  149 |         }
  150 |     val cornerRadius = 12.dp
  151 |     val parentBackdrop = LocalLiquidParentBackdrop.current
  152 |     val effectiveBackdrop = backdrop ?: parentBackdrop
  153 |     val tileModifier =
  154 |         modifier
  155 |             .then(
  156 |                 if (effectiveBackdrop == null) {
  157 |                     Modifier
  158 |                         .appSquircleBackground(resolvedContainerColor, cornerRadius)
  159 |                         .appSquircleBackground(resolvedOverlayColor, cornerRadius)
  160 |                 } else {
  161 |                     Modifier
  162 |                 },
  163 |             ).appSquircleBorder(width = 1.dp, color = resolvedBorderColor, cornerRadius = cornerRadius)
  164 |     val content: @Composable () -> Unit = {
  165 |         Column(
  166 |             modifier =
  167 |                 Modifier
  168 |                     .fillMaxWidth()
  169 |                     .padding(
  170 |                         horizontal = CardLayoutRhythm.metricCardHorizontalPadding,
  171 |                         vertical = CardLayoutRhythm.metricCardVerticalPadding,
  172 |                     ),"
pilot-0027,r0178,jmccoy600__androidCrypt,jmccoy600__androidCrypt/app/src/main/java/com/androidcrypt/app/MainActivity.kt,1518.0,FileManagerScreen,color_contrast,NO_ISSUE,none,adjudicated,FP,NO_ISSUE,none,UNSURE,,,,statusColor = Color(0xFF4CAF50)," 1506 |                 isCopying = true
 1507 |                 copyProgress = ""Exporting: ${fileToExport.name}""
 1508 |                 statusMessage = """"
 1509 |                 
 1510 |                 try {
 1511 |                     val reader = VolumeMountManager.getOrCreateFileSystemReader(selectedVolume!!)
 1512 |                     if (reader != null) {
 1513 |                         withContext(Dispatchers.IO) {
 1514 |                             exportFileFromVolume(context, reader, fileToExport, destUri)
 1515 |                         }
 1516 |                         
 1517 |                         statusMessage = ""✓ File exported successfully!""
 1518 |                         statusColor = Color(0xFF4CAF50)
 1519 |                     }
 1520 |                 } catch (e: Exception) {
 1521 |                     if (DEBUG_LOGGING) Log.e(""FileManager"", ""Failed to export file"", e)
 1522 |                     statusMessage = ""✗ Export failed: ${e.message}""
 1523 |                     statusColor = Color.Red
 1524 |                 } finally {
 1525 |                     isCopying = false
 1526 |                     copyProgress = """"
 1527 |                     selectedExportFile = null
 1528 |                 }
 1529 |             }
 1530 |         }
 1531 |     }
 1532 |     
 1533 |     // Destination picker for exporting a folder from volume to device
 1534 |     val exportFolderDestinationLauncher = rememberLauncherForActivityResult(
 1535 |         contract = ActivityResultContracts.OpenDocumentTree()
 1536 |     ) { destUri ->
 1537 |         if (destUri != null && selectedVolume != null && selectedExportFolder != null) {
 1538 |             val folderToExport = selectedExportFolder!!
 1539 |             scope.launch {
 1540 |                 isCopying = true
 1541 |                 copyProgress = ""Counting files...""
 1542 |                 statusMessage = """"
 1543 |                 
 1544 |                 try {
 1545 |                     val reader = VolumeMountManager.getOrCreateFileSystemReader(selectedVolume!!)
 1546 |                     if (reader != null) {
 1547 |                         withContext(Dispatchers.IO) {
 1548 |                             // Count files in the folder first
 1549 |                             val totalFiles = countFilesInVolumeFolder(reader, folderToExport.path)
 1550 |                             val counter = CopyCounter(totalFiles)
 1551 |                             
 1552 |                             exportFolderFromVolume(context, reader, folderToExport, destUri, counter) { progress ->
 1553 |                                 copyProgress = progress
 1554 |                             }
 1555 |                         }
 1556 |                         
 1557 |                         statusMessage = ""✓ Folder exported successfully!""
 1558 |                         statusColor = Color(0xFF4CAF50)"
pilot-0028,r0199,ArcaDone__AwesomeUI,ArcaDone__AwesomeUI/sharedUI/src/commonMain/kotlin/com/arcadone/awesomeui/components/chart/progreessionchart/ProgressionChartDoubleGesture.kt,629.0,FullAnalyticsPreview,color_contrast,UNSURE,none,adjudicated,UNSURE,ISSUE,color_contrast,NO_ISSUE,none,,,"modifier = Modifier.fillMaxSize().background(Color(0xFF0B0D0F)).padding(16.dp),","  613 | fun FullAnalyticsPreview() {
  614 |     val analyticsData = listOf(
  615 |         ChartDataPoint(45f, ""Jan 01""),
  616 |         ChartDataPoint(52f, ""Jan 05""),
  617 |         ChartDataPoint(48f, ""Jan 10""),
  618 |         ChartDataPoint(65f, ""Jan 15""),
  619 |         ChartDataPoint(82f, ""Jan 20""),
  620 |         ChartDataPoint(78f, ""Jan 25""),
  621 |         ChartDataPoint(95f, ""Jan 30""),
  622 |     )
  623 | 
  624 |     var currentRange by remember {
  625 |         mutableStateOf<RangeSelectionData?>(RangeSelectionData(65f, 78f, ""Jan 15"", ""Jan 25"", 13f))
  626 |     }
  627 | 
  628 |     Column(
  629 |         modifier = Modifier.fillMaxSize().background(Color(0xFF0B0D0F)).padding(16.dp),
  630 |     ) {
  631 |         Text(""Performance Report"", color = Color.White, fontSize = 24.sp, fontWeight = FontWeight.ExtraBold, modifier = Modifier.padding(bottom = 24.dp))
  632 | 
  633 |         Box(
  634 |             modifier = Modifier.fillMaxWidth().clip(RoundedCornerShape(24.dp)).background(Color(0xFF1A1D24)).padding(20.dp),
  635 |         ) {
  636 |             Column {
  637 |                 Row(modifier = Modifier.fillMaxWidth(), horizontalArrangement = Arrangement.SpaceBetween, verticalAlignment = Alignment.CenterVertically) {
  638 |                     Column {
  639 |                         Text(
  640 |                             text = if (currentRange != null) ""SELECTED RANGE"" else ""OVERVIEW"",
  641 |                             color = ProgressionGlowColors.LinePurple.copy(0.8f),
  642 |                             fontSize = 11.sp,
  643 |                             fontWeight = FontWeight.Bold,
  644 |                         )
  645 |                         Text(
  646 |                             text = currentRange?.let { ""${it.startLabel} — ${it.endLabel}"" } ?: ""Last 30 days"",
  647 |                             color = Color.White,
  648 |                             fontSize = 18.sp,
  649 |                             fontWeight = FontWeight.Bold,
  650 |                         )
  651 |                     }
  652 | 
  653 |                     if (currentRange != null) {
  654 |                         val isPos = currentRange!!.deltaValue >= 0
  655 |                         Column(horizontalAlignment = Alignment.End) {
  656 |                             Text(""Growth"", color = Color.Gray, fontSize = 10.sp)
  657 |                             Text(
  658 |                                 ""${if (isPos) ""+"" else """"}${currentRange!!.deltaValue.toInt()}%"",
  659 |                                 color = if (isPos) Color(0xFF10B981) else Color(0xFFEF4444),
  660 |                                 fontSize = 22.sp,
  661 |                                 fontWeight = FontWeight.Black,
  662 |                             )
  663 |                         }
  664 |                     }
  665 |                 }
  666 | 
  667 |                 Spacer(modifier = Modifier.height(24.dp))
  668 | 
  669 |                 ProgressionChartGlow("
pilot-0029,r0165,Dev-Aditya-More__PokeVerse,Dev-Aditya-More__PokeVerse/app/src/main/java/com/aditya1875/pokeverse/feature/core/ui/components/NeuromorphicButton.kt,40.0,NeuromorphicButton,color_contrast,UNSURE,none,adjudicated,UNSURE,UNSURE,color_contrast,UNSURE,,,CATEGORY ONLY: both agree on verdict; pick category,val backgroundColor = if (isDark) Color(0xFF1F1F1F) else Color(0xFFE0E0E0),"   28 | import androidx.compose.ui.unit.dp
   29 | import androidx.compose.ui.unit.sp
   30 | import kotlinx.coroutines.delay
   31 | import kotlinx.coroutines.launch
   32 | 
   33 | @Composable
   34 | fun NeuromorphicButton(
   35 |     text: String,
   36 |     modifier: Modifier = Modifier,
   37 |     onClick: () -> Unit
   38 | ) {
   39 |     val isDark = isSystemInDarkTheme()
   40 |     val backgroundColor = if (isDark) Color(0xFF1F1F1F) else Color(0xFFE0E0E0)
   41 |     val lightShadow = if (isDark) Color(0xFF2A2A2A) else Color.White
   42 |     val darkShadow = if (isDark) Color.Black else Color(0xFFB0B0B0)
   43 | 
   44 |     var isPressed by remember { mutableStateOf(false) }
   45 |     val scope = rememberCoroutineScope()
   46 | 
   47 |     val scale by animateFloatAsState(
   48 |         targetValue = if (isPressed) 0.96f else 1f,
   49 |         animationSpec = tween(150),
   50 |         label = ""scaleAnim""
   51 |     )
   52 | 
   53 |     Box(
   54 |         modifier = modifier
   55 |             .graphicsLayer {
   56 |                 scaleX = scale
   57 |                 scaleY = scale
   58 |             }
   59 |             .clip(RoundedCornerShape(16.dp))
   60 |             .background(backgroundColor)
   61 |             .drawBehind {
   62 |                 val cornerRadius = 16.dp.toPx()
   63 |                 drawRoundRect(
   64 |                     color = darkShadow,
   65 |                     topLeft = Offset(6f, 6f),
   66 |                     size = size,
   67 |                     cornerRadius = CornerRadius(cornerRadius, cornerRadius),
   68 |                     alpha = 0.4f
   69 |                 )
   70 |                 drawRoundRect(
   71 |                     color = lightShadow,
   72 |                     topLeft = Offset(-6f, -6f),
   73 |                     size = size,
   74 |                     cornerRadius = CornerRadius(cornerRadius, cornerRadius),
   75 |                     alpha = 0.8f
   76 |                 )
   77 |             }
   78 |             .clickable(
   79 |                 indication = null,
   80 |                 interactionSource = remember { MutableInteractionSource() }"
pilot-0030,r0149,alexandr7035__Banking-App-Mock-Compose,alexandr7035__Banking-App-Mock-Compose/app/src/main/java/by/alexandr7035/banking/ui/components/Buttons.kt,142.0,MenuButton,color_contrast,NO_ISSUE,none,adjudicated,FP,NO_ISSUE,none,UNSURE,,,,"color = Color(0xFFF1EDFF),","  120 | fun MenuButton(
  121 |     modifier: Modifier,
  122 |     icon: Painter,
  123 |     text: String,
  124 |     showArrow: Boolean = true,
  125 |     iconTint: Color? = MaterialTheme.colorScheme.primary,
  126 |     onClick: () -> Unit,
  127 | ) {
  128 |     PrimaryCard(
  129 |         modifier = modifier,
  130 |         onClick = onClick,
  131 |         paddingValues = PaddingValues(16.dp)
  132 |     ) {
  133 | 
  134 |         Row(
  135 |             verticalAlignment = Alignment.CenterVertically,
  136 |         ) {
  137 | 
  138 |             Box(
  139 |                 modifier = Modifier
  140 |                     .size(40.dp)
  141 |                     .background(
  142 |                         color = Color(0xFFF1EDFF),
  143 |                         shape = CircleShape
  144 |                     )
  145 |                     .padding(8.dp)
  146 |             ) {
  147 |                 Image(
  148 |                     painter = icon,
  149 |                     contentDescription = null,
  150 |                     colorFilter = iconTint?.let {  ColorFilter.tint(it) }
  151 |                 )
  152 |             }
  153 | 
  154 |             Spacer(modifier = Modifier.width(16.dp))
  155 | 
  156 |             Text(
  157 |                 text = text,
  158 |                 style = TextStyle(
  159 |                     fontSize = 14.sp,
  160 |                     lineHeight = 20.sp,
  161 |                     fontFamily = primaryFontFamily,
  162 |                     fontWeight = FontWeight(500),
  163 |                     color = Color(0xFF666666),
  164 |                 ),
  165 |                 maxLines = 2,
  166 |                 overflow = TextOverflow.Ellipsis
  167 |             )
  168 | 
  169 |             if (showArrow) {
  170 |                 Spacer(modifier = Modifier.weight(1f))
  171 | 
  172 |                 Image(
  173 |                     modifier = Modifier.size(20.dp),
  174 |                     painter = painterResource(id = R.drawable.ic_arrow),
  175 |                     contentDescription = null
  176 |                 )
  177 |             }
  178 |         }
  179 |     }
  180 | }
  181 | 
  182 | @Composable"
pilot-0031,r0066,nemoXdev__CryptoSafe,nemoXdev__CryptoSafe/app/src/main/java/com/cryptosafe/app/screens/CreateBoxScreen.kt,98.0,CreateBoxScreen,color_contrast,UNSURE,none,adjudicated,UNSURE,UNSURE,color_contrast,UNSURE,,,CATEGORY ONLY: both agree on verdict; pick category,"""weak"" -> Color(0xFFEF4444)","   79 | fun CreateBoxScreen(
   80 |     database: AppDatabase,
   81 |     onBack: () -> Unit
   82 | ) {
   83 |     val context = LocalContext.current
   84 |     val scope = rememberCoroutineScope()
   85 |     var boxName by remember { mutableStateOf("""") }
   86 |     var password by remember { mutableStateOf("""") }
   87 |     var confirmPassword by remember { mutableStateOf("""") }
   88 |     var showPassword by remember { mutableStateOf(false) }
   89 |     var autoDeleteHours by remember { mutableIntStateOf(0) }
   90 |     var lockMode by remember { mutableStateOf(""always"") }
   91 |     var lockTimeoutMinutes by remember { mutableIntStateOf(5) }
   92 | 
   93 |     val strength = remember(password) {
   94 |         CryptoEngine.checkPasswordStrength(password.toCharArray())
   95 |     }
   96 | 
   97 |     val strengthColor = when (strength.second) {
   98 |         ""weak"" -> Color(0xFFEF4444)
   99 |         ""medium"" -> Color(0xFFF59E0B)
  100 |         else -> Color(0xFF10B981)
  101 |     }
  102 | 
  103 |     val autoDeleteOptions = listOf(
  104 |         0 to LocalizationManager.getString(""auto_delete_never""),
  105 |         1 to LocalizationManager.getString(""auto_delete_1h""),
  106 |         6 to LocalizationManager.getString(""auto_delete_6h""),
  107 |         12 to LocalizationManager.getString(""auto_delete_12h""),
  108 |         24 to LocalizationManager.getString(""auto_delete_1d""),
  109 |         168 to LocalizationManager.getString(""auto_delete_7""),
  110 |         720 to LocalizationManager.getString(""auto_delete_30""),
  111 |         2160 to LocalizationManager.getString(""auto_delete_90"")
  112 |     )
  113 | 
  114 |     val lockModeOptions = listOf(
  115 |         ""always"" to LocalizationManager.getString(""lock_mode_always""),
  116 |         ""timed"" to LocalizationManager.getString(""lock_mode_timed""),
  117 |         ""never"" to LocalizationManager.getString(""lock_mode_never""),
  118 |         ""permanent"" to LocalizationManager.getString(""lock_mode_permanent"")
  119 |     )
  120 | 
  121 |     val lockTimeoutOptions = listOf(
  122 |         1 to LocalizationManager.getString(""lock_timeout_1m""),
  123 |         5 to LocalizationManager.getString(""lock_timeout_5m""),
  124 |         15 to LocalizationManager.getString(""lock_timeout_15m""),
  125 |         60 to LocalizationManager.getString(""lock_timeout_60m"")
  126 |     )
  127 | 
  128 |     Column(
  129 |         modifier = Modifier
  130 |             .fillMaxSize()
  131 |             .verticalScroll(rememberScrollState())
  132 |             .padding(16.dp)
  133 |     ) {
  134 |         OutlinedTextField(
  135 |             value = boxName,
  136 |             onValueChange = { boxName = it },
  137 |             label = { Text(LocalizationManager.getString(""box_name"")) },
  138 |             modifier = Modifier.fillMaxWidth(),"
pilot-0032,r0103,Abhay-cloud__Fixed-Deposit-Tracker,Abhay-cloud__Fixed-Deposit-Tracker/app/src/main/java/dev/abhaycloud/fdtracker/presentation/ui/components/FixedDepositItem.kt,88.0,FixedDepositItem,color_contrast,UNSURE,none,adjudicated,UNSURE,UNSURE,color_contrast,NO_ISSUE,none,,,"Color(0xff001F3F),","   76 | //    val progress = fixedDeposit.tenure.toDouble().getFraction(completedDays.toDouble())
   77 | 
   78 |     Box(
   79 |         modifier = modifier
   80 |             .fillMaxWidth()
   81 |             .clip(RoundedCornerShape(10.dp))
   82 |             .clickable {
   83 |                 onClick.invoke(fixedDeposit)
   84 |             }
   85 |             .background(
   86 |                 brush = Brush.horizontalGradient(
   87 |                     listOf(
   88 |                         Color(0xff001F3F),
   89 |                         Color(0xe5001F3F)
   90 |                     ),
   91 |                 )
   92 |             )
   93 |     ) {
   94 |         ImageWrapper(
   95 |             resource = R.drawable.icon_fd_card,
   96 |             modifier = Modifier
   97 |                 .height(84.dp)
   98 |                 .align(Alignment.TopEnd)
   99 |                 .offset(y = (-24).dp)
  100 |         )
  101 |         Column(
  102 |             modifier = Modifier
  103 |                 .fillMaxWidth()
  104 |                 .padding(16.dp)
  105 |         ) {
  106 |             Text(
  107 |                 text = fixedDeposit.bankName,
  108 |                 fontSize = 20.sp,
  109 |                 fontWeight = FontWeight.SemiBold,
  110 |                 color = Color.White
  111 |             )
  112 |             Spacer(modifier = Modifier.height(8.dp))
  113 |             Row(modifier = Modifier.fillMaxWidth()) {
  114 |                 Column {
  115 |                     AmountItem(
  116 |                         title = ""Principle Amount"",
  117 |                         value = ""₹${fixedDeposit.principalAmount.toIndianFormat(includeDecimal = true)}""
  118 |                     )
  119 |                     Spacer(modifier = Modifier.height(16.dp))
  120 |                     AmountItem(
  121 |                         title = ""Annual Interest Rate"",
  122 |                         value = ""${fixedDeposit.interestRate}%""
  123 |                     )
  124 |                 }
  125 |                 Spacer(modifier = Modifier.width(32.dp))
  126 |                 Column {
  127 |                     AmountItem(
  128 |                         title = ""Maturity Amount"","
pilot-0033,r0203,kursatkumsuz__movie,kursatkumsuz__movie/core/component/src/main/java/com/kursatkumsuz/component/AuthPasswordText.kt,56.0,AuthPasswordText,color_contrast,UNSURE,none,adjudicated,UNSURE,UNSURE,color_contrast,UNSURE,,,CATEGORY ONLY: both agree on verdict; pick category,"focusedTextColor = Color(0xFF95A6C5),","   44 |                     tint = MaterialTheme.colorScheme.onBackground
   45 |                 )
   46 |             }
   47 |         },
   48 |         visualTransformation = if (passwordVisibility)
   49 |             VisualTransformation.None
   50 |         else PasswordVisualTransformation(),
   51 |         modifier = Modifier
   52 |             .fillMaxWidth()
   53 |             .height(60.dp)
   54 |             .padding(horizontal = 30.dp),
   55 |         colors = TextFieldDefaults.colors(
   56 |             focusedTextColor = Color(0xFF95A6C5),
   57 |             unfocusedTextColor = Color(0xFF95A6C5),
   58 |             focusedContainerColor = MaterialTheme.colorScheme.primaryContainer,
   59 |             unfocusedContainerColor = MaterialTheme.colorScheme.primaryContainer,
   60 |             disabledContainerColor = MaterialTheme.colorScheme.primaryContainer,
   61 |             focusedIndicatorColor = Color.Transparent,
   62 |             unfocusedIndicatorColor = Color.Transparent,
   63 |             disabledIndicatorColor = Color.Transparent,
   64 |             focusedLeadingIconColor = Color(0xFF58647C),
   65 |             unfocusedLeadingIconColor = Color(0xFF58647C),
   66 |             focusedTrailingIconColor = Color(0xFF58647C),
   67 |             unfocusedTrailingIconColor = Color(0xFF58647C),
   68 |         ),
   69 |         shape = RoundedCornerShape(15.dp)
   70 |     )
   71 | }"
pilot-0034,r0033,crome1394__point-forecast,crome1394__point-forecast/forecast-point/app/src/main/java/com/crome/forecastpoint/ui/screens/SunMoonScreen.kt,515.0,AltitudeChart,color_contrast,UNSURE,none,adjudicated,UNSURE,UNSURE,color_contrast,UNSURE,,,CATEGORY ONLY: both agree on verdict; pick category,"color = if (tick == 0f) Color(0xFF90A4AE) else OnSurfaceMuted,","  480 | private fun AltitudeChart(
  481 |     altitudes: List<Float>,
  482 |     pathColor: Color,
  483 |     fillColor: Color,
  484 |     modifier: Modifier = Modifier,
  485 | ) {
  486 |     if (altitudes.size < 2) return
  487 | 
  488 |     val minA = min(-10f, altitudes.minOrNull() ?: -10f)
  489 |     val maxA = max(60f, altitudes.maxOrNull() ?: 60f)
  490 |     val peakAlt = altitudes.maxOrNull() ?: 0f
  491 |     val peakIdx = altitudes.indices.maxByOrNull { altitudes[it] } ?: 12
  492 |     val range = (maxA - minA).coerceAtLeast(1f)
  493 |     // Y ticks: max, horizon (0°) if in range, min
  494 |     val yTicks = buildList {
  495 |         add(maxA)
  496 |         if (minA < -1f && maxA > 5f) add(0f)
  497 |         add(minA)
  498 |     }.distinctBy { (it * 10).toInt() }
  499 | 
  500 |     fun fracFromTop(a: Float): Float = (1f - (a - minA) / range).coerceIn(0f, 1f)
  501 | 
  502 |     Row(modifier = modifier) {
  503 |         // Y-axis: altitude in degrees (aligned to plot scale)
  504 |         BoxWithConstraints(
  505 |             Modifier
  506 |                 .fillMaxHeight()
  507 |                 .padding(end = 4.dp, bottom = 22.dp)
  508 |                 .width(44.dp),
  509 |         ) {
  510 |             val plotH = maxHeight
  511 |             yTicks.forEach { tick ->
  512 |                 val yDp = plotH * fracFromTop(tick)
  513 |                 Text(
  514 |                     text = if (tick == 0f) ""0°"" else ""${tick.toInt()}°"",
  515 |                     color = if (tick == 0f) Color(0xFF90A4AE) else OnSurfaceMuted,
  516 |                     fontSize = 10.sp,
  517 |                     modifier = Modifier
  518 |                         .align(Alignment.TopEnd)
  519 |                         .offset(y = yDp - 7.dp),
  520 |                 )
  521 |             }
  522 |         }
  523 | 
  524 |         Column(Modifier.weight(1f).fillMaxHeight()) {
  525 |             Box(Modifier.weight(1f).fillMaxWidth()) {
  526 |                 Canvas(Modifier.fillMaxSize()) {
  527 |                     val w = size.width
  528 |                     val h = size.height
  529 | 
  530 |                     fun xAt(i: Int): Float = w * i / (altitudes.size - 1).toFloat()
  531 |                     fun yAt(a: Float): Float = h * (1f - (a - minA) / range)
  532 | 
  533 |                     val y0 = yAt(0f)
  534 |                     if (0f in minA..maxA) {
  535 |                         drawLine(
  536 |                             color = Color(0xFF546E7A),
  537 |                             start = Offset(0f, y0),
  538 |                             end = Offset(w, y0),
  539 |                             strokeWidth = 1.5f,
  540 |                         )
  541 |                     }
  542 |                     drawLine(Color(0x22455A64), Offset(0f, 0f), Offset(w, 0f), strokeWidth = 1f)
  543 |                     drawLine(Color(0x22455A64), Offset(0f, h), Offset(w, h), strokeWidth = 1f)
  544 | 
  545 |                     val path = Path()
  546 |                     val fill = Path()
  547 |                     altitudes.forEachIndexed { i, a ->
  548 |                         val x = xAt(i)
  549 |                         val y = yAt(a)
  550 |                         if (i == 0) {
  551 |                             path.moveTo(x, y)
  552 |                             fill.moveTo(x, y0.coerceIn(0f, h))
  553 |                             fill.lineTo(x, y)
  554 |                         } else {
  555 |                             path.lineTo(x, y)"
pilot-0035,r0260,kursatkumsuz__movie,kursatkumsuz__movie/feature/search/src/main/java/com/kursatkumsuz/search/presentation/component/SearchBar.kt,51.0,SearchBar,color_contrast,UNSURE,none,adjudicated,UNSURE,UNSURE,color_contrast,UNSURE,,,CATEGORY ONLY: both agree on verdict; pick category,"textStyle = TextStyle(color = Color(0xFF7D8597)),","   28 | fun SearchBar(
   29 |     hint: String = """",
   30 |     onSearch: (String) -> Unit
   31 | ) {
   32 |     var text by remember {
   33 |         mutableStateOf("""")
   34 |     }
   35 |     var isHintDisplayed by remember {
   36 |         mutableStateOf(hint != """")
   37 |     }
   38 | 
   39 |     Box(modifier = Modifier.padding(10.dp)) {
   40 | 
   41 |         TextField(
   42 |             value = text,
   43 |             keyboardActions = KeyboardActions(onDone = {
   44 |                 onSearch(text)
   45 |             }),
   46 |             onValueChange = {
   47 |                 text = it
   48 |             },
   49 |             maxLines = 1,
   50 |             singleLine = true,
   51 |             textStyle = TextStyle(color = Color(0xFF7D8597)),
   52 |             colors = TextFieldDefaults.colors(
   53 |                 focusedTextColor = MaterialTheme.colorScheme.primaryContainer,
   54 |                 focusedContainerColor = MaterialTheme.colorScheme.primaryContainer,
   55 |                 unfocusedContainerColor = MaterialTheme.colorScheme.primaryContainer,
   56 |                 disabledContainerColor = MaterialTheme.colorScheme.primaryContainer,
   57 |                 focusedIndicatorColor = Color.Transparent,
   58 |                 unfocusedIndicatorColor = Color.Transparent,
   59 |                 disabledIndicatorColor = Color.Transparent,
   60 |                 focusedLeadingIconColor = MaterialTheme.colorScheme.primaryContainer,
   61 |                 unfocusedLeadingIconColor = MaterialTheme.colorScheme.primaryContainer,
   62 |                 focusedTrailingIconColor = Color(0xFF58647C),
   63 |                 unfocusedTrailingIconColor = Color(0xFF58647C),
   64 |             ),
   65 |             trailingIcon = {
   66 |                 IconButton(onClick = {
   67 |                     onSearch(text)
   68 |                 }) {
   69 |                     Icon(
   70 |                         imageVector = Icons.Outlined.Search,
   71 |                         contentDescription = ""Search Icon""
   72 |                     )
   73 |                 }
   74 |             },
   75 |             modifier = Modifier
   76 |                 .fillMaxWidth()
   77 |                 .clip(RoundedCornerShape(12.dp))
   78 |                 .shadow(15.dp, spotColor = Color.White)
   79 |                 .background(MaterialTheme.colorScheme.primaryContainer)
   80 |                 .padding(horizontal = 20.dp)
   81 |                 .onFocusChanged {
   82 |                     isHintDisplayed = it.isFocused != true && text.isEmpty()
   83 |                 }
   84 |         )
   85 |         if (isHintDisplayed) {
   86 |             Text(
   87 |                 text = hint,
   88 |                 color = Color.LightGray,
   89 |                 modifier = Modifier
   90 |                     .padding(horizontal = 20.dp, vertical = 12.dp)
   91 |             )"
pilot-0036,r0164,crome1394__point-forecast,crome1394__point-forecast/forecast-point/app/src/main/java/com/crome/forecastpoint/ui/screens/HourlyScreen.kt,672.0,HourlyTable,color_contrast,NO_ISSUE,none,adjudicated,FP,NO_ISSUE,none,UNSURE,,,,".border(width = 0.5.dp, color = Color(0xFF37474F)),","  655 | private fun HourlyTable(
  656 |     headers: List<String>,
  657 |     rows: List<HourlyTableRow>,
  658 | ) {
  659 |     Column(Modifier.fillMaxSize()) {
  660 |         Row(
  661 |             Modifier
  662 |                 .fillMaxWidth()
  663 |                 .background(HeaderBg)
  664 |                 .height(HeaderHeight),
  665 |             verticalAlignment = Alignment.CenterVertically,
  666 |         ) {
  667 |             Box(
  668 |                 Modifier
  669 |                     .width(TimeColWidth)
  670 |                     .fillMaxHeight()
  671 |                     .background(HeaderBg)
  672 |                     .border(width = 0.5.dp, color = Color(0xFF37474F)),
  673 |             )
  674 |             headers.forEach { h ->
  675 |                 Text(
  676 |                     text = h,
  677 |                     style = HeaderStyle,
  678 |                     maxLines = 2,
  679 |                     overflow = TextOverflow.Ellipsis,
  680 |                     modifier = Modifier
  681 |                         .weight(1f)
  682 |                         .padding(horizontal = 2.dp),
  683 |                 )
  684 |             }
  685 |         }
  686 |         HorizontalDivider(color = Color(0xFF37474F), thickness = 1.dp)
  687 | 
  688 |         LazyColumn(Modifier.fillMaxSize()) {
  689 |             itemsIndexed(
  690 |                 items = rows,
  691 |                 key = { index, _ -> index },
  692 |                 contentType = { _, _ -> ""hourly_row"" },
  693 |             ) { index, row ->
  694 |                 val dataBg = if (index % 2 == 0) RowBgEven else RowBgOdd
  695 |                 val timeBg = if (index % 2 == 0) TimeColumnBg else TimeColumnBgAlt
  696 |                 Row(
  697 |                     Modifier
  698 |                         .fillMaxWidth()
  699 |                         .height(RowHeight)
  700 |                         .background(dataBg),
  701 |                     verticalAlignment = Alignment.CenterVertically,
  702 |                 ) {
  703 |                     Box(
  704 |                         Modifier
  705 |                             .width(TimeColWidth)
  706 |                             .fillMaxHeight()
  707 |                             .background(timeBg)
  708 |                             .border(width = 0.5.dp, color = Color(0xFFCFD8DC)),
  709 |                         contentAlignment = Alignment.Center,
  710 |                     ) {
  711 |                         Text(
  712 |                             text = row.time,"
pilot-0037,r0190,DaKlok__BibleLockScreen,DaKlok__BibleLockScreen/app/src/main/java/com/daklok/biblelockscreen/VerseDatabaseScreen.kt,507.0,CustomDbRow,color_contrast,UNSURE,none,adjudicated,UNSURE,NO_ISSUE,none,UNSURE,,,,"color = Color(0xFF4CAF50).copy(alpha = 0.16f),","  495 |             Text(
  496 |                 strings.vdbCustomLabel,
  497 |                 style = MaterialTheme.typography.bodySmall,
  498 |                 color = MaterialTheme.colorScheme.onSurfaceVariant
  499 |             )
  500 |         }
  501 |         // Use / Active badge — the discoverability fix. Lets the user
  502 |         // activate a custom DB directly from the manager screen instead
  503 |         // of hunting for it in Settings → Verse Language.
  504 |         if (isActive) {
  505 |             Surface(
  506 |                 shape = RoundedCornerShape(10.dp),
  507 |                 color = Color(0xFF4CAF50).copy(alpha = 0.16f),
  508 |                 modifier = Modifier.height(34.dp)
  509 |             ) {
  510 |                 Row(
  511 |                     modifier = Modifier.padding(horizontal = 10.dp),
  512 |                     verticalAlignment = Alignment.CenterVertically,
  513 |                     horizontalArrangement = Arrangement.spacedBy(4.dp)
  514 |                 ) {
  515 |                     Icon(
  516 |                         Icons.Default.Check, null,
  517 |                         tint = Color(0xFF4CAF50),
  518 |                         modifier = Modifier.size(14.dp)
  519 |                     )
  520 |                     Text(
  521 |                         strings.vdbUsed,
  522 |                         style = MaterialTheme.typography.labelMedium,
  523 |                         fontWeight = FontWeight.SemiBold,
  524 |                         color = Color(0xFF388E3C)
  525 |                     )
  526 |                 }
  527 |             }
  528 |         } else if (onUse != null) {
  529 |             FilledTonalButton(
  530 |                 onClick = {
  531 |                     haptic.performHapticFeedback(HapticFeedbackType.LongPress)
  532 |                     onUse()
  533 |                 },
  534 |                 contentPadding = PaddingValues(horizontal = 12.dp, vertical = 0.dp),
  535 |                 modifier = Modifier.height(34.dp),
  536 |                 shape = RoundedCornerShape(10.dp)
  537 |             ) {
  538 |                 Icon(Icons.Default.PlayArrow, null, modifier = Modifier.size(14.dp))
  539 |                 Spacer(Modifier.width(4.dp))
  540 |                 Text(strings.vdbUse, style = MaterialTheme.typography.labelMedium)
  541 |             }
  542 |         }
  543 |         // Edit
  544 |         IconButton(onClick = onEdit, modifier = Modifier.size(36.dp)) {
  545 |             Icon(
  546 |                 Icons.Default.Edit, ""Edit"",
  547 |                 tint = MaterialTheme.colorScheme.primary,"
pilot-0038,r0095,kursatkumsuz__crypto-portfolio-jetpack-compose,kursatkumsuz__crypto-portfolio-jetpack-compose/feature/portfolio/src/main/java/com/kursatkumsuz/portfolio/PortfolioScreen.kt,103.0,CurrentBalanceCard,color_contrast,NO_ISSUE,none,agreed,FP,NO_ISSUE,none,NO_ISSUE,none,,,"Color(0xFF393444),","   84 | fun CurrentBalanceCard(
   85 |     lastBalance: Double,
   86 |     buyingPrice: Double,
   87 |     profit: Double,
   88 | ) {
   89 |     val formattedLastBalance = formatPrice(lastBalance)
   90 |     val formattedBuyingPrice = formatPrice(buyingPrice)
   91 | 
   92 |     Card(
   93 |         modifier = Modifier
   94 |             .size(340.dp, 180.dp),
   95 |         shape = RoundedCornerShape(16.dp),
   96 |     ) {
   97 |         Column(
   98 |             modifier = Modifier
   99 |                 .fillMaxSize()
  100 |                 .background(
  101 |                     Brush.horizontalGradient(
  102 |                         colors = listOf(
  103 |                             Color(0xFF393444),
  104 |                             Color(0xFF2A2633),
  105 |                         )
  106 |                     )
  107 |                 ),
  108 |             verticalArrangement = Arrangement.Center,
  109 |             horizontalAlignment = Alignment.CenterHorizontally
  110 |         ) {
  111 | 
  112 |             Text(text = ""Current Balance"", color = Color.LightGray, fontSize = 16.sp)
  113 |             Text(text = ""$$formattedLastBalance"", color = Color.White, fontSize = 26.sp)
  114 | 
  115 |             Box(
  116 |                 modifier = Modifier
  117 |                     .fillMaxWidth()
  118 |                     .padding(20.dp)
  119 |             ) {
  120 |                 Column(modifier = Modifier.align(Alignment.BottomStart)) {
  121 |                     Text(text = ""Total Buying Price"", color = Color.LightGray, fontSize = 16.sp)
  122 |                     Text(text = ""$$formattedBuyingPrice"", color = Color.White, fontSize = 14.sp)
  123 |                 }
  124 | 
  125 |                 Column(modifier = Modifier.align(Alignment.BottomEnd)) {
  126 |                     Text(text = ""Profit/Loss"", color = Color.LightGray, fontSize = 16.sp)
  127 |                     Text(
  128 |                         text = ""%${String.format(""%.2f"", profit)}"",
  129 |                         color = if (profit > 0) Color.Green else Color.Red,
  130 |                         fontSize = 14.sp
  131 |                     )
  132 |                 }
  133 |             }
  134 |         }
  135 |     }
  136 | }
  137 | 
  138 | 
  139 | @Composable
  140 | fun CustomTableRow(
  141 |     lastBalance: Double,
  142 |     buyingPrice: Double,
  143 |     profit: Double,"
pilot-0039,r0127,GetStream__meeting-room-compose,GetStream__meeting-room-compose/app/src/main/kotlin/io/getstream/meeting/room/compose/ui/component/StreamButton.kt,45.0,StreamButton,color_contrast,ISSUE,color_contrast,agreed,TP,ISSUE,color_contrast,ISSUE,color_contrast,,,"disabledBackgroundColor = Color(0xFF979797),","   32 | fun StreamButton(
   33 |   modifier: Modifier = Modifier,
   34 |   text: String,
   35 |   enabled: Boolean = true,
   36 |   onClick: () -> Unit,
   37 | ) {
   38 |   Button(
   39 |     modifier = modifier.clip(RoundedCornerShape(8.dp)),
   40 |     enabled = enabled,
   41 |     onClick = onClick,
   42 |     colors = ButtonDefaults.buttonColors(
   43 |       backgroundColor = VideoTheme.colors.primaryAccent,
   44 |       contentColor = VideoTheme.colors.primaryAccent,
   45 |       disabledBackgroundColor = Color(0xFF979797),
   46 |       disabledContentColor = Color(0xFF979797),
   47 |     ),
   48 |   ) {
   49 |     Text(
   50 |       text = text,
   51 |       color = Color.White,
   52 |     )
   53 |   }
   54 | }
   55 | 
   56 | @Preview
   57 | @Composable
   58 | private fun StreamButtonPreview() {
   59 |   VideoTheme {
   60 |     StreamButton(text = ""Sign In with Email"", onClick = {})
   61 |   }
   62 | }"
pilot-0040,r0231,eslamfaisal__android-compose-clean-architecture-sample,eslamfaisal__android-compose-clean-architecture-sample/features/recipe-details/src/main/java/com/eslam/bakingapp/features/recipe_details/presentation/RecipeDetailScreen.kt,396.0,DifficultyBadge,color_contrast,ISSUE,color_contrast,agreed,TP,ISSUE,color_contrast,ISSUE,color_contrast,,,Difficulty.EASY -> Color(0xFF4CAF50),"  384 |             style = MaterialTheme.typography.bodySmall,
  385 |             color = Color.White
  386 |         )
  387 |     }
  388 | }
  389 | 
  390 | @Composable
  391 | private fun DifficultyBadge(
  392 |     difficulty: Difficulty,
  393 |     modifier: Modifier = Modifier
  394 | ) {
  395 |     val backgroundColor = when (difficulty) {
  396 |         Difficulty.EASY -> Color(0xFF4CAF50)
  397 |         Difficulty.MEDIUM -> Color(0xFFFFC107)
  398 |         Difficulty.HARD -> Color(0xFFFF5722)
  399 |     }
  400 |     
  401 |     Box(
  402 |         modifier = modifier
  403 |             .background(
  404 |                 color = backgroundColor,
  405 |                 shape = RoundedCornerShape(12.dp)
  406 |             )
  407 |             .padding(horizontal = 12.dp, vertical = 6.dp)
  408 |     ) {
  409 |         Text(
  410 |             text = difficulty.toDisplayString(),
  411 |             style = MaterialTheme.typography.labelMedium,
  412 |             color = Color.White
  413 |         )
  414 |     }
  415 | }
  416 | 
  417 | @Composable
  418 | private fun IngredientItem(
  419 |     ingredient: Ingredient,
  420 |     modifier: Modifier = Modifier
  421 | ) {
  422 |     Card(
  423 |         modifier = modifier.fillMaxWidth(),
  424 |         colors = CardDefaults.cardColors(
  425 |             containerColor = MaterialTheme.colorScheme.surfaceVariant.copy(alpha = 0.5f)
  426 |         )
  427 |     ) {
  428 |         Row(
  429 |             modifier = Modifier
  430 |                 .fillMaxWidth()
  431 |                 .padding(12.dp),
  432 |             verticalAlignment = Alignment.CenterVertically
  433 |         ) {
  434 |             Box(
  435 |                 modifier = Modifier
  436 |                     .size(8.dp)"
pilot-0041,r0220,gininaba__AIPOSPasswordManager,gininaba__AIPOSPasswordManager/app/src/main/java/com/aipos/aipospm/ui/screens/AddEditApiKeyScreen.kt,175.0,AddEditApiKeyScreen,decorative_mislabeled,NO_ISSUE,none,adjudicated,FP,NO_ISSUE,none,ISSUE,none,missing_state_description,R5 localization is out of scope; A label stands,"Icon(Icons.AutoMirrored.Filled.ArrowBack, contentDescription = ""Back"")","  163 |             TopAppBar(
  164 |                 title = {
  165 |                     Text(
  166 |                         text = if (isEditing) ""Edit API Key"" else ""Add API Key"",
  167 |                         fontWeight = FontWeight.Bold
  168 |                     )
  169 |                 },
  170 |                 navigationIcon = {
  171 |                     IconButton(onClick = {
  172 |                         apiKeyViewModel.clearSelection()
  173 |                         onNavigateBack()
  174 |                     }) {
  175 |                         Icon(Icons.AutoMirrored.Filled.ArrowBack, contentDescription = ""Back"")
  176 |                     }
  177 |                 },
  178 |                 actions = {
  179 |                     IconButton(onClick = { isFavorite = !isFavorite }) {
  180 |                         Icon(
  181 |                             imageVector = if (isFavorite) Icons.Default.Star
  182 |                             else Icons.Default.StarBorder,
  183 |                             contentDescription = ""Favorite"",
  184 |                             tint = if (isFavorite) MaterialTheme.colorScheme.secondary
  185 |                             else MaterialTheme.colorScheme.onSurfaceVariant
  186 |                         )
  187 |                     }
  188 |                 },
  189 |                 colors = TopAppBarDefaults.topAppBarColors(
  190 |                     containerColor = MaterialTheme.colorScheme.surface
  191 |                 )
  192 |             )
  193 |         },
  194 |         snackbarHost = { SnackbarHost(snackbarHostState) }
  195 |     ) { padding ->
  196 |         Column(
  197 |             modifier = Modifier
  198 |                 .fillMaxSize()
  199 |                 .padding(padding)
  200 |                 .padding(horizontal = 16.dp)
  201 |                 .verticalScroll(rememberScrollState())
  202 |         ) {
  203 |             Spacer(modifier = Modifier.height(8.dp))
  204 | 
  205 |             OutlinedTextField(
  206 |                 value = serviceName,
  207 |                 onValueChange = { serviceName = it },
  208 |                 label = { Text(""Service Name *"") },
  209 |                 placeholder = { Text(""e.g., OpenAI, Stripe, AWS"") },
  210 |                 singleLine = true,
  211 |                 modifier = Modifier.fillMaxWidth(),
  212 |                 shape = RoundedCornerShape(12.dp)
  213 |             )
  214 | 
  215 |             Spacer(modifier = Modifier.height(12.dp))"
pilot-0042,r0174,gininaba__AIPOSPasswordManager,gininaba__AIPOSPasswordManager/app/src/main/java/com/aipos/aipospm/ui/screens/PasswordGeneratorScreen.kt,106.0,PasswordGeneratorScreen,decorative_mislabeled,NO_ISSUE,none,adjudicated,FP,NO_ISSUE,none,ISSUE,none,,R5 localization is out of scope; A label stands,"Icon(Icons.AutoMirrored.Filled.ArrowBack, contentDescription = ""Back"")","   94 |             PasswordStrength.STRONG -> SecurityGreen
   95 |         },
   96 |         animationSpec = tween(400),
   97 |         label = ""strengthColor""
   98 |     )
   99 | 
  100 |     Scaffold(
  101 |         topBar = {
  102 |             TopAppBar(
  103 |                 title = { Text(""Password Generator"", fontWeight = FontWeight.Bold) },
  104 |                 navigationIcon = {
  105 |                     IconButton(onClick = onNavigateBack) {
  106 |                         Icon(Icons.AutoMirrored.Filled.ArrowBack, contentDescription = ""Back"")
  107 |                     }
  108 |                 },
  109 |                 colors = TopAppBarDefaults.topAppBarColors(
  110 |                     containerColor = MaterialTheme.colorScheme.surface
  111 |                 )
  112 |             )
  113 |         },
  114 |         snackbarHost = { SnackbarHost(snackbarHostState) }
  115 |     ) { padding ->
  116 |         Column(
  117 |             modifier = Modifier
  118 |                 .fillMaxSize()
  119 |                 .padding(padding)
  120 |                 .padding(horizontal = 16.dp)
  121 |                 .verticalScroll(rememberScrollState())
  122 |         ) {
  123 |             Spacer(modifier = Modifier.height(16.dp))
  124 | 
  125 |             // Generated password display
  126 |             Card(
  127 |                 modifier = Modifier.fillMaxWidth(),
  128 |                 shape = RoundedCornerShape(16.dp),
  129 |                 colors = CardDefaults.cardColors(
  130 |                     containerColor = MaterialTheme.colorScheme.primaryContainer
  131 |                 )
  132 |             ) {
  133 |                 Column(
  134 |                     modifier = Modifier.padding(20.dp),
  135 |                     horizontalAlignment = Alignment.CenterHorizontally
  136 |                 ) {
  137 |                     Text(
  138 |                         text = uiState.generatedPassword,
  139 |                         style = MaterialTheme.typography.titleLarge.copy(
  140 |                             fontFamily = FontFamily.Monospace,
  141 |                             fontSize = 18.sp,
  142 |                             letterSpacing = 1.sp
  143 |                         ),
  144 |                         color = MaterialTheme.colorScheme.onPrimaryContainer,
  145 |                         textAlign = TextAlign.Center,
  146 |                         modifier = Modifier.fillMaxWidth()"
pilot-0043,r0026,UmairKhalid786__ComposeTv,UmairKhalid786__ComposeTv/app/src/main/java/com/techlads/composetv/features/details/ProductDetailsScreen.kt,111.0,ProductDetailsScreen,decorative_mislabeled,ISSUE,decorative_mislabeled,adjudicated,TP,ISSUE,decorative_mislabeled,ISSUE,none,,R5 localization is out of scope; A label stands,"contentDescription = ""Product Banner"",","   99 | 
  100 | @Composable
  101 | private fun TVProductDetails(
  102 |     modifier: Modifier = Modifier, details: Details, onPlayClick: () -> Unit
  103 | ) {
  104 |     Box(
  105 |         modifier = modifier.fillMaxSize()
  106 |     ) {
  107 |         val background = MaterialTheme.colorScheme.surface
  108 |         val state = rememberPagerState(pageCount = { 2 })
  109 |         AsyncImage(
  110 |             model = details.background,
  111 |             contentDescription = ""Product Banner"",
  112 |             modifier = Modifier
  113 |                 .fillMaxSize()
  114 |                 .drawWithContent {
  115 |                     drawContent()
  116 |                     drawRect(
  117 |                         brush = Brush.horizontalGradient(
  118 |                             colors = listOf(
  119 |                                 background.copy(alpha = 0.8f), background.copy(alpha = 0.1f)
  120 |                             ), startX = 0.0f, endX = size.width
  121 |                         )
  122 |                     )
  123 |                 }
  124 |                 .align(Alignment.TopCenter),
  125 |             contentScale = ContentScale.Crop)
  126 | 
  127 |         VerticalPager(
  128 |             state = state,
  129 |         ) { page ->
  130 |             when (page) {
  131 |                 0 -> {
  132 |                     key(""content_detail"") {
  133 |                         Box(
  134 |                             modifier = Modifier
  135 |                                 .fillMaxSize(),
  136 |                             contentAlignment = Alignment.BottomCenter
  137 |                         ) {
  138 |                             ContentDetail(
  139 |                                 Modifier
  140 |                                     .fillMaxSize()
  141 |                                     .padding(start = 72.dp, top = 120.dp),
  142 |                                 details = details,
  143 |                                 onPlayClick = onPlayClick
  144 |                             )
  145 | 
  146 |                             ArrowDownButton(
  147 |                                 modifier = Modifier.align(Alignment.Center),
  148 |                                 text = ""More Details"",
  149 |                                 icon = Icons.Default.KeyboardDoubleArrowDown,
  150 |                                 onClick = { }
  151 |                             )"
pilot-0044,r0244,MoatazBadawy__Mawaqeet-Todo_and_Habits,MoatazBadawy__Mawaqeet-Todo_and_Habits/todos/ui/view/src/main/java/com/moataz/todos/ui/view/component/TodosToolbar.kt,55.0,TodosToolbar,decorative_mislabeled,NO_ISSUE,none,adjudicated,FP,NO_ISSUE,none,ISSUE,none,,R5 localization is out of scope; A label stands,"contentDescription = ""Add new todo"",","   26 | fun TodosToolbar(
   27 |     title: String,
   28 |     onAddTodoClickedIcon: () -> Unit,
   29 | ) {
   30 |     TopAppBar(
   31 |         backgroundColor = WhiteLight,
   32 |         elevation = 0.dp,
   33 |         modifier = Modifier.height(60.dp),
   34 |         title = {
   35 |             Text(
   36 |                 text = title,
   37 |                 style = TextStyle(
   38 |                     fontFamily = TodoFontFamily,
   39 |                     fontWeight = FontWeight.Bold,
   40 |                     fontSize = 25.sp,
   41 |                     color = Black,
   42 |                 ),
   43 |             )
   44 |         },
   45 |         actions = {
   46 |             Box(modifier = Modifier.padding(end = 16.dp)) {
   47 |                 IconButton(
   48 |                     onClick = onAddTodoClickedIcon,
   49 |                     modifier = Modifier
   50 |                         .background(GrayLight, CircleShape)
   51 |                         .size(34.dp)
   52 |                 ) {
   53 |                     Image(
   54 |                         painter = painterResource(id = R.drawable.ic_add),
   55 |                         contentDescription = ""Add new todo"",
   56 |                     )
   57 |                 }
   58 |             }
   59 |         },
   60 |     )
   61 | }"
pilot-0045,r0217,UmairKhalid786__ComposeTv,UmairKhalid786__ComposeTv/app/src/main/java/com/techlads/composetv/features/details/ProductDetailsScreen.kt,278.0,UserRatingsSection,decorative_mislabeled,ISSUE,decorative_mislabeled,adjudicated,TP,ISSUE,decorative_mislabeled,ISSUE,none,,R5 localization is out of scope; A label stands,"contentDescription = ""92%"",","  266 |                         ),
  267 |                     ) {
  268 |                         Text(
  269 |                             text = ""Rotten Tomatoes"",
  270 |                             style = MaterialTheme.typography.bodyMedium.copy(
  271 |                                 fontWeight = FontWeight.Bold
  272 |                             ),
  273 |                             color = MaterialTheme.colorScheme.onSurface
  274 |                         )
  275 |                         Row(verticalAlignment = Alignment.CenterVertically) {
  276 |                             Icon(
  277 |                                 Icons.Default.Fastfood,
  278 |                                 contentDescription = ""92%"",
  279 |                                 modifier = Modifier.size(32.dp)
  280 |                             )
  281 |                             Spacer(Modifier.size(8.dp))
  282 |                             Text(
  283 |                                 text = ""92%"", style = MaterialTheme.typography.headlineMedium.copy(
  284 |                                     fontWeight = FontWeight.Bold
  285 |                                 ), color = MaterialTheme.colorScheme.onBackground
  286 |                             )
  287 |                         }
  288 |                     }
  289 |                 }
  290 |             }
  291 |             item {
  292 |                 RatingCard(
  293 |                     modifier = Modifier
  294 |                         .width(cardWidthPx)
  295 |                         .height(cardWidthPx),
  296 |                 ) {
  297 |                     Column(
  298 |                         modifier = Modifier
  299 |                             .fillMaxHeight()
  300 |                             .padding(16.dp),
  301 |                         verticalArrangement = Arrangement.spacedBy(
  302 |                             16.dp, Alignment.CenterVertically
  303 |                         ),
  304 |                     ) {
  305 |                         Text(
  306 |                             text = ""IMDb"", style = MaterialTheme.typography.bodyMedium.copy(
  307 |                                 fontWeight = FontWeight.Bold
  308 |                             ), color = MaterialTheme.colorScheme.onSurface
  309 |                         )
  310 |                         Row(verticalAlignment = Alignment.CenterVertically) {
  311 |                             Icon(
  312 |                                 Icons.Default.Star,
  313 |                                 contentDescription = ""Rating"",
  314 |                                 modifier = Modifier.size(32.dp)
  315 |                             )
  316 |                             Spacer(Modifier.size(8.dp))
  317 |                             Text(
  318 |                                 text = ""8.3/10"","
pilot-0046,r0014,MohamadOday__iris-gallery,MohamadOday__iris-gallery/app/src/main/java/com/iris/gallery/ui/AboutScreen.kt,154.0,AboutScreen,decorative_mislabeled,NO_ISSUE,none,adjudicated,FP,NO_ISSUE,none,ISSUE,none,,R5 localization is out of scope; A label stands,"contentDescription = ""Iris Gallery Logo"",","  142 |                                 showEasterEggSheet = true
  143 |                             } else {
  144 |                                 val remaining = 5 - eggClicks
  145 |                                 val message = if (remaining == 1) context.getString(R.string.toast_easter_egg_hint_one)
  146 |                                 else context.getString(R.string.toast_easter_egg_hint, remaining)
  147 |                                 activeToast = Toast.makeText(context, message, Toast.LENGTH_SHORT).apply { show() }
  148 |                             }
  149 |                         },
  150 |                     contentAlignment = Alignment.Center
  151 |                 ) {
  152 |                     Image(
  153 |                         painter = painterResource(id = R.mipmap.ic_launcher_foreground),
  154 |                         contentDescription = ""Iris Gallery Logo"",
  155 |                         modifier = Modifier.size(76.dp)
  156 |                     )
  157 |                 }
  158 | 
  159 |                 Spacer(Modifier.height(14.dp))
  160 |                 Text(
  161 |                     androidx.compose.ui.res.stringResource(R.string.app_name),
  162 |                     style = MaterialTheme.typography.headlineMedium,
  163 |                     fontWeight = FontWeight.Bold
  164 |                 )
  165 |                 Text(
  166 |                     androidx.compose.ui.res.stringResource(
  167 |                         R.string.version_format,
  168 |                         com.iris.gallery.BuildConfig.VERSION_NAME,
  169 |                         com.iris.gallery.BuildConfig.VERSION_CODE
  170 |                     ),
  171 |                     style = MaterialTheme.typography.bodyMedium,
  172 |                     color = MaterialTheme.colorScheme.onSurfaceVariant
  173 |                 )
  174 |                 Text(
  175 |                     androidx.compose.ui.res.stringResource(R.string.app_description),
  176 |                     style = MaterialTheme.typography.bodySmall,
  177 |                     color = MaterialTheme.colorScheme.onSurfaceVariant,
  178 |                     modifier = Modifier.padding(top = 4.dp)
  179 |                 )
  180 |             }
  181 |         }
  182 | 
  183 |         item {
  184 |             Text(
  185 |                 androidx.compose.ui.res.stringResource(R.string.about_developer_project),
  186 |                 style = MaterialTheme.typography.labelLarge,
  187 |                 color = MaterialTheme.colorScheme.primary,
  188 |                 modifier = Modifier
  189 |                     .fillMaxWidth()
  190 |                     .padding(start = 4.dp, top = 8.dp)
  191 |             )
  192 |         }
  193 | 
  194 |         item {"
pilot-0047,r0039,gininaba__AIPOSPasswordManager,gininaba__AIPOSPasswordManager/app/src/main/java/com/aipos/aipospm/ui/screens/PasswordGeneratorScreen.kt,106.0,PasswordGeneratorScreen,decorative_mislabeled,NO_ISSUE,none,adjudicated,FP,NO_ISSUE,none,ISSUE,none,,R5 localization is out of scope; A label stands,"Icon(Icons.AutoMirrored.Filled.ArrowBack, contentDescription = ""Back"")","   94 |             PasswordStrength.STRONG -> SecurityGreen
   95 |         },
   96 |         animationSpec = tween(400),
   97 |         label = ""strengthColor""
   98 |     )
   99 | 
  100 |     Scaffold(
  101 |         topBar = {
  102 |             TopAppBar(
  103 |                 title = { Text(""Password Generator"", fontWeight = FontWeight.Bold) },
  104 |                 navigationIcon = {
  105 |                     IconButton(onClick = onNavigateBack) {
  106 |                         Icon(Icons.AutoMirrored.Filled.ArrowBack, contentDescription = ""Back"")
  107 |                     }
  108 |                 },
  109 |                 colors = TopAppBarDefaults.topAppBarColors(
  110 |                     containerColor = MaterialTheme.colorScheme.surface
  111 |                 )
  112 |             )
  113 |         },
  114 |         snackbarHost = { SnackbarHost(snackbarHostState) }
  115 |     ) { padding ->
  116 |         Column(
  117 |             modifier = Modifier
  118 |                 .fillMaxSize()
  119 |                 .padding(padding)
  120 |                 .padding(horizontal = 16.dp)
  121 |                 .verticalScroll(rememberScrollState())
  122 |         ) {
  123 |             Spacer(modifier = Modifier.height(16.dp))
  124 | 
  125 |             // Generated password display
  126 |             Card(
  127 |                 modifier = Modifier.fillMaxWidth(),
  128 |                 shape = RoundedCornerShape(16.dp),
  129 |                 colors = CardDefaults.cardColors(
  130 |                     containerColor = MaterialTheme.colorScheme.primaryContainer
  131 |                 )
  132 |             ) {
  133 |                 Column(
  134 |                     modifier = Modifier.padding(20.dp),
  135 |                     horizontalAlignment = Alignment.CenterHorizontally
  136 |                 ) {
  137 |                     Text(
  138 |                         text = uiState.generatedPassword,
  139 |                         style = MaterialTheme.typography.titleLarge.copy(
  140 |                             fontFamily = FontFamily.Monospace,
  141 |                             fontSize = 18.sp,
  142 |                             letterSpacing = 1.sp
  143 |                         ),
  144 |                         color = MaterialTheme.colorScheme.onPrimaryContainer,
  145 |                         textAlign = TextAlign.Center,
  146 |                         modifier = Modifier.fillMaxWidth()"
pilot-0048,r0237,teogor__ceres,teogor__ceres/screen/screen-ui/src/main/kotlin/dev/teogor/ceres/screen/ui/userprefs/UserPrefsScreen.kt,150.0,UserPrefScreen,decorative_mislabeled,NO_ISSUE,none,adjudicated,FP,NO_ISSUE,none,ISSUE,none,touch_target_size,R5 localization is out of scope; A label stands,"contentDescription = ""Clear Text"",","  120 | fun UserPrefScreen(
  121 |   name: String,
  122 |   onNameEdit: (String) -> Unit,
  123 | ) = ColumnLayoutBase(
  124 |   hasScrollbar = false,
  125 |   screenName = UserPreferencesScreenRoute.toScreenName(),
  126 | ) {
  127 |   OutlinedTextField(
  128 |     value = name,
  129 |     onValueChange = { onNameEdit(it) },
  130 |     label = { Text(""Name"") },
  131 |     keyboardOptions = KeyboardOptions(
  132 |       keyboardType = KeyboardType.Text,
  133 |       imeAction = ImeAction.Done,
  134 |     ),
  135 |     singleLine = true,
  136 |     modifier = Modifier
  137 |       .fillMaxWidth()
  138 |       .padding(horizontal = 16.dp, vertical = 8.dp),
  139 |     trailingIcon = {
  140 |       TrailingErrorIcon(
  141 |         modifier = Modifier
  142 |           .padding(end = 10.dp)
  143 |           .size(26.dp)
  144 |           .clip(CircleShape)
  145 |           .background(
  146 |             color = MaterialTheme.colorScheme.errorContainer,
  147 |             shape = CircleShape,
  148 |           ),
  149 |         imageVector = Icons.Default.Close,
  150 |         contentDescription = ""Clear Text"",
  151 |         iconTint = MaterialTheme.colorScheme.onErrorContainer,
  152 |         rule = {
  153 |           name.isNotEmpty()
  154 |         },
  155 |       ) {
  156 |         onNameEdit("""")
  157 |       }
  158 |     },
  159 |   )
  160 | 
  161 |   val informationText =
  162 |     ""Feel secure knowing that your name, cover image, and profile image are stored locally to enrich your in-app customization.""
  163 |   Text(
  164 |     text = informationText,
  165 |     modifier = Modifier
  166 |       .fillMaxWidth()
  167 |       .padding(horizontal = 16.dp)
  168 |       .padding(top = 4.dp),
  169 |     fontSize = 10.sp,
  170 |     lineHeight = 10.sp,
  171 |     textAlign = TextAlign.Center,
  172 |   )
  173 | }"
pilot-0049,r0279,KaushalVasava__XPhotogram,KaushalVasava__XPhotogram/app/src/main/java/com/lahsuak/apps/instagram/ui/screen/ChatScreen.kt,159.0,ChatScreen,decorative_mislabeled,ISSUE,decorative_mislabeled,adjudicated,TP,ISSUE,decorative_mislabeled,ISSUE,none,,R5 localization is out of scope; A label stands,"contentDescription = ""menu"",","  147 |                                         .size(10.dp)
  148 |                                         .clip(CircleShape)
  149 |                                         .background(Color.Green)
  150 |                                 )
  151 |                             }
  152 |                         }
  153 |                     },
  154 |                     actions = {
  155 |                         Row {
  156 |                             IconButton(onClick = { /* no-op*/ }) {
  157 |                                 Icon(
  158 |                                     imageVector = Icons.Default.Menu,
  159 |                                     contentDescription = ""menu"",
  160 |                                     modifier = Modifier.padding(8.dp)
  161 |                                 )
  162 |                             }
  163 |                         }
  164 |                     }, navigationIcon = {
  165 |                         IconButton(onClick = {
  166 |                             navController.popBackStack()
  167 |                         }) {
  168 |                             Icon(
  169 |                                 imageVector = Icons.Default.ArrowBack, contentDescription = ""back""
  170 |                             )
  171 |                         }
  172 |                     }
  173 |                 )
  174 |                 Spacer(modifier = Modifier.height(8.dp))
  175 |                 LazyColumn(Modifier.padding(horizontal = 8.dp)) {
  176 |                     items(chat.msgs) {
  177 |                         if (it.userId == myUserId) {
  178 |                             ChatItem(chat.senderImage, it, true)
  179 |                         } else {
  180 |                             ChatItem(chat.receiverImage, it, false)
  181 |                         }
  182 |                     }
  183 |                     item {
  184 |                         Spacer(modifier = Modifier.height(56.dp))
  185 |                     }
  186 |                 }
  187 |             }
  188 |             Row(
  189 |                 Modifier
  190 |                     .fillMaxWidth()
  191 |                     .padding(horizontal = 16.dp)
  192 |                     .clip(RoundedCornerShape(16.dp))
  193 |                     .background(MaterialTheme.colorScheme.surfaceVariant)
  194 |                     .align(Alignment.BottomCenter),
  195 |                 horizontalArrangement = Arrangement.SpaceBetween,
  196 |                 verticalAlignment = Alignment.CenterVertically
  197 |             ) {
  198 |                 var text by rememberSaveable {
  199 |                     mutableStateOf("""")"
pilot-0050,r0257,kursatkumsuz__movie,kursatkumsuz__movie/feature/search/src/main/java/com/kursatkumsuz/search/presentation/component/SearchList.kt,90.0,MovieListItem,decorative_mislabeled,ISSUE,decorative_mislabeled,adjudicated,TP,ISSUE,decorative_mislabeled,ISSUE,none,color_contrast,R5 localization is out of scope; A label stands,"contentDescription = ""Movie Image"",","   73 | fun MovieListItem(movie: SearchUI, onNavigateDetailScreen: (String) -> Unit) {
   74 |     Row(
   75 |         modifier = Modifier
   76 |             .fillMaxWidth()
   77 |             .padding(5.dp)
   78 |             .clickable {
   79 |                 movie.id?.let { onNavigateDetailScreen(it) }
   80 |             },
   81 |         verticalAlignment = Alignment.CenterVertically
   82 |     ) {
   83 |         AsyncImage(
   84 |             modifier = Modifier
   85 |                 .size(width = 100.dp, height = 140.dp)
   86 |                 .clip(
   87 |                     RoundedCornerShape(16.dp)
   88 |                 ),
   89 |             model = ""${IMAGE_BASE_URL}/w300/${movie.image}"",
   90 |             contentDescription = ""Movie Image"",
   91 |             contentScale = ContentScale.Crop
   92 |         )
   93 |         Spacer(modifier = Modifier.width(20.dp))
   94 |         Column {
   95 |             movie.title?.let {
   96 |                 Text(
   97 |                     text = it,
   98 |                     fontSize = 16.sp,
   99 |                     fontWeight = FontWeight.Medium,
  100 |                     color = Color.White
  101 |                 )
  102 |             }
  103 |             Text(
  104 |                 text = movie.overview + ""..."",
  105 |                 fontSize = 12.sp,
  106 |                 color = Color(0xFF4AAEC0),
  107 |                 maxLines = 1
  108 |             )
  109 |             movie.releaseDate?.let {
  110 |                 Text(
  111 |                     text = it,
  112 |                     fontSize = 12.sp,
  113 |                     color = Color(0xFF4AAEC0),
  114 |                     maxLines = 1
  115 |                 )
  116 |             }
  117 |         }
  118 |     }
  119 | }"
pilot-0051,r0272,kursatkumsuz__movie,kursatkumsuz__movie/feature/profile/src/main/java/com/kursatkumsuz/profile/presentation/component/ProfileList.kt,63.0,ProfileListItem,decorative_mislabeled,ISSUE,decorative_mislabeled,adjudicated,TP,ISSUE,decorative_mislabeled,ISSUE,none,,R5 localization is out of scope; A label stands,"contentDescription = ""Icon"",","   51 |     }
   52 | }
   53 | 
   54 | @Composable
   55 | fun ProfileListItem(item: Item) {
   56 |     Row(
   57 |         modifier = Modifier
   58 |             .padding(vertical = 10.dp)
   59 |             .fillMaxWidth()
   60 |     ) {
   61 |         Icon(
   62 |             painter = painterResource(id = item.icon),
   63 |             contentDescription = ""Icon"",
   64 |             tint = MaterialTheme.colorScheme.onBackground
   65 |         )
   66 |         Spacer(modifier = Modifier.width(10.dp))
   67 |         Text(text = item.text, color = MaterialTheme.colorScheme.onBackground)
   68 |         Spacer(modifier = Modifier.weight(1f))
   69 |         IconButton(
   70 |             onClick = { /*TODO*/ }) {
   71 |             Icon(
   72 |                 imageVector = Icons.Default.KeyboardArrowRight,
   73 |                 contentDescription = ""Button Icon"",
   74 |                 tint = MaterialTheme.colorScheme.onBackground
   75 |             )
   76 |         }
   77 |     }
   78 | }
   79 | 
   80 | 
   81 | data class Item(
   82 |     val text: String,
   83 |     @DrawableRes val icon: Int
   84 | )"
pilot-0052,r0170,Dking08__croc-app,Dking08__croc-app/app/src/main/java/com/dking/crocapp/ui/guide/GuideScreen.kt,345.0,GuideHeroHeader,decorative_mislabeled,ISSUE,decorative_mislabeled,adjudicated,TP,ISSUE,decorative_mislabeled,ISSUE,none,,R5 localization is out of scope; A label stands,"contentDescription = ""croc-app icon"",","  322 | private fun GuideHeroHeader() {
  323 |     Card(
  324 |         modifier = Modifier.fillMaxWidth(),
  325 |         colors = CardDefaults.cardColors(
  326 |             containerColor = MaterialTheme.colorScheme.primaryContainer.copy(alpha = 0.35f)
  327 |         ),
  328 |         shape = MaterialTheme.shapes.large
  329 |     ) {
  330 |         Row(
  331 |             modifier = Modifier
  332 |                 .fillMaxWidth()
  333 |                 .padding(14.dp),
  334 |             verticalAlignment = Alignment.CenterVertically
  335 |         ) {
  336 |             Box(
  337 |                 modifier = Modifier
  338 |                     .size(44.dp)
  339 |                     .clip(CircleShape)
  340 |                     .background(MaterialTheme.colorScheme.primaryContainer),
  341 |                 contentAlignment = Alignment.Center
  342 |             ) {
  343 |                 Image(
  344 |                     painter = painterResource(id = R.drawable.croc_icon),
  345 |                     contentDescription = ""croc-app icon"",
  346 |                     modifier = Modifier
  347 |                         .size(38.dp)
  348 |                         .clip(CircleShape)
  349 |                 )
  350 |             }
  351 |             Spacer(modifier = Modifier.width(12.dp))
  352 |             Column(verticalArrangement = Arrangement.spacedBy(2.dp)) {
  353 |                 Row(
  354 |                     verticalAlignment = Alignment.CenterVertically,
  355 |                     horizontalArrangement = Arrangement.spacedBy(8.dp)
  356 |                 ) {
  357 |                     Text(
  358 |                         text = stringResource(R.string.app_name),
  359 |                         style = MaterialTheme.typography.titleMedium,
  360 |                         fontWeight = FontWeight.Bold,
  361 |                         color = MaterialTheme.colorScheme.onSurface
  362 |                     )
  363 |                     Surface(
  364 |                         color = MaterialTheme.colorScheme.primary.copy(alpha = 0.15f),
  365 |                         shape = MaterialTheme.shapes.small
  366 |                     ) {
  367 |                         Text(
  368 |                             text = ""v6.0.0"",
  369 |                             style = MaterialTheme.typography.labelSmall,
  370 |                             fontWeight = FontWeight.Bold,
  371 |                             color = MaterialTheme.colorScheme.primary,
  372 |                             modifier = Modifier.padding(horizontal = 6.dp, vertical = 2.dp)
  373 |                         )
  374 |                     }
  375 |                 }
  376 |                 Text(
  377 |                     text = stringResource(R.string.guide_hero_subtitle),
  378 |                     style = MaterialTheme.typography.bodySmall,
  379 |                     color = MaterialTheme.colorScheme.onSurfaceVariant
  380 |                 )
  381 |             }
  382 |         }
  383 |     }
  384 | }
  385 | "
pilot-0053,r0262,Abhay-cloud__Fixed-Deposit-Tracker,Abhay-cloud__Fixed-Deposit-Tracker/app/src/main/java/dev/abhaycloud/fdtracker/presentation/ui/widget/FixedDepositWidget.kt,93.0,FixedDepositGlance,decorative_mislabeled,NO_ISSUE,none,adjudicated,FP,NO_ISSUE,none,ISSUE,none,color_contrast,R5 localization is out of scope; A label stands,"contentDescription = ""refresh"",","   81 | 
   82 | }
   83 | 
   84 | @Composable
   85 | private fun FixedDepositGlance(investedAmount: Double, maturityAmount: Double) {
   86 |     Box(
   87 |         modifier = GlanceModifier.fillMaxWidth().background(Color(0xff001F3F)).padding(16.dp),
   88 |         contentAlignment = Alignment.Center
   89 |     ) {
   90 |         Box(modifier = GlanceModifier.fillMaxWidth(), contentAlignment = Alignment.TopEnd) {
   91 |             Image(
   92 |                 provider = ImageProvider(R.drawable.baseline_refresh_24),
   93 |                 contentDescription = ""refresh"",
   94 |                 colorFilter = ColorFilter.tint(
   95 |                     ColorProvider(
   96 |                         day = Color(0xff787878),
   97 |                         night = Color(0XFFCDD5EA)
   98 |                     )
   99 |                 ),
  100 |                 modifier = GlanceModifier
  101 |                     .clickable(
  102 |                         actionRunCallback<FixedDepositRefreshCallback>()
  103 |                     )
  104 |             )
  105 |         }
  106 |         Column(modifier = GlanceModifier.fillMaxWidth()) {
  107 |             Row {
  108 |                 Text(
  109 |                     text = ""Invested Amount:"",
  110 |                     style = TextStyle(
  111 |                         color = ColorProvider(
  112 |                             day = Color(0xff787878),
  113 |                             night = Color(0XFFCDD5EA)
  114 |                         ),
  115 |                         fontSize = 12.sp,
  116 |                         fontWeight = FontWeight.Bold
  117 |                     )
  118 |                 )
  119 |             }
  120 |             Text(
  121 |                 text = ""₹${investedAmount.toIndianFormat(includeDecimal = true)}"",
  122 |                 style = TextStyle(
  123 |                     color = ColorProvider(
  124 |                         day = Color.White,
  125 |                         night = Color(0XFFCDD5EA)
  126 |                     ),
  127 |                     fontSize = 16.sp,
  128 |                     fontWeight = FontWeight.Bold
  129 |                 )
  130 |             )
  131 |             Spacer(modifier = GlanceModifier.height(5.dp))
  132 |             Text(
  133 |                 text = ""Maturity Amount:"","
pilot-0054,r0252,cryptrr__AutoPie,cryptrr__AutoPie/app/src/main/java/com/autosec/pie/autopieapp/presentation/screens/HomeScreen.kt,293.0,InstallNewCommandsBadge,decorative_mislabeled,ISSUE,decorative_mislabeled,adjudicated,TP,ISSUE,decorative_mislabeled,ISSUE,none,,R5 localization is out of scope; A label stands,"contentDescription = ""Install commands"",","  277 | private fun InstallNewCommandsBadge(
  278 |     onInstallNewClick: () -> Unit,
  279 |     message: String? = null
  280 | ) {
  281 |     Box(
  282 |         Modifier
  283 |             .height(500.dp)
  284 |             .fillMaxWidth(),
  285 |         contentAlignment = Alignment.Center
  286 |     ) {
  287 |         Column(horizontalAlignment = Alignment.CenterHorizontally) {
  288 |             Icon(
  289 |                 modifier = Modifier
  290 |                     .padding(4.dp)
  291 |                     .size(100.dp),
  292 |                 imageVector = Icons.Outlined.InstallDesktop,
  293 |                 contentDescription = ""Install commands"",
  294 |                 tint = Color.White.copy(0.4F)
  295 |             )
  296 |             if (message != null) {
  297 |                 Spacer(Modifier.height(15.dp))
  298 |                 Text(
  299 |                     text = message,
  300 |                     color = Color.White.copy(0.7F),
  301 |                     fontSize = 15.7.sp
  302 |                 )
  303 |             }
  304 |             Spacer(Modifier.height(18.dp))
  305 |             Button(onClick = onInstallNewClick, shape = RoundedCornerShape(15.dp)) {
  306 |                 Text(""Install New"")
  307 |             }
  308 |         }
  309 |     }
  310 | }
  311 | 
  312 | @OptIn(ExperimentalFoundationApi::class)
  313 | @Composable
  314 | fun CommandCard(
  315 |     card: CommandModel
  316 | ) {
  317 | 
  318 |     val activity = LocalContext.current.getActivity()
  319 |     var isLoading by remember {
  320 |         mutableStateOf(false)
  321 |     }
  322 | 
  323 |     val commandsListScreenViewModel: CommandsListScreenViewModel = koinViewModel()
  324 | 
  325 |     //Timber.d(""ViewModel Check Child: CommandsListScreenViewModel : ${commandsListScreenViewModel}"")
  326 | 
  327 | 
  328 |     val shareReceiverViewModel: ShareReceiverViewModel = koinViewModel()
  329 | 
  330 | 
  331 |     Card(
  332 |         elevation = CardDefaults.cardElevation(0.dp),
  333 |         modifier = Modifier"
pilot-0055,r0271,UmairKhalid786__ComposeTv,UmairKhalid786__ComposeTv/app/src/main/java/com/techlads/composetv/features/details/ProductDetailsScreen.kt,278.0,UserRatingsSection,decorative_mislabeled,ISSUE,decorative_mislabeled,adjudicated,TP,ISSUE,decorative_mislabeled,ISSUE,none,,R5 localization is out of scope; A label stands,"contentDescription = ""92%"",","  266 |                         ),
  267 |                     ) {
  268 |                         Text(
  269 |                             text = ""Rotten Tomatoes"",
  270 |                             style = MaterialTheme.typography.bodyMedium.copy(
  271 |                                 fontWeight = FontWeight.Bold
  272 |                             ),
  273 |                             color = MaterialTheme.colorScheme.onSurface
  274 |                         )
  275 |                         Row(verticalAlignment = Alignment.CenterVertically) {
  276 |                             Icon(
  277 |                                 Icons.Default.Fastfood,
  278 |                                 contentDescription = ""92%"",
  279 |                                 modifier = Modifier.size(32.dp)
  280 |                             )
  281 |                             Spacer(Modifier.size(8.dp))
  282 |                             Text(
  283 |                                 text = ""92%"", style = MaterialTheme.typography.headlineMedium.copy(
  284 |                                     fontWeight = FontWeight.Bold
  285 |                                 ), color = MaterialTheme.colorScheme.onBackground
  286 |                             )
  287 |                         }
  288 |                     }
  289 |                 }
  290 |             }
  291 |             item {
  292 |                 RatingCard(
  293 |                     modifier = Modifier
  294 |                         .width(cardWidthPx)
  295 |                         .height(cardWidthPx),
  296 |                 ) {
  297 |                     Column(
  298 |                         modifier = Modifier
  299 |                             .fillMaxHeight()
  300 |                             .padding(16.dp),
  301 |                         verticalArrangement = Arrangement.spacedBy(
  302 |                             16.dp, Alignment.CenterVertically
  303 |                         ),
  304 |                     ) {
  305 |                         Text(
  306 |                             text = ""IMDb"", style = MaterialTheme.typography.bodyMedium.copy(
  307 |                                 fontWeight = FontWeight.Bold
  308 |                             ), color = MaterialTheme.colorScheme.onSurface
  309 |                         )
  310 |                         Row(verticalAlignment = Alignment.CenterVertically) {
  311 |                             Icon(
  312 |                                 Icons.Default.Star,
  313 |                                 contentDescription = ""Rating"",
  314 |                                 modifier = Modifier.size(32.dp)
  315 |                             )
  316 |                             Spacer(Modifier.size(8.dp))
  317 |                             Text(
  318 |                                 text = ""8.3/10"","
pilot-0056,r0121,CraftWorksMC__Chora,CraftWorksMC__Chora/app/src/main/java/com/craftworks/music/ui/screens/AlbumDetailsScreen.kt,182.0,AlbumDetails,decorative_mislabeled,ISSUE,decorative_mislabeled,adjudicated,TP,ISSUE,decorative_mislabeled,ISSUE,none,missing_content_description,R5 localization is out of scope; A label stands,"contentDescription = ""Album Image"",","  170 |                 Box (modifier = Modifier
  171 |                     .height(224.dp)
  172 |                     .fillMaxWidth()) {
  173 |                     AsyncImage(
  174 |                         model = ImageRequest.Builder(LocalContext.current)
  175 |                             .data(selectedAlbumImage)
  176 |                             .diskCacheKey(selectedAlbumId)
  177 |                             .crossfade(true)
  178 |                             .build(),
  179 |                         placeholder = painterResource(R.drawable.placeholder),
  180 |                         fallback = painterResource(R.drawable.placeholder),
  181 |                         contentScale = ContentScale.FillWidth,
  182 |                         contentDescription = ""Album Image"",
  183 |                         modifier = Modifier
  184 |                             .fillMaxWidth()
  185 |                             .fadingEdge(imageFadingEdge)
  186 |                             .clip(RoundedCornerShape(12.dp, 12.dp, 0.dp, 0.dp))
  187 |                             .blur(8.dp)
  188 |                     )
  189 |                     Button(
  190 |                         onClick = { navHostController.popBackStack() },
  191 |                         shape = RoundedCornerShape(12.dp),
  192 |                         modifier = Modifier
  193 |                             .padding(top = 12.dp, start = 12.dp)
  194 |                             .size(32.dp),
  195 |                         contentPadding = PaddingValues(4.dp),
  196 |                         colors = ButtonDefaults.buttonColors(containerColor = MaterialTheme.colorScheme.background, contentColor = MaterialTheme.colorScheme.onBackground)
  197 |                     ) {
  198 |                         Icon(
  199 |                             imageVector = Icons.AutoMirrored.Rounded.ArrowBack,
  200 |                             tint = MaterialTheme.colorScheme.primary,
  201 |                             contentDescription = ""Settings"",
  202 |                             modifier = Modifier
  203 |                                 .height(32.dp)
  204 |                                 .size(32.dp)
  205 |                         )
  206 |                     }
  207 |                     // Album Name and Artist
  208 |                     Column(modifier = Modifier.align(Alignment.BottomCenter)){
  209 |                         Text(
  210 |                             text = currentAlbum[0].mediaMetadata.title.toString(),
  211 |                             color = MaterialTheme.colorScheme.onBackground,
  212 |                             style = MaterialTheme.typography.headlineMedium,
  213 |                             textAlign = TextAlign.Center,
  214 |                             modifier = Modifier.fillMaxWidth(),
  215 |                             lineHeight = 32.sp,
  216 |                         )
  217 |                         Spacer(Modifier.height(8.dp))
  218 |                         Text(
  219 |                             text = currentAlbum[0].mediaMetadata.artist.toString() + "" • "" + formatMilliseconds(currentAlbum[0].mediaMetadata.durationMs?.div(1000)?.toInt() ?: 0),
  220 |                             color = MaterialTheme.colorScheme.onBackground,
  221 |                             fontWeight = FontWeight.Normal,
  222 |                             fontSize = MaterialTheme.typography.titleMedium.fontSize,"
pilot-0057,r0069,AnySoftKeyboard__janus,AnySoftKeyboard__janus/app/src/main/java/com/anysoftkeyboard/janus/app/ui/states/TranslationView.kt,130.0,TranslationContent,decorative_mislabeled,NO_ISSUE,none,adjudicated,FP,NO_ISSUE,none,ISSUE,none,,R5 localization is out of scope; A label stands,"contentDescription = ""Open source article"",","  118 |               style = MaterialTheme.typography.labelMedium,
  119 |               color = MaterialTheme.colorScheme.onSurfaceVariant,
  120 |           )
  121 |         }
  122 |         Row {
  123 |           CopyToClipboardButton(
  124 |               text = title,
  125 |               contentDescription = ""Copy source title"",
  126 |               tint = MaterialTheme.colorScheme.onSurfaceVariant,
  127 |           )
  128 |           WikipediaLinkButton(
  129 |               url = ""https://${language}.wikipedia.org/?curid=${pageId}"",
  130 |               contentDescription = ""Open source article"",
  131 |               tint = MaterialTheme.colorScheme.onSurfaceVariant,
  132 |           )
  133 |         }
  134 |       }
  135 | 
  136 |       // Show short description and snippet if available
  137 |       if (translation is TranslationState.Translated) {
  138 |         val translationData = translation.translation
  139 |         Spacer(modifier = Modifier.height(8.dp))
  140 | 
  141 |         // Short description
  142 |         translationData.sourceShortDescription?.let { description ->
  143 |           Text(
  144 |               text = description,
  145 |               style = MaterialTheme.typography.bodyMedium,
  146 |               color = MaterialTheme.colorScheme.onSurface,
  147 |           )
  148 |           Spacer(modifier = Modifier.height(4.dp))
  149 |         }
  150 | 
  151 |         // Snippet (HTML)
  152 |         if (snippet.isNotEmpty()) {
  153 |           HtmlText(html = snippet, color = MaterialTheme.colorScheme.onSurfaceVariant)
  154 |         }
  155 |       } else if (snippet.isNotEmpty()) {
  156 |         // If no translation yet, still show snippet
  157 |         Spacer(modifier = Modifier.height(8.dp))
  158 |         HtmlText(html = snippet, color = MaterialTheme.colorScheme.onSurfaceVariant)
  159 |       }
  160 |     }
  161 |   }
  162 | }
  163 | 
  164 | /** Content area displaying the translation result based on state. */
  165 | @Composable
  166 | private fun TranslationContent(translation: TranslationState, targetLang: String) {
  167 |   Card(
  168 |       colors = CardDefaults.cardColors(containerColor = MaterialTheme.colorScheme.surface),
  169 |       shape = MaterialTheme.shapes.medium,
  170 |   ) {"
pilot-0058,r0012,gautam84__Foodike,gautam84__Foodike/app/src/main/java/com/example/foodike/presentation/history/components/HistorySection.kt,114.0,HistorySection,decorative_mislabeled,NO_ISSUE,none,adjudicated,FP,NO_ISSUE,none,ISSUE,none,,R5 localization is out of scope; A label stands,"contentDescription = ""Non-Vegetarian""","  102 |                         .fillMaxWidth()
  103 |                         .padding(0.dp, 8.dp),
  104 |                 )
  105 |                 Row(
  106 |                     modifier = Modifier.fillMaxWidth(),
  107 |                     horizontalArrangement = Arrangement.SpaceBetween,
  108 |                     verticalAlignment = Alignment.CenterVertically
  109 |                 ) {
  110 |                     Row(verticalAlignment = Alignment.CenterVertically) {
  111 |                         Image(
  112 |                             modifier = Modifier.size(16.dp),
  113 |                             painter = painterResource(id = R.drawable.ic_non_veg),
  114 |                             contentDescription = ""Non-Vegetarian""
  115 |                         )
  116 |                         Spacer(modifier = Modifier.width(8.dp))
  117 | 
  118 |                         Text(text = ""Chinese Shawarma\nCombo (1)"", maxLines = 2)
  119 |                     }
  120 |                     Row {
  121 |                         Button(onClick = { /*TODO*/ }) {
  122 |                             Text(text = ""Reorder"")
  123 |                         }
  124 |                     }
  125 | 
  126 |                 }
  127 | 
  128 |                 Spacer(modifier = Modifier.height(8.dp))
  129 | 
  130 | 
  131 |                 Row(
  132 |                     verticalAlignment = Alignment.Bottom,
  133 |                     modifier = Modifier.fillMaxWidth(),
  134 |                     horizontalArrangement = Arrangement.SpaceBetween
  135 |                 ) {
  136 | 
  137 |                     Row(
  138 |                         horizontalArrangement = Arrangement.SpaceBetween,
  139 |                         verticalAlignment = Alignment.CenterVertically
  140 |                     ) {
  141 |                         Column {
  142 |                             Text(
  143 |                                 text = ""Your rating for delivery"",
  144 |                                 modifier = Modifier.alpha(0.5f),
  145 |                             )
  146 |                             Text(
  147 |                                 text = ""Your rating for food"",
  148 |                                 modifier = Modifier.alpha(0.5f),
  149 |                             )
  150 | 
  151 |                         }
  152 | 
  153 |                         Column {
  154 |                             Row {"
pilot-0059,r0278,kursatkumsuz__crypto-portfolio-jetpack-compose,kursatkumsuz__crypto-portfolio-jetpack-compose/feature/market/src/main/java/com/kursatkumsuz/market/component/RowListView.kt,128.0,ExpandedSection,decorative_mislabeled,ISSUE,decorative_mislabeled,adjudicated,TP,ISSUE,decorative_mislabeled,ISSUE,none,,R5 localization is out of scope; A label stands,"Icon(imageVector = Icons.Default.ArrowForward, contentDescription = ""next icon"", tint = Color.White)","  110 | fun ExpandedSection(coin: CoinItem, navController: NavHostController) {
  111 |     Column(
  112 |         modifier = Modifier.fillMaxWidth(),
  113 |         horizontalAlignment = Alignment.CenterHorizontally
  114 |     ) {
  115 |         Text(
  116 |             text = ""$${FormatCoinPrice.formatPrice(coin.quote.USD.price)}"",
  117 |             color = Color.White,
  118 |             fontSize = 20.sp,
  119 |             fontWeight = FontWeight.Bold,
  120 |         )
  121 |         IconButton(
  122 |             onClick = {
  123 |                 navController.navigate(
  124 |                     ""detail_screen/${coin.name}/${coin.quote.USD.price.toFloat()}/${coin.symbol}/${coin.quote.USD.percent_change_24h}/${coin.quote.USD.percent_change_1h}""
  125 |                 )
  126 |             }
  127 |         ) {
  128 |             Icon(imageVector = Icons.Default.ArrowForward, contentDescription = ""next icon"", tint = Color.White)
  129 |         }
  130 |         Spacer(modifier = Modifier.height(10.dp))
  131 |     }
  132 | }"
pilot-0060,r0062,AmrDeveloper__LinkHub,AmrDeveloper__LinkHub/app/src/main/java/com/amrdeveloper/linkhub/ui/explorer/ExplorerScreen.kt,114.0,FolderHeader,decorative_mislabeled,ISSUE,decorative_mislabeled,adjudicated,TP,ISSUE,decorative_mislabeled,ISSUE,none,,R5 localization is out of scope; A label stands,"contentDescription = ""Folder Icon"",","  102 |                         .padding(4.dp)
  103 |                 )
  104 |             }
  105 |         }
  106 |     }
  107 | }
  108 | 
  109 | @Composable
  110 | private fun FolderHeader(folder: Folder) {
  111 |     Row(modifier = Modifier.padding(16.dp), verticalAlignment = Alignment.CenterVertically) {
  112 |         Icon(
  113 |             painter = painterResource(id = folder.folderColor.drawableId),
  114 |             contentDescription = ""Folder Icon"",
  115 |             tint = Color.Unspecified
  116 |         )
  117 | 
  118 |         Spacer(modifier = Modifier.width(8.dp))
  119 | 
  120 |         Text(text = ""/${folder.name}"")
  121 |     }
  122 | }"
pilot-0061,r0044,CliffracerMerchant__SoundAura,CliffracerMerchant__SoundAura/app/src/main/java/com/cliffracertech/soundaura/addbutton/AddButtonDialog.kt,115.0,NamingTextField,error_state_no_semantics,HANDLED,none,adjudicated,FP,HANDLED,error_state_no_semantics,HANDLED,none,,CATEGORY ONLY: both agree on verdict; pick category,"isError = state.message?.isError == true,","  103 |     LaunchedEffect(Unit) { launcher.launch(permission) }
  104 | }
  105 | 
  106 | @Composable private fun NamingTextField(
  107 |     state: NamingState,
  108 |     modifier: Modifier,
  109 | ) = Column(modifier) {
  110 |     TextField(
  111 |         value = state.name,
  112 |         onValueChange = state::onNameChange,
  113 |         textStyle = MaterialTheme.typography.body1,
  114 |         singleLine = true,
  115 |         isError = state.message?.isError == true,
  116 |         modifier = Modifier.fillMaxWidth())
  117 |     AnimatedValidatorMessage(state.message)
  118 | }
  119 | 
  120 | /** Show the add button related dialog to the user inside an instance of
  121 |  * [SoundAuraDialog]. Nothing will be shown if the value of [state] is one of
  122 |  * [AddButtonDialogState]'s values that are not displayed in an instance of
  123 |  * [SoundAuraDialog] (generally ones that are shown as Android system dialogs
  124 |  * instead, e.g. a permission dialog).*/
  125 | @Composable private fun AddButtonSoundAuraDialogShower(state: AddButtonDialogState) =
  126 |     SoundAuraDialog(
  127 |         width = DialogWidth.MatchToScreenSize(WindowInsets.ime),
  128 |         title = stringResource(state.titleResId),
  129 |         onDismissRequest = state.onDismissRequest,
  130 |         buttons = { AddButtonDialogButtons(state) }
  131 |     ) {
  132 |         SlideAnimatedContent(
  133 |             targetState = state,
  134 |             leftToRight = state.wasNavigatedForwardTo,
  135 |         ) { state ->
  136 |             // This background modifiers gives a border to the content to
  137 |             // improve the appearance of the SlideAnimatedContent animations
  138 |             val backgroundModifier = Modifier
  139 |                 .background(MaterialTheme.colors.surface)
  140 |                 .padding(horizontal = 16.dp)
  141 |             when (state) {
  142 |                 is AddButtonDialogState.SelectingFiles -> {}
  143 |                 is AddButtonDialogState.RequestStoragePermission -> {}
  144 |                 is AddButtonDialogState.AddIndividuallyOrAsPlaylistQuery -> {
  145 |                     Box(modifier = backgroundModifier.padding(vertical = 16.dp),
  146 |                         // The vertical padding is set to match the TextField decoration box's
  147 |                         // vertical padding. This reduces the amount that the dialog box height
  148 |                         // has to be animated when switching between steps of the dialog.
  149 |                         contentAlignment = Alignment.CenterStart
  150 |                     ) {
  151 |                         Text(stringResource(state.textResId))
  152 |                     }
  153 |                 } is AddButtonDialogState.NamePreset -> {
  154 |                     NamingTextField(state, backgroundModifier)
  155 |                 } is AddButtonDialogState.NameTracks -> {"
pilot-0062,r0191,IacobIonut01__ReFra,IacobIonut01__ReFra/app/src/main/kotlin/com/dot/gallery/cloud/ui/CloudAddServerScreen.kt,367.0,ServerStep,error_state_no_semantics,HANDLED,none,adjudicated,FP,HANDLED,error_state_no_semantics,HANDLED,none,,CATEGORY ONLY: both agree on verdict; pick category,"isError = state.serverUrl.isNotBlank() && !isUrlValid,","  353 | private fun ServerStep(
  354 |     state: AddServerUiState,
  355 |     descriptor: com.dot.gallery.cloud.ui.descriptor.ProviderUiDescriptor,
  356 |     isUrlValid: Boolean,
  357 |     viewModel: CloudAccountsViewModel
  358 | ) {
  359 |     AppTextField(
  360 |         value = state.serverUrl,
  361 |         onValueChange = viewModel::updateServerUrl,
  362 |         label = { Text(stringResource(R.string.cloud_server_url)) },
  363 |         placeholder = { Text(stringResource(descriptor.urlHintRes)) },
  364 |         modifier = frostedFieldModifier(),
  365 |         containerColor = Color.Transparent,
  366 |         singleLine = true,
  367 |         isError = state.serverUrl.isNotBlank() && !isUrlValid,
  368 |         supportingText = if (state.serverUrl.isNotBlank() && !isUrlValid) {
  369 |             { Text(stringResource(R.string.cloud_url_invalid)) }
  370 |         } else null,
  371 |         keyboardOptions = KeyboardOptions(keyboardType = KeyboardType.Uri)
  372 |     )
  373 |     if (descriptor.isLanOnly) {
  374 |         Spacer(Modifier.height(8.dp))
  375 |         Text(
  376 |             stringResource(R.string.cloud_network_share_lan_note),
  377 |             style = MaterialTheme.typography.bodySmall,
  378 |             color = MaterialTheme.colorScheme.onSurfaceVariant
  379 |         )
  380 |     }
  381 |     descriptor.setupHintRes?.let { hintRes ->
  382 |         Spacer(Modifier.height(8.dp))
  383 |         SetupHelpCard(hintText = stringResource(hintRes))
  384 |     }
  385 | }
  386 | 
  387 | @Composable
  388 | private fun CredentialsStep(
  389 |     state: AddServerUiState,
  390 |     descriptor: com.dot.gallery.cloud.ui.descriptor.ProviderUiDescriptor,
  391 |     credentialValues: CredentialValues,
  392 |     supportsInteractiveAuth: Boolean,
  393 |     viewModel: CloudAccountsViewModel
  394 | ) {
  395 |     val context = LocalContext.current
  396 |     val scope = rememberCoroutineScope()
  397 |     var showLocalNetworkRationale by remember { mutableStateOf(false) }
  398 |     var pendingConnectionTest by remember { mutableStateOf<(() -> Unit)?>(null) }
  399 |     val localNetworkPermissionLauncher = rememberLauncherForActivityResult(
  400 |         ActivityResultContracts.RequestPermission()
  401 |     ) { granted ->
  402 |         val action = pendingConnectionTest
  403 |         pendingConnectionTest = null
  404 |         if (granted) action?.invoke()
  405 |     }
  406 |     val testConnection: () -> Unit = {
  407 |         val action = viewModel::testConnection"
pilot-0063,r0209,maxwhipw__marmalade-tts-android,maxwhipw__marmalade-tts-android/app/src/main/java/app/marmalade/tts/ui/screen/EffectEditorScreen.kt,136.0,EffectEditorScreen,error_state_no_semantics,HANDLED,none,adjudicated,FP,HANDLED,error_state_no_semantics,HANDLED,none,,CATEGORY ONLY: both agree on verdict; pick category,"isError = state.nameError,","  124 |             modifier = Modifier
  125 |                 .fillMaxSize()
  126 |                 .padding(innerPadding)
  127 |                 .verticalScroll(rememberScrollState())
  128 |                 .padding(16.dp),
  129 |             verticalArrangement = Arrangement.spacedBy(12.dp),
  130 |         ) {
  131 |             OutlinedTextField(
  132 |                 value = state.name,
  133 |                 onValueChange = viewModel::onNameChange,
  134 |                 label = { Text(stringResource(R.string.effects_name)) },
  135 |                 singleLine = true,
  136 |                 isError = state.nameError,
  137 |                 supportingText = if (state.nameError) {
  138 |                     {
  139 |                         Text(
  140 |                             stringResource(R.string.effects_name_error),
  141 |                             color = MaterialTheme.colorScheme.error,
  142 |                         )
  143 |                     }
  144 |                 } else {
  145 |                     null
  146 |                 },
  147 |                 modifier = Modifier.fillMaxWidth(),
  148 |             )
  149 | 
  150 |             Text(
  151 |                 text = stringResource(R.string.effects_chain),
  152 |                 style = MaterialTheme.typography.titleSmall,
  153 |                 fontWeight = FontWeight.SemiBold,
  154 |                 modifier = Modifier.semantics { heading() },
  155 |             )
  156 |             Text(
  157 |                 text = stringResource(R.string.effects_chain_help),
  158 |                 style = MaterialTheme.typography.bodySmall,
  159 |                 color = MaterialTheme.colorScheme.onSurfaceVariant,
  160 |             )
  161 | 
  162 |             if (state.blocks.isEmpty()) {
  163 |                 Text(
  164 |                     text = stringResource(R.string.effects_chain_empty),
  165 |                     style = MaterialTheme.typography.bodyMedium,
  166 |                     color = MaterialTheme.colorScheme.onSurfaceVariant,
  167 |                 )
  168 |             } else {
  169 |                 state.blocks.forEachIndexed { index, block ->
  170 |                     BlockCard(
  171 |                         block = block,
  172 |                         index = index,
  173 |                         count = state.blocks.size,
  174 |                         onChange = { viewModel.updateBlock(index, it) },
  175 |                         onRemove = { viewModel.removeBlock(index) },
  176 |                         onMoveUp = { viewModel.moveUp(index) },"
pilot-0064,r0046,maxwhipw__marmalade-tts-android,maxwhipw__marmalade-tts-android/app/src/main/java/app/marmalade/tts/ui/onboarding/OnboardingScreen.kt,828.0,CreateAliasStep,error_state_no_semantics,HANDLED,none,adjudicated,FP,HANDLED,error_state_no_semantics,HANDLED,none,,CATEGORY ONLY: both agree on verdict; pick category,"isError = editor.error != null,","  816 |             onValueChange = onNameChange,
  817 |             label = { Text(stringResource(R.string.onboarding_alias_name_label)) },
  818 |             singleLine = true,
  819 |             supportingText = {
  820 |                 Text(
  821 |                     text = stringResource(
  822 |                         editor.error ?: R.string.onboarding_alias_name_helper,
  823 |                     ),
  824 |                     color = if (editor.error != null) MaterialTheme.colorScheme.error
  825 |                             else MaterialTheme.colorScheme.onSurfaceVariant,
  826 |                 )
  827 |             },
  828 |             isError = editor.error != null,
  829 |             modifier = Modifier.fillMaxWidth(),
  830 |         )
  831 |         Spacer(Modifier.height(12.dp))
  832 | 
  833 |         OnboardingEngineDropdown(
  834 |             selected = editor.engine,
  835 |             onPick = onEngineChange,
  836 |         )
  837 |         Spacer(Modifier.height(12.dp))
  838 | 
  839 |         OnboardingVoiceDropdown(
  840 |             selected = editor.voiceId,
  841 |             voices = voices,
  842 |             onPick = onVoiceChange,
  843 |         )
  844 |         Spacer(Modifier.height(12.dp))
  845 | 
  846 |         Column {
  847 |             val speedText = stringResource(R.string.onboarding_alias_speed_value, editor.speed)
  848 |             Text(
  849 |                 text = stringResource(R.string.onboarding_alias_speed_label, speedText),
  850 |                 style = MaterialTheme.typography.bodyMedium,
  851 |             )
  852 |             val speedDescription = stringResource(
  853 |                 R.string.onboarding_alias_speed_content_description,
  854 |             )
  855 |             Slider(
  856 |                 value = editor.speed,
  857 |                 onValueChange = onSpeedChange,
  858 |                 valueRange = VoiceAlias.MIN_SPEED..VoiceAlias.MAX_SPEED,
  859 |                 steps = 14,
  860 |                 modifier = Modifier.semantics {
  861 |                     contentDescription = speedDescription
  862 |                     stateDescription = speedText
  863 |                 },
  864 |             )
  865 |         }
  866 |         Spacer(Modifier.height(12.dp))
  867 | 
  868 |         OnboardingEffectDropdown("
pilot-0065,r0216,AmanoTeam__Kahon,AmanoTeam__Kahon/app/src/main/java/eu/kanade/presentation/more/settings/screen/browse/components/ExtensionStoresDialogs.kt,66.0,ExtensionStoreCreateDialog,error_state_no_semantics,HANDLED,none,adjudicated,FP,HANDLED,error_state_no_semantics,HANDLED,none,,CATEGORY ONLY: both agree on verdict; pick category,"isError = errorMessage != null || storeAlreadyExists,","   54 |                 state = state,
   55 |                 label = {
   56 |                     Text(text = stringResource(MR.strings.extensionStoresScreen_addStoreInput_inputLabel))
   57 |                 },
   58 |                 supportingText = {
   59 |                     val msgRes = if (storeAlreadyExists) {
   60 |                         MR.strings.extensionStoresScreen_addStore_alreadyExists
   61 |                     } else {
   62 |                         MR.strings.information_required_plain
   63 |                     }
   64 |                     Text(text = errorMessage ?: stringResource(msgRes))
   65 |                 },
   66 |                 isError = errorMessage != null || storeAlreadyExists,
   67 |                 keyboardOptions = KeyboardOptions(keyboardType = KeyboardType.Uri),
   68 |                 lineLimits = TextFieldLineLimits.SingleLine,
   69 |             )
   70 |         },
   71 |         confirmButton = {
   72 |             TextButton(
   73 |                 onClick = { onCreate(state.text.toString()) },
   74 |                 enabled = !processing && state.text.isNotEmpty() && !storeAlreadyExists,
   75 |             ) {
   76 |                 Text(
   77 |                     text = stringResource(
   78 |                         resource = if (processing) {
   79 |                             MR.strings.extensionStoresScreen_addStore_processing
   80 |                         } else {
   81 |                             MR.strings.action_add
   82 |                         },
   83 |                     ),
   84 |                 )
   85 |             }
   86 |         },
   87 |         dismissButton = {
   88 |             TextButton(onClick = onDismissRequest) {
   89 |                 Text(text = stringResource(MR.strings.action_cancel))
   90 |             }
   91 |         },
   92 |     )
   93 | 
   94 |     LaunchedEffect(focusRequester) {
   95 |         focusRequester.requestFocus()
   96 |     }
   97 | }
   98 | 
   99 | @Composable
  100 | fun ExtensionStoreDeleteDialog(
  101 |     onDismissRequest: () -> Unit,
  102 |     onDelete: () -> Unit,
  103 |     storeName: String,
  104 |     storeIndexUrl: String,
  105 | ) {
  106 |     AlertDialog("
pilot-0066,r0158,wisnukurniawan__Compose-ToDo,wisnukurniawan__Compose-ToDo/app/src/main/java/com/wisnu/kurniawan/composetodolist/features/login/ui/LoginScreen.kt,85.0,LoginScreen,error_state_no_semantics,UNSURE,none,adjudicated,UNSURE,UNSURE,error_state_no_semantics,HANDLED,none,,,"isError = state.showEmailInvalidError,","   73 |     PgPageLayout {
   74 |         Box(
   75 |             modifier = Modifier
   76 |                 .fillMaxSize()
   77 |                 .padding(20.dp),
   78 |             contentAlignment = Alignment.Center
   79 |         ) {
   80 |             Column {
   81 |                 val passwordFocusRequest = remember { FocusRequester() }
   82 | 
   83 |                 EmailField(
   84 |                     email = state.email,
   85 |                     isError = state.showEmailInvalidError,
   86 |                     onEmailChanged = onEmailChanged,
   87 |                     onImeAction = { passwordFocusRequest.requestFocus() },
   88 |                     errorLabel = { TextFieldError(stringResource(R.string.login_email_invalid)) }
   89 |                 )
   90 | 
   91 |                 Spacer(modifier = Modifier.height(8.dp))
   92 | 
   93 |                 PasswordField(
   94 |                     password = state.password,
   95 |                     modifier = Modifier.focusRequester(passwordFocusRequest),
   96 |                     onPasswordChanged = onPasswordChanged,
   97 |                     onImeAction = onPasswordImeAction
   98 |                 )
   99 | 
  100 |                 Spacer(modifier = Modifier.height(16.dp))
  101 | 
  102 |                 PgButton(
  103 |                     modifier = Modifier.fillMaxWidth(),
  104 |                     enabled = state.canLogin(),
  105 |                     onClick = onClickLogin
  106 |                 ) { Text(text = stringResource(R.string.login_login), color = Color.White) }
  107 |             }
  108 |         }
  109 |     }
  110 | }
  111 | 
  112 | @Composable
  113 | private fun EmailField(
  114 |     email: String,
  115 |     isError: Boolean,
  116 |     onEmailChanged: (String) -> Unit,
  117 |     onImeAction: () -> Unit,
  118 |     errorLabel: @Composable (() -> Unit)? = null
  119 | ) {
  120 |     PgTextField(
  121 |         value = email,
  122 |         onValueChange = { onEmailChanged(it) },
  123 |         placeholderValue = stringResource(R.string.login_email),
  124 |         isError = isError,
  125 |         keyboardOptions = KeyboardOptions("
pilot-0067,r0079,xavier-tobin__BundledUI-Android,xavier-tobin__BundledUI-Android/src/main/java/com/xaviertobin/bundledui/section/widgets/SectionTextInput.kt,168.0,SectionPasswordInput,error_state_no_semantics,NO_ISSUE,none,adjudicated,FP,UNSURE,error_state_no_semantics,NO_ISSUE,none,,,val isError = errorMessage != null,"  153 | fun SectionPasswordInput(
  154 |     password: TextFieldState,
  155 |     fontSize: TextUnit = 16.sp,
  156 |     label: String,
  157 |     placeholder: String? = label,
  158 |     first: Boolean = false,
  159 |     last: Boolean = false,
  160 |     required: Boolean = false,
  161 |     enabled: Boolean = true,
  162 |     errorMessage: String? = null,
  163 | ) {
  164 | 
  165 |     var showPassword by remember { mutableStateOf(false) }
  166 |     var focused by remember { mutableStateOf(false) }
  167 |     val interactionSource = remember { MutableInteractionSource() }
  168 |     val isError = errorMessage != null
  169 |     val indicatorColors = sectionTextInputIndicatorColors(isError)
  170 | 
  171 |     SectionRow(
  172 |         first = first,
  173 |         last = last,
  174 |         padding = SectionDefaults.verticalPaddingValues(
  175 |             first = first,
  176 |             last = last,
  177 |             start = 22.dp,
  178 |             top = 4.dp,
  179 |             end = 14.dp,
  180 |             bottom = 10.dp
  181 |         ),
  182 |         focused = focused,
  183 |         modifier = Modifier.alpha(if (enabled) 1f else 0.5f),
  184 |         tone = if (isError) {
  185 |             Tone.NEGATIVE
  186 |         } else {
  187 |             Tone.NEUTRAL
  188 |         }
  189 |     ) {
  190 |         Column(modifier = Modifier.weight(1f)) {
  191 | 
  192 |             SectionTextInputSlidingLabel(
  193 |                 label = label,
  194 |                 required = required
  195 |             )
  196 | 
  197 |             SecureTextField(
  198 |                 state = password,
  199 |                 textObfuscationMode = if (showPassword) {
  200 |                     TextObfuscationMode.Visible
  201 |                 } else {
  202 |                     TextObfuscationMode.RevealLastTyped
  203 |                 },
  204 |                 modifier = Modifier
  205 |                     .sectionTextInput(
  206 |                         interactionSource = interactionSource,
  207 |                         indicatorColors = indicatorColors,
  208 |                         onFocusChanged = {"
pilot-0068,r0100,android__nowinandroid,android__nowinandroid/core/designsystem/src/main/kotlin/com/google/samples/apps/nowinandroid/core/designsystem/component/DynamicAsyncImage.kt,57.0,DynamicAsyncImage,error_state_no_semantics,NO_ISSUE,none,agreed,FP,NO_ISSUE,none,NO_ISSUE,none,,,var isError by remember { mutableStateOf(false) },"   45 | /**
   46 |  * A wrapper around [AsyncImage] which determines the colorFilter based on the theme
   47 |  */
   48 | @Composable
   49 | fun DynamicAsyncImage(
   50 |     imageUrl: String,
   51 |     contentDescription: String?,
   52 |     modifier: Modifier = Modifier,
   53 |     placeholder: Painter = painterResource(R.drawable.core_designsystem_ic_placeholder_default),
   54 | ) {
   55 |     val iconTint = LocalTintTheme.current.iconTint
   56 |     var isLoading by remember { mutableStateOf(true) }
   57 |     var isError by remember { mutableStateOf(false) }
   58 |     val imageLoader = rememberAsyncImagePainter(
   59 |         model = imageUrl,
   60 |         onState = { state ->
   61 |             isLoading = state is Loading
   62 |             isError = state is Error
   63 |         },
   64 |     )
   65 |     val isLocalInspection = LocalInspectionMode.current
   66 |     Box(
   67 |         modifier = modifier,
   68 |         contentAlignment = Alignment.Center,
   69 |     ) {
   70 |         if (isLoading && !isLocalInspection) {
   71 |             // Display a progress bar while loading
   72 |             CircularProgressIndicator(
   73 |                 modifier = Modifier
   74 |                     .align(Alignment.Center)
   75 |                     .size(80.dp),
   76 |                 color = MaterialTheme.colorScheme.tertiary,
   77 |             )
   78 |         }
   79 |         Image(
   80 |             contentScale = ContentScale.Crop,
   81 |             painter = if (isError.not() && !isLocalInspection) imageLoader else placeholder,
   82 |             contentDescription = contentDescription,
   83 |             colorFilter = if (iconTint != Unspecified) ColorFilter.tint(iconTint) else null,
   84 |         )
   85 |     }
   86 | }"
pilot-0069,r0093,maximilian-schwaerzler__Do-It,maximilian-schwaerzler__Do-It/app/src/main/java/at/co/schwaerzler/maximilian/doit/ui/navigation/screen/EditTodoScreen.kt,367.0,EditTodoScreenContent,error_state_no_semantics,HANDLED,none,adjudicated,FP,HANDLED,error_state_no_semantics,HANDLED,none,,CATEGORY ONLY: both agree on verdict; pick category,"isError = uiState.titleError != null,","  355 |                     onValueChange = onTitleChange,
  356 |                     Modifier
  357 |                         .fillMaxWidth()
  358 |                         .padding(bottom = 8.dp)
  359 |                         .focusRequester(titleFocusRequester),
  360 |                     singleLine = true,
  361 |                     label = {
  362 |                         Text(stringResource(R.string.title))
  363 |                     },
  364 |                     supportingText = {
  365 |                         Text(uiState.titleError ?: stringResource(R.string.required))
  366 |                     },
  367 |                     isError = uiState.titleError != null,
  368 |                     leadingIcon = {
  369 |                         Icon(painterResource(R.drawable.title_24px), contentDescription = null)
  370 |                     },
  371 |                     textStyle = LocalTextStyle.current.copy(
  372 |                         fontWeight = FontWeight.Bold
  373 |                     )
  374 |                 )
  375 | 
  376 |                 OutlinedTextField(
  377 |                     uiState.description,
  378 |                     onValueChange = onDescriptionChange,
  379 |                     Modifier.fillMaxWidth(),
  380 |                     label = {
  381 |                         Text(stringResource(R.string.description))
  382 |                     },
  383 |                     minLines = 5,
  384 |                     supportingText = {
  385 |                         Text(uiState.descriptionError ?: stringResource(R.string.optional))
  386 |                     },
  387 |                     isError = uiState.descriptionError != null
  388 |                 )
  389 | 
  390 |                 val deadlineSet = uiState.deadline != null
  391 | 
  392 |                 Row(
  393 |                     verticalAlignment = Alignment.CenterVertically,
  394 |                     modifier = Modifier.padding(top = 4.dp)
  395 |                 ) {
  396 |                     Checkbox(
  397 |                         checked = deadlineSet,
  398 |                         onCheckedChange = { checked ->
  399 |                             if (checked) {
  400 |                                 showDatePicker = true
  401 |                             } else {
  402 |                                 onDeadlineChange(null)
  403 |                             }
  404 |                         }
  405 |                     )
  406 |                     Text(stringResource(R.string.set_deadline))
  407 |                 }"
pilot-0070,r0102,wisnukurniawan__Compose-Expense,wisnukurniawan__Compose-Expense/app/src/main/java/com/wisnu/kurniawan/wallee/features/login/ui/LoginScreen.kt,90.0,LoginScreen,error_state_no_semantics,UNSURE,none,adjudicated,UNSURE,UNSURE,error_state_no_semantics,HANDLED,none,,,"isError = state.showEmailInvalidError,","   78 |     PgPageLayout {
   79 |         Box(
   80 |             modifier = Modifier
   81 |                 .fillMaxSize()
   82 |                 .padding(20.dp),
   83 |             contentAlignment = Alignment.Center
   84 |         ) {
   85 |             Column {
   86 |                 val passwordFocusRequest = remember { FocusRequester() }
   87 | 
   88 |                 EmailField(
   89 |                     email = state.email,
   90 |                     isError = state.showEmailInvalidError,
   91 |                     onEmailChanged = onEmailChanged,
   92 |                     onImeAction = { passwordFocusRequest.requestFocus() },
   93 |                     errorLabel = { TextFieldError(stringResource(R.string.login_email_invalid)) }
   94 |                 )
   95 | 
   96 |                 Spacer(modifier = Modifier.height(8.dp))
   97 | 
   98 |                 PasswordField(
   99 |                     password = state.password,
  100 |                     modifier = Modifier.focusRequester(passwordFocusRequest),
  101 |                     onPasswordChanged = onPasswordChanged,
  102 |                     onImeAction = onPasswordImeAction
  103 |                 )
  104 | 
  105 |                 Spacer(modifier = Modifier.height(16.dp))
  106 | 
  107 |                 PgButton(
  108 |                     modifier = Modifier.fillMaxWidth(),
  109 |                     enabled = state.canLogin(),
  110 |                     onClick = onClickLogin
  111 |                 ) { Text(text = stringResource(R.string.login_login), color = Color.White) }
  112 |             }
  113 |         }
  114 |     }
  115 | }
  116 | 
  117 | @Composable
  118 | private fun EmailField(
  119 |     email: String,
  120 |     isError: Boolean,
  121 |     onEmailChanged: (String) -> Unit,
  122 |     onImeAction: () -> Unit,
  123 |     errorLabel: @Composable (() -> Unit)? = null
  124 | ) {
  125 |     PgTextField(
  126 |         value = email,
  127 |         onValueChange = { onEmailChanged(it) },
  128 |         placeholderValue = stringResource(R.string.login_email),
  129 |         isError = isError,
  130 |         keyboardOptions = KeyboardOptions("
pilot-0071,r0214,eslamfaisal__android-compose-clean-architecture-sample,eslamfaisal__android-compose-clean-architecture-sample/app/src/androidTest/java/com/eslam/bakingapp/ui/LoginScreenTest.kt,210.0,LoginTestContent,error_state_no_semantics,UNSURE,none,adjudicated,UNSURE,UNSURE,error_state_no_semantics,HANDLED,none,,,"isError = uiState.emailError != null,","  174 | private fun LoginTestContent(
  175 |     uiState: LoginUiState,
  176 |     onEmailChange: (String) -> Unit,
  177 |     onPasswordChange: (String) -> Unit,
  178 |     onLoginClick: () -> Unit
  179 | ) {
  180 |     Column(
  181 |         modifier = Modifier
  182 |             .fillMaxSize()
  183 |             .padding(24.dp),
  184 |         horizontalAlignment = Alignment.CenterHorizontally,
  185 |         verticalArrangement = Arrangement.Center
  186 |     ) {
  187 |         Text(
  188 |             text = ""🍰"",
  189 |             style = MaterialTheme.typography.displayLarge
  190 |         )
  191 |         
  192 |         Spacer(modifier = Modifier.height(16.dp))
  193 |         
  194 |         Text(
  195 |             text = ""Welcome Back"",
  196 |             style = MaterialTheme.typography.headlineLarge
  197 |         )
  198 |         
  199 |         Text(
  200 |             text = ""Sign in to continue baking"",
  201 |             style = MaterialTheme.typography.bodyLarge
  202 |         )
  203 |         
  204 |         Spacer(modifier = Modifier.height(32.dp))
  205 |         
  206 |         BakingTextField(
  207 |             value = uiState.email,
  208 |             onValueChange = onEmailChange,
  209 |             label = ""Email"",
  210 |             isError = uiState.emailError != null,
  211 |             errorMessage = uiState.emailError
  212 |         )
  213 |         
  214 |         Spacer(modifier = Modifier.height(16.dp))
  215 |         
  216 |         PasswordTextField(
  217 |             value = uiState.password,
  218 |             onValueChange = onPasswordChange,
  219 |             label = ""Password"",
  220 |             isError = uiState.passwordError != null,
  221 |             errorMessage = uiState.passwordError
  222 |         )
  223 |         
  224 |         TertiaryButton(
  225 |             text = ""Forgot Password?"",
  226 |             onClick = {}
  227 |         )
  228 |         
  229 |         if (uiState.errorMessage != null) {
  230 |             Text(
  231 |                 text = uiState.errorMessage ?: """",
  232 |                 color = MaterialTheme.colorScheme.error
  233 |             )
  234 |         }
  235 |         
  236 |         Spacer(modifier = Modifier.height(16.dp))
  237 |         
  238 |         PrimaryButton(
  239 |             text = ""Sign In"",
  240 |             onClick = onLoginClick,
  241 |             isLoading = uiState.isLoading
  242 |         )
  243 |         
  244 |         TertiaryButton(
  245 |             text = ""Don't have an account? Sign Up"",
  246 |             onClick = {}
  247 |         )
  248 |         
  249 |         Spacer(modifier = Modifier.height(16.dp))
  250 |         "
pilot-0072,r0297,SachinRupani__LoginWithJetpackCompose,SachinRupani__LoginWithJetpackCompose/app/src/main/java/com/jodhpurtechies/composelogin/ui/screens/unauthenticated/registration/RegistrationInputs.kt,38.0,RegistrationInputs,error_state_no_semantics,UNSURE,none,adjudicated,UNSURE,UNSURE,error_state_no_semantics,HANDLED,none,,,"isError = registrationState.errorState.emailIdErrorState.hasError,","   19 | fun RegistrationInputs(
   20 |     registrationState: RegistrationState,
   21 |     onEmailIdChange: (String) -> Unit,
   22 |     onMobileNumberChange: (String) -> Unit,
   23 |     onPasswordChange: (String) -> Unit,
   24 |     onConfirmPasswordChange: (String) -> Unit,
   25 |     onSubmit: () -> Unit,
   26 | ) {
   27 |     // Login Inputs Section
   28 |     Column(modifier = Modifier.fillMaxWidth()) {
   29 | 
   30 |         // Email ID
   31 |         EmailTextField(
   32 |             modifier = Modifier
   33 |                 .fillMaxWidth()
   34 |                 .padding(top = AppTheme.dimens.paddingLarge),
   35 |             value = registrationState.emailId,
   36 |             onValueChange = onEmailIdChange,
   37 |             label = stringResource(id = R.string.registration_email_label),
   38 |             isError = registrationState.errorState.emailIdErrorState.hasError,
   39 |             errorText = stringResource(id = registrationState.errorState.emailIdErrorState.errorMessageStringResource),
   40 |             imeAction = ImeAction.Next
   41 |         )
   42 | 
   43 |         // Mobile Number
   44 |         MobileNumberTextField(
   45 |             modifier = Modifier
   46 |                 .fillMaxWidth()
   47 |                 .padding(top = AppTheme.dimens.paddingLarge),
   48 |             value = registrationState.mobileNumber,
   49 |             onValueChange = onMobileNumberChange,
   50 |             label = stringResource(id = R.string.registration_mobile_label),
   51 |             isError = registrationState.errorState.mobileNumberErrorState.hasError,
   52 |             errorText = stringResource(id = registrationState.errorState.mobileNumberErrorState.errorMessageStringResource),
   53 |             imeAction = ImeAction.Next
   54 |         )
   55 | 
   56 | 
   57 |         // Password
   58 |         PasswordTextField(
   59 |             modifier = Modifier
   60 |                 .fillMaxWidth()
   61 |                 .padding(top = AppTheme.dimens.paddingLarge),
   62 |             value = registrationState.password,
   63 |             onValueChange = onPasswordChange,
   64 |             label = stringResource(id = R.string.registration_password_label),
   65 |             isError = registrationState.errorState.passwordErrorState.hasError,
   66 |             errorText = stringResource(id = registrationState.errorState.passwordErrorState.errorMessageStringResource),
   67 |             imeAction = ImeAction.Next
   68 |         )
   69 | 
   70 |         // Confirm Password
   71 |         PasswordTextField(
   72 |             modifier = Modifier
   73 |                 .fillMaxWidth()
   74 |                 .padding(top = AppTheme.dimens.paddingLarge),
   75 |             value = registrationState.confirmPassword,
   76 |             onValueChange = onConfirmPasswordChange,
   77 |             label = stringResource(id = R.string.registration_confirm_password_label),
   78 |             isError = registrationState.errorState.confirmPasswordErrorState.hasError,"
pilot-0073,r0088,norsehorse-dev__AgePonyAndroid,norsehorse-dev__AgePonyAndroid/app/src/main/java/com/agepony/app/ui/VaultGate.kt,398.0,CreateSecretDialog,error_state_no_semantics,HANDLED,none,adjudicated,FP,HANDLED,error_state_no_semantics,HANDLED,none,,CATEGORY ONLY: both agree on verdict; pick category,"isError = mismatch,","  386 |                         delay(20)
  387 |                         tries++
  388 |                     }
  389 |                     focusRequester.requestFocus()
  390 |                     keyboard?.show()
  391 |                     ViewCompat.getWindowInsetsController(view)?.show(WindowInsetsCompat.Type.ime())
  392 |                 }
  393 |                 OutlinedTextField(
  394 |                     value = again,
  395 |                     onValueChange = { again = it },
  396 |                     singleLine = true,
  397 |                     label = { Text(""Confirm"") },
  398 |                     isError = mismatch,
  399 |                     visualTransformation = PasswordVisualTransformation(),
  400 |                     keyboardOptions = kb,
  401 |                     modifier = Modifier.padding(top = 8.dp),
  402 |                 )
  403 |                 if (mismatch) {
  404 |                     Text(
  405 |                         ""They don't match."",
  406 |                         style = MaterialTheme.typography.bodySmall,
  407 |                         color = MaterialTheme.colorScheme.error,
  408 |                     )
  409 |                 }
  410 |             }
  411 |         },
  412 |         confirmButton = {
  413 |             TextButton(onClick = { onConfirm(value.toCharArray(), kind) }, enabled = valid) {
  414 |                 Text(""Create vault"")
  415 |             }
  416 |         },
  417 |         dismissButton = { TextButton(onClick = onDismiss) { Text(""Cancel"") } },
  418 |     )
  419 | }"
pilot-0074,r0040,maxwhipw__marmalade-tts-android,maxwhipw__marmalade-tts-android/app/src/main/java/app/marmalade/tts/ui/screen/AliasScreen.kt,688.0,AliasEditorSheet,error_state_no_semantics,HANDLED,none,adjudicated,FP,HANDLED,error_state_no_semantics,HANDLED,none,,CATEGORY ONLY: both agree on verdict; pick category,isError = state.error is SaveError.InvalidName ||,"  676 |                 supportingText = {
  677 |                     Text(
  678 |                         text = stringResource(
  679 |                             errorTextFor(state.error) ?: R.string.alias_name_help,
  680 |                         ),
  681 |                         color = if (state.error != null) {
  682 |                             MaterialTheme.colorScheme.error
  683 |                         } else {
  684 |                             MaterialTheme.colorScheme.onSurfaceVariant
  685 |                         },
  686 |                     )
  687 |                 },
  688 |                 isError = state.error is SaveError.InvalidName ||
  689 |                     state.error is SaveError.NameTaken,
  690 |                 modifier = Modifier.fillMaxWidth(),
  691 |             )
  692 | 
  693 |             // One row for both kinds of voice. The engine and voice used to
  694 |             // be separate dropdowns, which let them drift out of step and
  695 |             // forced the user to know which engine owned a voice before
  696 |             // they could pick it. Now the row opens the drill-down picker
  697 |             // and the two move together — see AliasViewModel.pickVoice.
  698 |             VoiceRowField(
  699 |                 path = voicePath,
  700 |                 isError = state.error is SaveError.MissingVoice,
  701 |                 onClick = onOpenVoicePicker,
  702 |             )
  703 | 
  704 |             // Only cloud voices can fail for want of a network, so the
  705 |             // fallback only appears for them. Hidden entirely otherwise
  706 |             // rather than shown disabled — a permanently-greyed control on
  707 |             // every on-device alias would be noise.
  708 |             if (voicePath?.isCloud == true) {
  709 |                 FallbackPicker(
  710 |                     selected = state.fallbackAliasId,
  711 |                     candidates = fallbackCandidates,
  712 |                     onPick = onFallbackChange,
  713 |                 )
  714 |             }
  715 | 
  716 |             Column {
  717 |                 val speedText = stringResource(R.string.alias_speed_chip, state.speed)
  718 |                 val speedLabel = stringResource(R.string.alias_speed)
  719 |                 Text(
  720 |                     text = stringResource(R.string.alias_speed_label, speedText),
  721 |                     style = MaterialTheme.typography.bodyMedium,
  722 |                 )
  723 |                 Slider(
  724 |                     value = state.speed,
  725 |                     onValueChange = onSpeedChange,
  726 |                     valueRange = VoiceAlias.MIN_SPEED..VoiceAlias.MAX_SPEED,
  727 |                     // 15 steps between 0.5 and 2.0 = 0.1x increments
  728 |                     // (Slider's `steps` excludes the endpoints)."
pilot-0075,r0148,maximilian-schwaerzler__Do-It,maximilian-schwaerzler__Do-It/app/src/main/java/at/co/schwaerzler/maximilian/doit/ui/navigation/screen/EditTodoScreen.kt,367.0,EditTodoScreenContent,error_state_no_semantics,HANDLED,none,adjudicated,FP,HANDLED,error_state_no_semantics,HANDLED,none,,CATEGORY ONLY: both agree on verdict; pick category,"isError = uiState.titleError != null,","  355 |                     onValueChange = onTitleChange,
  356 |                     Modifier
  357 |                         .fillMaxWidth()
  358 |                         .padding(bottom = 8.dp)
  359 |                         .focusRequester(titleFocusRequester),
  360 |                     singleLine = true,
  361 |                     label = {
  362 |                         Text(stringResource(R.string.title))
  363 |                     },
  364 |                     supportingText = {
  365 |                         Text(uiState.titleError ?: stringResource(R.string.required))
  366 |                     },
  367 |                     isError = uiState.titleError != null,
  368 |                     leadingIcon = {
  369 |                         Icon(painterResource(R.drawable.title_24px), contentDescription = null)
  370 |                     },
  371 |                     textStyle = LocalTextStyle.current.copy(
  372 |                         fontWeight = FontWeight.Bold
  373 |                     )
  374 |                 )
  375 | 
  376 |                 OutlinedTextField(
  377 |                     uiState.description,
  378 |                     onValueChange = onDescriptionChange,
  379 |                     Modifier.fillMaxWidth(),
  380 |                     label = {
  381 |                         Text(stringResource(R.string.description))
  382 |                     },
  383 |                     minLines = 5,
  384 |                     supportingText = {
  385 |                         Text(uiState.descriptionError ?: stringResource(R.string.optional))
  386 |                     },
  387 |                     isError = uiState.descriptionError != null
  388 |                 )
  389 | 
  390 |                 val deadlineSet = uiState.deadline != null
  391 | 
  392 |                 Row(
  393 |                     verticalAlignment = Alignment.CenterVertically,
  394 |                     modifier = Modifier.padding(top = 4.dp)
  395 |                 ) {
  396 |                     Checkbox(
  397 |                         checked = deadlineSet,
  398 |                         onCheckedChange = { checked ->
  399 |                             if (checked) {
  400 |                                 showDatePicker = true
  401 |                             } else {
  402 |                                 onDeadlineChange(null)
  403 |                             }
  404 |                         }
  405 |                     )
  406 |                     Text(stringResource(R.string.set_deadline))
  407 |                 }"
pilot-0076,r0054,AmrDeveloper__LinkHub,AmrDeveloper__LinkHub/app/src/main/java/com/amrdeveloper/linkhub/ui/link/LinkScreen.kt,311.0,LinkInputField,error_state_no_semantics,HANDLED,none,adjudicated,FP,HANDLED,error_state_no_semantics,HANDLED,none,,CATEGORY ONLY: both agree on verdict; pick category,"isError = errorMessage.isNotEmpty(),","  280 | private fun LinkInputField(
  281 |     label: String,
  282 |     value: String,
  283 |     errorMessage: String,
  284 |     onValueChange: (String) -> Unit
  285 | ) {
  286 |     OutlinedTextField(
  287 |         value = value,
  288 |         onValueChange = { onValueChange(it) },
  289 |         label = { Text(text = label) },
  290 |         leadingIcon = {
  291 |             Icon(
  292 |                 painter = painterResource(R.drawable.ic_link),
  293 |                 contentDescription = ""Link Icon"",
  294 |                 tint = Color.Unspecified,
  295 |             )
  296 |         },
  297 |         trailingIcon = {
  298 |             if (value.isNotEmpty()) {
  299 |                 IconButton(onClick = { onValueChange("""") }) {
  300 |                     Icon(
  301 |                         painter = painterResource(R.drawable.ic_delete),
  302 |                         contentDescription = ""Link Icon""
  303 |                     )
  304 |                 }
  305 |             }
  306 |         },
  307 |         singleLine = true,
  308 |         modifier = Modifier
  309 |             .fillMaxWidth()
  310 |             .padding(8.dp),
  311 |         isError = errorMessage.isNotEmpty(),
  312 |         colors = OutlinedTextFieldDefaults.colors(
  313 |             cursorColor = colorResource(R.color.light_blue_600),
  314 |             focusedBorderColor = colorResource(R.color.light_blue_600),
  315 |             focusedLabelColor = colorResource(R.color.light_blue_600)
  316 |         ),
  317 |         supportingText = {
  318 |             if (errorMessage.isNotEmpty()) {
  319 |                 Text(text = errorMessage)
  320 |             }
  321 |         })
  322 | }
  323 | 
  324 | @Composable
  325 | private fun LinkCreatedAndUpdatedTime(link: Link) {
  326 |     val dateFormatter = DateFormat.getDateTimeInstance()
  327 | 
  328 |     Row(
  329 |         modifier = Modifier.padding(8.dp),
  330 |         verticalAlignment = Alignment.CenterVertically
  331 |     ) {
  332 |         Icon(
  333 |             painter = painterResource(R.drawable.ic_clock),
  334 |             contentDescription = ""Time Icon"",
  335 |             tint = Color.Unspecified,
  336 |             modifier = Modifier
  337 |                 .size(20.dp)
  338 |                 .padding(4.dp)
  339 |         )
  340 | 
  341 |         Text(
  342 |             text = ""Created at: "",
  343 |             textAlign = TextAlign.Center,
  344 |         )
  345 | 
  346 |         Spacer(modifier = Modifier.weight(1f))
  347 | 
  348 |         Text(
  349 |             text = ""${dateFormatter.format(link.createdTime)}"",
  350 |             textAlign = TextAlign.Center,
  351 |         )"
pilot-0077,r0042,wisnukurniawan__Compose-Expense,wisnukurniawan__Compose-Expense/app/src/main/java/com/wisnu/kurniawan/wallee/features/account/detail/ui/AccountDetailScreen.kt,159.0,AccountDetailScreen,error_state_no_semantics,UNSURE,none,adjudicated,UNSURE,UNSURE,error_state_no_semantics,HANDLED,none,,,isError = state.shouldShowDuplicateNameError,"  147 |         ) {
  148 |             item {
  149 |                 if (state.shouldShowDuplicateNameError) {
  150 |                     PgErrorLabel(
  151 |                         text = stringResource(R.string.account_edit_name_duplicate),
  152 |                         modifier = Modifier.padding(start = 16.dp, bottom = 6.dp)
  153 |                     )
  154 |                 }
  155 | 
  156 |                 NameSection(
  157 |                     name = state.name,
  158 |                     onNameChange = onNameChange,
  159 |                     isError = state.shouldShowDuplicateNameError
  160 |                 )
  161 | 
  162 |                 CategorySection(
  163 |                     categoryName = stringResource(state.selectedAccountType().getLabel()),
  164 |                     onCategorySectionClick = onCategorySectionClick
  165 |                 )
  166 |             }
  167 | 
  168 |             item {
  169 |                 Spacer(Modifier.height(16.dp))
  170 |             }
  171 | 
  172 |             item {
  173 |                 AmountSection(
  174 |                     totalAmount = state.totalAmount,
  175 |                     totalAmountDisplay = state.getAmountDisplay(),
  176 |                     onTotalAmountChange = onTotalAmountChange,
  177 |                 )
  178 |             }
  179 | 
  180 |             AdjustAmountReasonCell(
  181 |                 data = state.adjustBalanceReasonItems,
  182 |                 shouldShow = state.isEditMode,
  183 |                 onItemClick = onAdjustBalanceReasonClick
  184 |             )
  185 | 
  186 |             if (state.canDelete()) {
  187 |                 item {
  188 |                     Spacer(Modifier.height(32.dp))
  189 |                     PgSecondaryButton(
  190 |                         modifier = Modifier.fillMaxWidth(),
  191 |                         border = BorderStroke(
  192 |                             width = 1.dp,
  193 |                             color = MaterialTheme.colorScheme.error
  194 |                         ),
  195 |                         onClick = onDeleteClick
  196 |                     ) {
  197 |                         PgContentTitle(
  198 |                             text = stringResource(R.string.account_edit_delete),
  199 |                             color = MaterialTheme.colorScheme.error"
pilot-0078,r0045,christianrowlands__android-network-survey,christianrowlands__android-network-survey/networksurvey/src/main/java/com/craxiom/networksurvey/ui/cellular/CalculatorScreen.kt,196.0,NciInputField,error_state_no_semantics,HANDLED,none,adjudicated,FP,HANDLED,error_state_no_semantics,ISSUE,error_state_no_semantics,,,isError = nciError != null,"  182 | fun NciInputField(
  183 |     cellIdInput: String,
  184 |     viewModel: CalculatorViewModel,
  185 |     onValueChange: (String) -> Unit
  186 | ) {
  187 |     val nciError by viewModel.nciError.collectAsState()
  188 | 
  189 |     OutlinedTextField(
  190 |         value = cellIdInput,
  191 |         onValueChange = onValueChange,
  192 |         label = { Text(""NCI"") },
  193 |         keyboardOptions = KeyboardOptions.Default.copy(keyboardType = KeyboardType.Number),
  194 |         modifier = Modifier.fillMaxWidth(),
  195 |         singleLine = true,
  196 |         isError = nciError != null
  197 |     )
  198 | }
  199 | 
  200 | @Composable
  201 | fun ResultsDisplay(gnbIdOutput: String, sectorIdOutput: String, viewModel: CalculatorViewModel) {
  202 |     Column {
  203 |         val nciError by viewModel.nciError.collectAsState()
  204 | 
  205 |         Text(text = ""gNB ID: $gnbIdOutput"", style = MaterialTheme.typography.bodyLarge)
  206 |         Text(text = ""Sector ID: $sectorIdOutput"", style = MaterialTheme.typography.bodyLarge)
  207 | 
  208 |         if (nciError != null) {
  209 |             Spacer(modifier = Modifier.height(8.dp))
  210 |             Text(text = nciError.orEmpty(), color = MaterialTheme.colorScheme.error)
  211 |         }
  212 |     }
  213 | }
  214 | 
  215 | @Composable
  216 | fun LteCalculators(viewModel: CalculatorViewModel) {
  217 |     Column {
  218 |         // 4G LTE Cell ID calculator
  219 |         CardItem {
  220 |             Column {
  221 |                 val lteSectorIdOutput by viewModel.lteSectorIdOutput.collectAsState()
  222 |                 val lteCidError by viewModel.lteCidError.collectAsState()
  223 |                 val collectAsState by viewModel.enbIdOutput.collectAsState()
  224 | 
  225 |                 TitleText(text = ""Cell ID to eNB ID and Sector ID"")
  226 | 
  227 |                 OutlinedTextField(
  228 |                     value = viewModel.lteCellIdInput.collectAsState().value,
  229 |                     onValueChange = {
  230 |                         viewModel.setLteCellIdInput(it)
  231 |                         viewModel.calculateLteCellId()
  232 |                     },
  233 |                     label = { Text(""Cell ID"") },
  234 |                     keyboardOptions = KeyboardOptions.Default.copy(keyboardType = KeyboardType.Number),
  235 |                     modifier = Modifier.fillMaxWidth(),
  236 |                     isError = lteCidError != null"
pilot-0079,r0021,chmouel__liseur,chmouel__liseur/app/src/main/kotlin/com/chmouel/liseur/ui/settings/ReadingNavigationScreen.kt,379.0,DictionarySiteRow,error_state_no_semantics,HANDLED,none,adjudicated,FP,HANDLED,error_state_no_semantics,HANDLED,none,textfield_no_label,CATEGORY ONLY: both agree on verdict; pick category,"isError = invalid,","  367 |                         expanded = false
  368 |                         customChosen = true
  369 |                     },
  370 |                 )
  371 |             }
  372 |         }
  373 |         if (customChosen) {
  374 |             OutlinedTextField(
  375 |                 value = typed,
  376 |                 onValueChange = { typed = it },
  377 |                 modifier = Modifier.fillMaxWidth().padding(top = 12.dp),
  378 |                 singleLine = true,
  379 |                 isError = invalid,
  380 |                 placeholder = { Text(stringResource(R.string.settings_dictionary_site_hint)) },
  381 |                 supportingText = if (invalid) {
  382 |                     { Text(stringResource(R.string.settings_dictionary_site_invalid)) }
  383 |                 } else {
  384 |                     null
  385 |                 },
  386 |                 keyboardOptions = KeyboardOptions(
  387 |                     keyboardType = KeyboardType.Uri,
  388 |                     imeAction = ImeAction.Done,
  389 |                 ),
  390 |                 // Committed on Done, not per keystroke: a commit stores
  391 |                 // the setting and probes the site, and a half-typed host
  392 |                 // deserves neither.
  393 |                 keyboardActions = KeyboardActions(onDone = { normalised?.let(commit) }),
  394 |             )
  395 |         }
  396 |         when (val probe = probeResult) {
  397 |             ProbeUi.Idle -> Unit
  398 |             ProbeUi.Checking -> Text(
  399 |                 text = stringResource(R.string.settings_dictionary_site_checking),
  400 |                 style = MaterialTheme.typography.bodySmall,
  401 |                 color = MaterialTheme.colorScheme.onSurfaceVariant,
  402 |                 modifier = Modifier.padding(top = 8.dp),
  403 |             )
  404 |             is ProbeUi.Ok -> Text(
  405 |                 text = stringResource(R.string.settings_dictionary_site_ok, probe.host),
  406 |                 style = MaterialTheme.typography.bodySmall,
  407 |                 color = MaterialTheme.colorScheme.primary,
  408 |                 modifier = Modifier.padding(top = 8.dp),
  409 |             )
  410 |             is ProbeUi.Unreachable -> Text(
  411 |                 text = stringResource(
  412 |                     R.string.settings_dictionary_site_unreachable,
  413 |                     probe.host,
  414 |                     probe.error,
  415 |                 ),
  416 |                 style = MaterialTheme.typography.bodySmall,
  417 |                 color = MaterialTheme.colorScheme.error,
  418 |                 modifier = Modifier.padding(top = 8.dp),
  419 |             )"
pilot-0080,r0085,Darkrock-Studios__FastTrack,Darkrock-Studios__FastTrack/app/src/main/java/com/darkrockstudios/apps/fasttrack/screens/profile/ProfileScreen.kt,235.0,ProfileDataEntryCard,error_state_no_semantics,HANDLED,none,adjudicated,FP,HANDLED,error_state_no_semantics,HANDLED,none,,CATEGORY ONLY: both agree on verdict; pick category,"isError = heightCmError != null,","  223 | 				text = stringResource(id = R.string.profile_height_label),
  224 | 				style = MaterialTheme.typography.headlineMedium,
  225 | 				color = MaterialTheme.colorScheme.onSurface,
  226 | 				modifier = Modifier.padding(top = 16.dp)
  227 | 			)
  228 | 
  229 | 			if (isMetric) {
  230 | 				// Metric Height Input
  231 | 				OutlinedTextField(
  232 | 					value = heightCm,
  233 | 					onValueChange = onHeightCmChanged,
  234 | 					label = { Text(stringResource(id = R.string.profile_height_metric_label)) },
  235 | 					isError = heightCmError != null,
  236 | 					keyboardOptions = KeyboardOptions(keyboardType = KeyboardType.Number),
  237 | 					modifier = Modifier
  238 | 						.padding(top = 8.dp)
  239 | 						.width(120.dp)
  240 | 				)
  241 | 				if (heightCmError != null) {
  242 | 					Text(
  243 | 						text = heightCmError,
  244 | 						color = MaterialTheme.colorScheme.error,
  245 | 						style = MaterialTheme.typography.bodySmall,
  246 | 						modifier = Modifier.padding(start = 16.dp)
  247 | 					)
  248 | 				}
  249 | 			} else {
  250 | 				// Imperial Height Input
  251 | 				Row(
  252 | 					modifier = Modifier.padding(top = 8.dp)
  253 | 				) {
  254 | 					OutlinedTextField(
  255 | 						value = heightFeet,
  256 | 						onValueChange = onHeightFeetChanged,
  257 | 						label = { Text(stringResource(id = R.string.profile_height_imper_feet_label)) },
  258 | 						isError = heightFeetError != null,
  259 | 						keyboardOptions = KeyboardOptions(keyboardType = KeyboardType.Number),
  260 | 						modifier = Modifier.width(100.dp)
  261 | 					)
  262 | 
  263 | 					Spacer(modifier = Modifier.width(8.dp))
  264 | 
  265 | 					OutlinedTextField(
  266 | 						value = heightInches,
  267 | 						onValueChange = onHeightInchesChanged,
  268 | 						label = { Text(stringResource(id = R.string.profile_height_imper_inches_label)) },
  269 | 						isError = heightInchesError != null,
  270 | 						keyboardOptions = KeyboardOptions(keyboardType = KeyboardType.Number),
  271 | 						modifier = Modifier.width(120.dp)
  272 | 					)
  273 | 				}
  274 | 
  275 | 				if (heightFeetError != null) {"
pilot-0081,r0258,christianrowlands__android-network-survey,christianrowlands__android-network-survey/networksurvey/src/main/java/com/craxiom/networksurvey/ui/activesurvey/SurveyMonitorScreen.kt,756.0,SurveyStatistics,missing_content_description,NO_ISSUE,none,adjudicated,FP,NO_ISSUE,none,ISSUE,none,,R5 localization is out of scope; A label stands,Icon(,"  744 |             horizontalArrangement = Arrangement.Center,
  745 |             verticalAlignment = Alignment.CenterVertically
  746 |         ) {
  747 |             Text(
  748 |                 text = stringResource(R.string.survey_statistics_header),
  749 |                 style = MaterialTheme.typography.titleLarge,
  750 |                 fontWeight = FontWeight.SemiBold
  751 |             )
  752 |             IconButton(
  753 |                 onClick = { showHelpDialog = true },
  754 |                 modifier = Modifier.size(40.dp)
  755 |             ) {
  756 |                 Icon(
  757 |                     painter = painterResource(id = R.drawable.ic_help),
  758 |                     contentDescription = ""Help"",
  759 |                     modifier = Modifier.size(20.dp),
  760 |                     tint = MaterialTheme.colorScheme.onSurfaceVariant
  761 |                 )
  762 |             }
  763 |         }
  764 | 
  765 |         // Mission ID row (shown only while a mission relevant survey is active)
  766 |         if (surveyState.missionId.isNotEmpty()) {
  767 |             MissionIdRow(missionId = surveyState.missionId)
  768 |         }
  769 | 
  770 |         // Statistics Cards Grid
  771 |         // Show different layouts based on active survey types
  772 |         if (hasNonUploadSurvey && isUploadActive) {
  773 |             // Both survey types active - show only Time Elapsed card
  774 |             ElevatedCard(
  775 |                 modifier = Modifier.fillMaxWidth(),
  776 |                 shape = RoundedCornerShape(16.dp),
  777 |                 elevation = CardDefaults.elevatedCardElevation(
  778 |                     defaultElevation = 1.dp
  779 |                 ),
  780 |                 colors = CardDefaults.elevatedCardColors(
  781 |                     containerColor = MaterialTheme.colorScheme.surfaceContainer
  782 |                 )
  783 |             ) {
  784 |                 Column(
  785 |                     modifier = Modifier
  786 |                         .fillMaxWidth()
  787 |                         .padding(16.dp),
  788 |                     horizontalAlignment = Alignment.CenterHorizontally
  789 |                 ) {
  790 |                     Text(
  791 |                         text = ""Time Elapsed"",
  792 |                         style = MaterialTheme.typography.labelLarge,
  793 |                         color = MaterialTheme.colorScheme.onSurfaceVariant
  794 |                     )
  795 |                     Spacer(modifier = Modifier.height(8.dp))
  796 |                     AnimatedContent("
pilot-0082,r0228,cryptrr__AutoPie,cryptrr__AutoPie/app/src/main/java/com/autosec/pie/BrowserActivity.kt,543.0,BrowserScreen,missing_content_description,NO_ISSUE,none,adjudicated,FP,NO_ISSUE,none,ISSUE,none,,R5 localization is out of scope; A label stands,Icon(,"  531 |                             imeAction = ImeAction.Go
  532 |                         ),
  533 |                         keyboardActions = KeyboardActions(
  534 |                             onGo = {
  535 |                                 onNavigate(address.text)
  536 |                                 keyboardController?.hide()
  537 |                             }
  538 |                         )
  539 |                     )
  540 | 
  541 |                     Box {
  542 |                         IconButton(onClick = { commandMenuExpanded = true }, modifier = Modifier.padding(horizontal = 10.dp)) {
  543 |                             Icon(
  544 |                                 imageVector = Icons.Default.Terminal,
  545 |                                 contentDescription = ""Browser commands""
  546 |                             )
  547 |                         }
  548 |                         DropdownMenu(
  549 |                             expanded = commandMenuExpanded,
  550 |                             onDismissRequest = { commandMenuExpanded = false },
  551 |                             modifier = Modifier.widthIn(min = 240.dp, max = 340.dp)
  552 |                         ) {
  553 |                             if (browserCommands.isEmpty()) {
  554 |                                 DropdownMenuItem(
  555 |                                     text = { Text(""No browser commands"") },
  556 |                                     onClick = {},
  557 |                                     enabled = false
  558 |                                 )
  559 |                             } else {
  560 |                                 browserCommands.forEach { command ->
  561 |                                     DropdownMenuItem(
  562 |                                         text = { Text(command.name) },
  563 |                                         leadingIcon = {
  564 |                                             Icon(
  565 |                                                 imageVector = Icons.Default.Terminal,
  566 |                                                 contentDescription = null
  567 |                                             )
  568 |                                         },
  569 |                                         onClick = {
  570 |                                             commandMenuExpanded = false
  571 |                                             onRunCommand(command)
  572 |                                         }
  573 |                                     )
  574 |                                 }
  575 |                             }
  576 |                         }
  577 |                     }
  578 |                 }
  579 |             }
  580 |         }
  581 |     ) { contentPadding ->
  582 |         AndroidView(
  583 |             factory = { webView },"
pilot-0083,r0077,gininaba__AIPOSPasswordManager,gininaba__AIPOSPasswordManager/app/src/main/java/com/aipos/aipospm/ui/screens/AddEditPasswordScreen.kt,227.0,AddEditPasswordScreen,missing_content_description,NO_ISSUE,none,adjudicated,FP,NO_ISSUE,none,ISSUE,none,missing_state_description,R5 localization is out of scope; A label stands,"Icon(Icons.AutoMirrored.Filled.ArrowBack, contentDescription = ""Back"")","  215 |             TopAppBar(
  216 |                 title = {
  217 |                     Text(
  218 |                         text = if (isEditing) ""Edit Password"" else ""Add Password"",
  219 |                         fontWeight = FontWeight.Bold
  220 |                     )
  221 |                 },
  222 |                 navigationIcon = {
  223 |                     IconButton(onClick = {
  224 |                         passwordViewModel.clearSelection()
  225 |                         onNavigateBack()
  226 |                     }) {
  227 |                         Icon(Icons.AutoMirrored.Filled.ArrowBack, contentDescription = ""Back"")
  228 |                     }
  229 |                 },
  230 |                 actions = {
  231 |                     IconButton(onClick = { isFavorite = !isFavorite }) {
  232 |                         Icon(
  233 |                             imageVector = if (isFavorite) Icons.Default.Star
  234 |                             else Icons.Default.StarBorder,
  235 |                             contentDescription = ""Favorite"",
  236 |                             tint = if (isFavorite) MaterialTheme.colorScheme.primary
  237 |                             else MaterialTheme.colorScheme.onSurfaceVariant
  238 |                         )
  239 |                     }
  240 |                 },
  241 |                 colors = TopAppBarDefaults.topAppBarColors(
  242 |                     containerColor = MaterialTheme.colorScheme.surface
  243 |                 )
  244 |             )
  245 |         },
  246 |         snackbarHost = { SnackbarHost(snackbarHostState) }
  247 |     ) { padding ->
  248 |         Column(
  249 |             modifier = Modifier
  250 |                 .fillMaxSize()
  251 |                 .padding(padding)
  252 |                 .padding(horizontal = 16.dp)
  253 |                 .verticalScroll(rememberScrollState())
  254 |         ) {
  255 |             Spacer(modifier = Modifier.height(8.dp))
  256 | 
  257 |             OutlinedTextField(
  258 |                 value = title,
  259 |                 onValueChange = { title = it },
  260 |                 label = { Text(""Title *"") },
  261 |                 placeholder = { Text(""e.g., Google, GitHub"") },
  262 |                 singleLine = true,
  263 |                 modifier = Modifier.fillMaxWidth(),
  264 |                 shape = RoundedCornerShape(12.dp)
  265 |             )
  266 | 
  267 |             Spacer(modifier = Modifier.height(12.dp))"
pilot-0084,r0150,NicosNicolaou16__Pokedex_Compose,NicosNicolaou16__Pokedex_Compose/app/src/main/java/com/nicos/pokedex_compose/presentation/generic_compose_views/Toolbar.kt,41.0,CustomToolbar,missing_content_description,ISSUE,missing_content_description,adjudicated,TP,ISSUE,clickable_icon_not_iconbutton,ISSUE,missing_content_description,"clickable_icon_not_iconbutton,missing_content_description,missing_semantics_role",CATEGORY ONLY: both agree on verdict; pick category,Image(,"   27 | fun CustomToolbar(title: Int, backButton: (() -> Unit)? = null) {
   28 |     CenterAlignedTopAppBar(
   29 |         title = {
   30 |             Text(
   31 |                 stringResource(title),
   32 |                 style = TextStyle(
   33 |                     color = Color.White,
   34 |                     fontWeight = FontWeight.Bold,
   35 |                     fontSize = 21.sp
   36 |                 )
   37 |             )
   38 |         },
   39 |         navigationIcon = {
   40 |             if (backButton != null)
   41 |                 Image(
   42 |                     painter = painterResource(id = R.drawable.baseline_arrow_back_24),
   43 |                     contentDescription = null,
   44 |                     colorFilter = ColorFilter.tint(color = Color.White),
   45 |                     contentScale = ContentScale.Inside,
   46 |                     modifier = Modifier
   47 |                         .clickable { backButton() }
   48 |                         .fillMaxHeight()
   49 |                         .width(width = 50.dp)
   50 |                 )
   51 |         },
   52 |         colors = TopAppBarDefaults.topAppBarColors(
   53 |             containerColor = GreenLight
   54 |         )
   55 |     )
   56 | }
   57 | 
   58 | @OptIn(ExperimentalMaterial3Api::class)
   59 | @Composable
   60 | fun CustomToolbar(title: String, color: Color = GreenLight, backButton: (() -> Unit)? = null) {
   61 |     CenterAlignedTopAppBar(
   62 |         title = {
   63 |             Text(
   64 |                 title,
   65 |                 style = TextStyle(
   66 |                     color = Color.White,
   67 |                     fontWeight = FontWeight.Bold,
   68 |                     fontSize = 21.sp
   69 |                 )
   70 |             )
   71 |         },
   72 |         navigationIcon = {
   73 |             if (backButton != null)
   74 |                 Image(
   75 |                     painter = painterResource(id = R.drawable.baseline_arrow_back_24),
   76 |                     contentDescription = null,
   77 |                     colorFilter = ColorFilter.tint(color = Color.White),
   78 |                     contentScale = ContentScale.Inside,
   79 |                     modifier = Modifier
   80 |                         .clickable { backButton() }
   81 |                         .fillMaxHeight()"
pilot-0085,r0078,fflopsi__mensa-zh,fflopsi__mensa-zh/app/src/main/java/ch/florianfrauenfelder/mensazh/ui/main/detail/MenuRow.kt,167.0,MenuRow,missing_content_description,NO_ISSUE,none,agreed,FP,NO_ISSUE,none,NO_ISSUE,none,,,"Icon(Icons.Default.ContentCopy, stringResource(R.string.copy_menu))","  155 |           Column(verticalArrangement = Arrangement.Bottom) {
  156 |             FilledIconButton(
  157 |               onClick = {
  158 |                 scope.launch {
  159 |                   clipboard.setClipEntry(
  160 |                     ClipEntry(
  161 |                       ClipData.newPlainText(""meals content"", ""${menu.title}: ${menu.description}""),
  162 |                     ),
  163 |                   )
  164 |                 }
  165 |               },
  166 |             ) {
  167 |               Icon(Icons.Default.ContentCopy, stringResource(R.string.copy_menu))
  168 |             }
  169 |             FilledIconButton(
  170 |               onClick = {
  171 |                 context.startActivity(
  172 |                   Intent.createChooser(
  173 |                     Intent(Intent.ACTION_SEND).apply {
  174 |                       putExtra(Intent.EXTRA_TEXT, ""${menu.title}: ${menu.description}"")
  175 |                       type = ""text/plain""
  176 |                     },
  177 |                     null,
  178 |                   ),
  179 |                 )
  180 |               },
  181 |             ) {
  182 |               Icon(Icons.Default.Share, stringResource(R.string.share))
  183 |             }
  184 |           }
  185 |         }
  186 |       }
  187 |       if (!menu.imageUrl.isNullOrEmpty()) {
  188 |         AnimatedVisibility(showMore) {
  189 |           Image(
  190 |             painter = painter,
  191 |             contentDescription = null,
  192 |             modifier = Modifier
  193 |               .clickable { showImage.value = true }
  194 |               .fillMaxWidth(),
  195 |           )
  196 |         }
  197 |       }
  198 |     }
  199 | 
  200 |     if (!menu.imageUrl.isNullOrEmpty()) {
  201 |       AnimatedVisibility(
  202 |         visible = !showMore,
  203 |         modifier = Modifier
  204 |           .size(48.dp)
  205 |           .align(Alignment.TopEnd),
  206 |       ) {
  207 |         Image("
pilot-0086,r0160,binayshaw7777__KotStep,binayshaw7777__KotStep/app/src/main/java/com/binayshaw7777/kotstep/ui/theme/presentation/v2/steppers/Groww.kt,101.0,GrowwContent,missing_content_description,HANDLED,none,adjudicated,FP,ISSUE,missing_content_description,HANDLED,none,,,Icon(,"   87 | fun GrowwContent(modifier: Modifier = Modifier, paddingValues: PaddingValues) {
   88 | 
   89 |     Column(
   90 |         modifier = Modifier
   91 |             .fillMaxSize()
   92 |             .verticalScroll(rememberScrollState())
   93 |             .padding(paddingValues)
   94 |             .background(GROWW_BACKGROUND)
   95 |             .padding(vertical = 20.dp)
   96 |             .then(modifier)
   97 |     ) {
   98 |         Column(
   99 |             modifier = Modifier.padding(horizontal = 16.dp)
  100 |         ) {
  101 |             Icon(
  102 |                 imageVector = Icons.Filled.Check,
  103 |                 tint = GROWW_BACKGROUND,
  104 |                 contentDescription = null,
  105 |                 modifier = Modifier
  106 |                     .size(28.dp)
  107 |                     .drawBehind {
  108 |                         drawCircle(
  109 |                             color = GROWW_GREEN,
  110 |                             radius = this.size.minDimension / 2
  111 |                         )
  112 |                     }
  113 |             )
  114 | 
  115 |             Spacer(modifier = Modifier.height(16.dp))
  116 | 
  117 |             Text(
  118 |                 text = ""₹15,000.00"", style = TextStyle(
  119 |                     fontWeight = FontWeight.Bold,
  120 |                     fontSize = 24.sp,
  121 |                     color = Color.White
  122 |                 )
  123 |             )
  124 | 
  125 |             Spacer(modifier = Modifier.height(8.dp))
  126 | 
  127 |             Text(
  128 |                 text = ""New SIP   ∙   Completed"", style = TextStyle(
  129 |                     fontWeight = FontWeight.Bold,
  130 |                     fontSize = 10.sp,
  131 |                     color = Color.LightGray
  132 |                 )
  133 |             )
  134 | 
  135 |             Row(
  136 |                 verticalAlignment = Alignment.CenterVertically,
  137 |                 horizontalArrangement = Arrangement.spacedBy(16.dp),
  138 |                 modifier = Modifier.padding(top = 16.dp, bottom = 8.dp)
  139 |             ) {
  140 |                 Text(
  141 |                     text = ""GAMIX7 Mid Cap Opportunities Direct Plan Growth"", style = TextStyle("
pilot-0087,r0113,Pool-Of-Tears__Myne,Pool-Of-Tears__Myne/app/src/main/java/com/starry/myne/ui/screens/settings/composables/SettingsItems.kt,98.0,SettingItem,missing_content_description,HANDLED,none,adjudicated,FP,NO_ISSUE,none,HANDLED,none,,,Icon(,"   66 | fun SettingItem(icon: ImageVector, mainText: String, subText: String, onClick: () -> Unit) {
   67 |     val view = LocalView.current
   68 |     Card(
   69 |         onClick = {
   70 |             view.weakHapticFeedback()
   71 |             onClick()
   72 |         },
   73 |         colors = CardDefaults.cardColors(
   74 |             containerColor = MaterialTheme.colorScheme.surfaceColorAtElevation(3.dp)
   75 |         ),
   76 |         modifier = Modifier
   77 |             .padding(bottom = 8.dp)
   78 |             .fillMaxWidth()
   79 |             .wrapContentHeight(),
   80 |     ) {
   81 |         Row(
   82 |             modifier = Modifier
   83 |                 .padding(vertical = 10.dp, horizontal = 14.dp)
   84 |                 .fillMaxWidth(),
   85 |             verticalAlignment = Alignment.CenterVertically,
   86 |             horizontalArrangement = Arrangement.SpaceBetween
   87 |         ) {
   88 |             Row(
   89 |                 verticalAlignment = Alignment.CenterVertically,
   90 |                 modifier = Modifier.weight(1f, fill = false)
   91 |             ) {
   92 |                 Box(
   93 |                     modifier = Modifier
   94 |                         .size(40.dp)
   95 |                         .clip(CircleShape)
   96 |                         .background(MaterialTheme.colorScheme.surface)
   97 |                 ) {
   98 |                     Icon(
   99 |                         imageVector = icon,
  100 |                         contentDescription = null,
  101 |                         tint = MaterialTheme.colorScheme.onSurface,
  102 |                         modifier = Modifier.padding(8.dp)
  103 |                     )
  104 |                 }
  105 | 
  106 |                 Spacer(modifier = Modifier.width(14.dp))
  107 |                 Column {
  108 |                     Text(
  109 |                         text = mainText,
  110 |                         fontFamily = poppinsFont,
  111 |                         color = MaterialTheme.colorScheme.onSurface,
  112 |                         fontSize = 14.sp,
  113 |                         fontWeight = FontWeight.SemiBold,
  114 |                     )
  115 | 
  116 |                     Spacer(modifier = Modifier.height(2.dp))
  117 | 
  118 |                     Text(
  119 |                         text = subText,
  120 |                         fontFamily = poppinsFont,
  121 |                         color = Color.Gray,
  122 |                         fontSize = 13.sp,
  123 |                         lineHeight = 1.3.em,
  124 |                         fontWeight = FontWeight.Medium,
  125 |                     )
  126 |                 }
  127 |             }
  128 |             Spacer(modifier = Modifier.width(8.dp))
  129 |             Icon(
  130 |                 imageVector = Icons.AutoMirrored.Filled.ArrowForwardIos,
  131 |                 contentDescription = """",
  132 |                 modifier = Modifier.size(15.dp),
  133 |                 tint = MaterialTheme.colorScheme.onSurface
  134 |             )
  135 |         }
  136 |     }
  137 | }
  138 | "
pilot-0088,r0291,msusman1__Amadz,msusman1__Amadz/app/src/main/java/com/talsk/amadz/ui/callLogHistory/CallLogHistoryScreen.kt,99.0,CallLogHistoryScreenInternal,missing_content_description,NO_ISSUE,none,adjudicated,FP,NO_ISSUE,none,ISSUE,none,,R5 localization is out of scope; A label stands,Icon(,"   76 | private fun CallLogHistoryScreenInternal(
   77 |     state: CallLogHistoryUiState,
   78 |     onBackClick: () -> Unit,
   79 |     onCallClick: (String) -> Unit,
   80 |     onAddContactClick: (String) -> Unit,
   81 |     onDeleteHistory: () -> Unit,
   82 |     onToggleBlocked: () -> Unit
   83 | ) {
   84 |     var menuExpanded by remember { mutableStateOf(false) }
   85 | 
   86 |     Scaffold(
   87 |         topBar = {
   88 |             TopAppBar(
   89 |                 title = {
   90 |                     Column {
   91 |                         Text(text = state.title, style = MaterialTheme.typography.titleMedium)
   92 |                         if (state.title != state.phone) {
   93 |                             Text(text = state.phone, style = MaterialTheme.typography.bodyMedium)
   94 |                         }
   95 |                     }
   96 |                 },
   97 |                 navigationIcon = {
   98 |                     IconButton(onClick = onBackClick) {
   99 |                         Icon(
  100 |                             imageVector = Icons.AutoMirrored.Filled.ArrowBack,
  101 |                             contentDescription = ""Back""
  102 |                         )
  103 |                     }
  104 |                 },
  105 |                 actions = {
  106 |                     if (!state.isSavedContact && state.phone.isNotBlank()) {
  107 |                         IconButton(onClick = { onAddContactClick(state.phone) }) {
  108 |                             Icon(
  109 |                                 painter = painterResource(id = R.drawable.baseline_person_add_alt_24),
  110 |                                 contentDescription = ""Add contact""
  111 |                             )
  112 |                         }
  113 |                     }
  114 |                     IconButton(onClick = { menuExpanded = true }) {
  115 |                         Icon(imageVector = Icons.Default.MoreVert, contentDescription = ""Menu"")
  116 |                     }
  117 |                     DropdownMenu(
  118 |                         expanded = menuExpanded,
  119 |                         onDismissRequest = { menuExpanded = false }
  120 |                     ) {
  121 |                         DropdownMenuItem(
  122 |                             text = {
  123 |                                 Text(if (state.isBlocked) ""Unblock number"" else ""Block number"")
  124 | 
  125 |                             },
  126 |                             leadingIcon = {
  127 |                                 Icon(
  128 |                                     imageVector = if (state.isBlocked)
  129 |                                         Icons.Default.LockOpen
  130 |                                     else
  131 |                                         Icons.Default.Block,
  132 |                                     contentDescription = null
  133 |                                 )
  134 |                             },
  135 |                             onClick = {
  136 |                                 menuExpanded = false
  137 |                                 onToggleBlocked()
  138 |                             }
  139 |                         )"
pilot-0089,r0265,lorenzovngl__FoodExpirationDates,lorenzovngl__FoodExpirationDates/app/src/full/java/com/lorenzovainigli/foodexpirationdates/view/composable/BarcodeScannerResult.kt,238.0,BarcodeScannerResultGotResult,missing_content_description,HANDLED,none,adjudicated,FP,NO_ISSUE,none,HANDLED,none,color_contrast,,Image(,"  216 | fun BarcodeScannerResultGotResult(height: Dp, detectedProduct: OpenFoodFactsJsonResponse) {
  217 |     detectedProduct.product.imageThumbUrl.let {
  218 |         if (!it.isNullOrEmpty()) {
  219 |             AsyncImage(
  220 |                 modifier = Modifier
  221 |                     .size(height)
  222 |                     .padding(8.dp)
  223 |                     .clip(CircleShape)
  224 |                     .background(MaterialTheme.colorScheme.primaryContainer),
  225 |                 model = ImageRequest.Builder(LocalContext.current)
  226 |                     .data(it)
  227 |                     .crossfade(true)
  228 |                     .build(),
  229 |                 contentScale = ContentScale.Crop,
  230 |                 contentDescription = null,
  231 |                 placeholder = painterResource(id = R.drawable.icons8_cesto_96),
  232 |                 onError = { e ->
  233 |                     Log.e(""Coil"", ""Error: ${e.result.throwable.message}"")
  234 |                     e.result.throwable.printStackTrace()
  235 |                 }
  236 |             )
  237 |         } else {
  238 |             Image(
  239 |                 painter = painterResource(id = R.drawable.icons8_cesto_96),
  240 |                 contentDescription = null,
  241 |                 modifier = Modifier
  242 |                     .size(height)
  243 |                     .padding(8.dp)
  244 |             )
  245 |         }
  246 |     }
  247 |     Column(
  248 |         modifier = Modifier.padding(start = 8.dp, end = height / 2),
  249 |         verticalArrangement = Arrangement.Center
  250 |     ) {
  251 |         detectedProduct.product.brands?.let {
  252 |             Text(
  253 |                 text = it,
  254 |                 fontSize = 18.sp,
  255 |                 color = Color.Gray
  256 |             )
  257 |         }
  258 |         detectedProduct.product.productName?.let {
  259 |             Text(
  260 |                 text = it,
  261 |                 fontSize = 24.sp,
  262 |             )
  263 |         }
  264 |     }
  265 | }
  266 | 
  267 | @Composable
  268 | fun BarcodeScannerResultResponseError(
  269 |     height: Dp,
  270 |     icon: ImageVector = Icons.Outlined.ErrorOutline,
  271 |     message: String
  272 | ) {
  273 |     Column(
  274 |         horizontalAlignment = Alignment.CenterHorizontally
  275 |     ) {
  276 |         Icon(
  277 |             modifier = Modifier.size(height / 2),
  278 |             imageVector = icon,"
pilot-0090,r0175,android__nowinandroid,android__nowinandroid/app-nia-catalog/src/main/kotlin/com/google/samples/apps/niacatalog/ui/Catalog.kt,122.0,NiaCatalog,missing_content_description,HANDLED,none,adjudicated,FP,NO_ISSUE,none,HANDLED,none,,,"Icon(imageVector = NiaIcons.Add, contentDescription = null)","  110 |                         ) {
  111 |                             Text(text = ""Disabled"")
  112 |                         }
  113 |                     }
  114 |                 }
  115 |                 item { Text(""Buttons with leading icons"", Modifier.padding(top = 16.dp)) }
  116 |                 item {
  117 |                     FlowRow(horizontalArrangement = Arrangement.spacedBy(16.dp)) {
  118 |                         NiaButton(
  119 |                             onClick = {},
  120 |                             text = { Text(text = ""Enabled"") },
  121 |                             leadingIcon = {
  122 |                                 Icon(imageVector = NiaIcons.Add, contentDescription = null)
  123 |                             },
  124 |                         )
  125 |                         NiaOutlinedButton(
  126 |                             onClick = {},
  127 |                             text = { Text(text = ""Enabled"") },
  128 |                             leadingIcon = {
  129 |                                 Icon(imageVector = NiaIcons.Add, contentDescription = null)
  130 |                             },
  131 |                         )
  132 |                         NiaTextButton(
  133 |                             onClick = {},
  134 |                             text = { Text(text = ""Enabled"") },
  135 |                             leadingIcon = {
  136 |                                 Icon(imageVector = NiaIcons.Add, contentDescription = null)
  137 |                             },
  138 |                         )
  139 |                     }
  140 |                 }
  141 |                 item { Text(""Disabled buttons with leading icons"", Modifier.padding(top = 16.dp)) }
  142 |                 item {
  143 |                     FlowRow(horizontalArrangement = Arrangement.spacedBy(16.dp)) {
  144 |                         NiaButton(
  145 |                             onClick = {},
  146 |                             enabled = false,
  147 |                             text = { Text(text = ""Disabled"") },
  148 |                             leadingIcon = {
  149 |                                 Icon(imageVector = NiaIcons.Add, contentDescription = null)
  150 |                             },
  151 |                         )
  152 |                         NiaOutlinedButton(
  153 |                             onClick = {},
  154 |                             enabled = false,
  155 |                             text = { Text(text = ""Disabled"") },
  156 |                             leadingIcon = {
  157 |                                 Icon(imageVector = NiaIcons.Add, contentDescription = null)
  158 |                             },
  159 |                         )
  160 |                         NiaTextButton(
  161 |                             onClick = {},
  162 |                             enabled = false,"
pilot-0091,r0038,MohamadOday__iris-gallery,MohamadOday__iris-gallery/app/src/main/java/com/iris/gallery/ui/AboutScreen.kt,319.0,AboutLinkRow,missing_content_description,HANDLED,none,adjudicated,FP,NO_ISSUE,none,HANDLED,none,missing_semantics_role,,"Icon(icon, contentDescription = null, tint = MaterialTheme.colorScheme.primary)","  305 | private fun AboutLinkRow(
  306 |     icon: ImageVector,
  307 |     title: String,
  308 |     subtitle: String,
  309 |     onClick: () -> Unit
  310 | ) {
  311 |     Row(
  312 |         modifier = Modifier
  313 |             .fillMaxWidth()
  314 |             .clickable(onClick = onClick)
  315 |             .padding(vertical = 4.dp),
  316 |         verticalAlignment = Alignment.CenterVertically,
  317 |         horizontalArrangement = Arrangement.spacedBy(14.dp)
  318 |     ) {
  319 |         Icon(icon, contentDescription = null, tint = MaterialTheme.colorScheme.primary)
  320 |         Column(Modifier.weight(1f)) {
  321 |             Text(title, style = MaterialTheme.typography.bodyMedium, fontWeight = FontWeight.SemiBold)
  322 |             Text(
  323 |                 subtitle,
  324 |                 style = MaterialTheme.typography.bodySmall,
  325 |                 color = MaterialTheme.colorScheme.onSurfaceVariant
  326 |             )
  327 |         }
  328 |     }
  329 | }
  330 | 
  331 | @Composable
  332 | fun MesopotamiaOpticsSheet(onClose: () -> Unit) {
  333 |     Column(
  334 |         modifier = Modifier
  335 |             .fillMaxWidth()
  336 |             .verticalScroll(rememberScrollState())
  337 |             .padding(horizontal = 24.dp, vertical = 12.dp),
  338 |         horizontalAlignment = Alignment.CenterHorizontally,
  339 |         verticalArrangement = Arrangement.spacedBy(16.dp)
  340 |     ) {
  341 |         // Ancient Cuneiform Banner
  342 |         Box(
  343 |             modifier = Modifier
  344 |                 .fillMaxWidth()
  345 |                 .clip(RoundedCornerShape(20.dp))
  346 |                 .background(
  347 |                     Brush.verticalGradient(
  348 |                         colors = listOf(
  349 |                             Color(0xFF0D2538),
  350 |                             Color(0xFF1E3A5F),
  351 |                             Color(0xFF2A1B0A)
  352 |                         )
  353 |                     )
  354 |                 )
  355 |                 .padding(20.dp),
  356 |             contentAlignment = Alignment.Center
  357 |         ) {
  358 |             Column(horizontalAlignment = Alignment.CenterHorizontally) {
  359 |                 Text("
pilot-0092,r0261,MohamadOday__iris-gallery,MohamadOday__iris-gallery/app/src/main/java/com/iris/gallery/ui/AboutScreen.kt,101.0,AboutScreen,missing_content_description,NO_ISSUE,none,agreed,FP,NO_ISSUE,none,NO_ISSUE,none,,,"Icon(Icons.AutoMirrored.Outlined.ArrowBack, androidx.compose.ui.res.stringResource(R.string.action_back))","   77 | fun AboutScreen(
   78 |     padding: PaddingValues = PaddingValues(0.dp),
   79 |     onBack: () -> Unit
   80 | ) {
   81 |     val context = LocalContext.current
   82 |     var eggClicks by remember { mutableIntStateOf(0) }
   83 |     var activeToast by remember { mutableStateOf<Toast?>(null) }
   84 |     var showEasterEggSheet by remember { mutableStateOf(false) }
   85 |     val sheetState = rememberModalBottomSheetState(skipPartiallyExpanded = true)
   86 |     val scope = rememberCoroutineScope()
   87 | 
   88 |     fun openUrl(url: String) {
   89 |         val intent = Intent(Intent.ACTION_VIEW, Uri.parse(url)).apply {
   90 |             addFlags(Intent.FLAG_ACTIVITY_NEW_TASK)
   91 |         }
   92 |         context.startActivity(intent)
   93 |     }
   94 | 
   95 |     Scaffold(
   96 |         topBar = {
   97 |             TopAppBar(
   98 |                 title = { Text(androidx.compose.ui.res.stringResource(R.string.section_about)) },
   99 |                 navigationIcon = {
  100 |                     IconButton(onClick = onBack) {
  101 |                         Icon(Icons.AutoMirrored.Outlined.ArrowBack, androidx.compose.ui.res.stringResource(R.string.action_back))
  102 |                     }
  103 |                 },
  104 |                 colors = TopAppBarDefaults.topAppBarColors(containerColor = MaterialTheme.colorScheme.surface)
  105 |             )
  106 |         }
  107 |     ) { scaffoldPadding ->
  108 |         LazyColumn(
  109 |             modifier = Modifier
  110 |                 .fillMaxSize()
  111 |                 .padding(scaffoldPadding),
  112 |             contentPadding = PaddingValues(horizontal = 16.dp, vertical = 20.dp),
  113 |             verticalArrangement = Arrangement.spacedBy(16.dp),
  114 |             horizontalAlignment = Alignment.CenterHorizontally
  115 |         ) {
  116 |         item {
  117 |             // App Header & Interactive Easter Egg Trigger with actual App Logo
  118 |             Column(
  119 |                 modifier = Modifier
  120 |                     .fillMaxWidth()
  121 |                     .padding(vertical = 12.dp),
  122 |                 horizontalAlignment = Alignment.CenterHorizontally
  123 |             ) {
  124 |                 Box(
  125 |                     modifier = Modifier
  126 |                         .size(92.dp)
  127 |                         .clip(RoundedCornerShape(22.dp))
  128 |                         .background(
  129 |                             Brush.linearGradient(
  130 |                                 colors = listOf(
  131 |                                     Color(0xFF9D34F5),
  132 |                                     Color(0xFF4F16D8)
  133 |                                 )
  134 |                             )
  135 |                         )
  136 |                         .clickable {
  137 |                             eggClicks++
  138 |                             activeToast?.cancel()
  139 |                             if (eggClicks >= 5) {
  140 |                                 eggClicks = 0
  141 |                                 activeToast = Toast.makeText(context, context.getString(R.string.toast_optics_unlocked), Toast.LENGTH_SHORT).apply { show() }"
pilot-0093,r0058,IacobIonut01__ReFra,IacobIonut01__ReFra/app/src/main/kotlin/com/dot/gallery/cloud/ui/backup/CloudBackupScreen.kt,89.0,CloudBackupScreen,missing_content_description,NO_ISSUE,none,agreed,FP,NO_ISSUE,none,NO_ISSUE,none,,,"Icon(Icons.Outlined.Settings, contentDescription = stringResource(R.string.settings_title))","   66 | fun CloudBackupScreen(
   67 |     onNavigateToAlbumPicker: (configId: Long) -> Unit,
   68 |     onNavigateToBackupOptions: () -> Unit,
   69 |     onNavigateToUploadDetails: () -> Unit
   70 | ) {
   71 |     val viewModel = hiltViewModel<CloudBackupViewModel>()
   72 |     val state by viewModel.uiState.collectAsStateWithLifecycle()
   73 |     val scrollBehavior = TopAppBarDefaults.exitUntilCollapsedScrollBehavior(
   74 |         state = rememberTopAppBarState()
   75 |     )
   76 | 
   77 |     Scaffold(
   78 |         modifier = Modifier.nestedScroll(scrollBehavior.nestedScrollConnection),
   79 |         topBar = {
   80 |             LargeTopAppBar(
   81 |                 modifier = Modifier.hazeEffect(
   82 |                     state = LocalHazeState.current,
   83 |                     style = LocalHazeStyle.current
   84 |                 ),
   85 |                 title = { Text(stringResource(R.string.cloud_backup)) },
   86 |                 navigationIcon = { NavigationBackButton() },
   87 |                 actions = {
   88 |                     IconButton(onClick = onNavigateToBackupOptions) {
   89 |                         Icon(Icons.Outlined.Settings, contentDescription = stringResource(R.string.settings_title))
   90 |                     }
   91 |                 },
   92 |                 scrollBehavior = scrollBehavior,
   93 |                 colors = TopAppBarDefaults.topAppBarColors(
   94 |                     scrolledContainerColor = MaterialTheme.colorScheme.surface,
   95 |                 ),
   96 |             )
   97 |         }
   98 |     ) { innerPadding ->
   99 |         val layoutDir = LocalLayoutDirection.current
  100 |         LazyColumn(
  101 |             modifier = Modifier.fillMaxSize(),
  102 |             contentPadding = PaddingValues(
  103 |                 start = innerPadding.calculateStartPadding(layoutDir) + 16.dp,
  104 |                 end = innerPadding.calculateEndPadding(layoutDir) + 16.dp,
  105 |                 top = innerPadding.calculateTopPadding() + 16.dp,
  106 |                 bottom = innerPadding.calculateBottomPadding() + 32.dp
  107 |             ),
  108 |             verticalArrangement = Arrangement.spacedBy(16.dp)
  109 |         ) {
  110 |             // Status card
  111 |             item {
  112 |                 Card(
  113 |                     modifier = Modifier.fillMaxWidth(),
  114 |                     shape = RoundedCornerShape(16.dp),
  115 |                     colors = CardDefaults.cardColors(
  116 |                         containerColor = MaterialTheme.colorScheme.primaryContainer
  117 |                     )
  118 |                 ) {
  119 |                     Column(
  120 |                         modifier = Modifier
  121 |                             .fillMaxWidth()
  122 |                             .padding(20.dp),
  123 |                         horizontalAlignment = Alignment.CenterHorizontally,
  124 |                         verticalArrangement = Arrangement.spacedBy(12.dp)
  125 |                     ) {
  126 |                         Icon(
  127 |                             imageVector = if (state.remainderCount == 0 && !state.isScanning)
  128 |                                 Icons.Outlined.CheckCircle else Icons.Outlined.CloudUpload,
  129 |                             contentDescription = null,"
pilot-0094,r0041,elgrande73__FOSS-snore-detector-android-app,elgrande73__FOSS-snore-detector-android-app/app/src/main/java/com/aistudio/snoredetector/afkwd/MainActivity.kt,2828.0,SettingsTab,missing_content_description,NO_ISSUE,none,adjudicated,FP,NO_ISSUE,none,ISSUE,none,,R5 localization is out of scope; A label stands,Icon(," 2816 |                                     text = ""Target: ${if (selectedAudioInputName.isBlank()) ""Default Phone Microphone"" else selectedAudioInputName}"",
 2817 |                                     fontSize = 11.sp,
 2818 |                                     color = MaterialTheme.colorScheme.onSurfaceVariant
 2819 |                                 )
 2820 |                             }
 2821 |                             IconButton(
 2822 |                                 onClick = {
 2823 |                                     viewModel.refreshAvailableInputDevices()
 2824 |                                     Toast.makeText(context, ""Scanning audio devices..."", Toast.LENGTH_SHORT).show()
 2825 |                                 },
 2826 |                                 modifier = Modifier.testTag(""refresh_audio_inputs_button"")
 2827 |                             ) {
 2828 |                                 Icon(
 2829 |                                     imageVector = Icons.Default.Refresh,
 2830 |                                     contentDescription = ""Scan for connected audio devices"",
 2831 |                                     tint = MaterialTheme.colorScheme.primary
 2832 |                                 )
 2833 |                             }
 2834 |                         }
 2835 | 
 2836 |                         Text(
 2837 |                             text = ""Choose which microphone to use for snoring detection. The app supports microphones in both wired and Bluetooth audio devices while allowing media playback—such as audiobooks, podcasts, or music—and headphone controls to continue working without interruption."",
 2838 |                             fontSize = 11.sp,
 2839 |                             color = MaterialTheme.colorScheme.onSurfaceVariant,
 2840 |                             modifier = Modifier.padding(top = 4.dp, bottom = 12.dp)
 2841 |                         )
 2842 | 
 2843 |                         // Active Service Routing status
 2844 |                         if (isRunning) {
 2845 |                             Box(
 2846 |                                 modifier = Modifier
 2847 |                                     .fillMaxWidth()
 2848 |                                     .clip(RoundedCornerShape(12.dp))
 2849 |                                     .background(MaterialTheme.colorScheme.primaryContainer.copy(alpha = 0.6f))
 2850 |                                     .padding(horizontal = 12.dp, vertical = 8.dp)
 2851 |                             ) {
 2852 |                                 Row(
 2853 |                                     verticalAlignment = Alignment.CenterVertically,
 2854 |                                     horizontalArrangement = Arrangement.spacedBy(8.dp)
 2855 |                                 ) {
 2856 |                                     Box(
 2857 |                                         modifier = Modifier
 2858 |                                             .size(8.dp)
 2859 |                                             .clip(CircleShape)
 2860 |                                             .background(MaterialTheme.colorScheme.primary)
 2861 |                                     )
 2862 |                                     Text(
 2863 |                                         text = ""Live Active Input: $activeInputDeviceName"",
 2864 |                                         fontSize = 12.sp,
 2865 |                                         fontWeight = FontWeight.Bold,
 2866 |                                         color = MaterialTheme.colorScheme.onPrimaryContainer
 2867 |                                     )
 2868 |                                 }"
pilot-0095,r0238,AhmadHassan-BTed__Parchment,AhmadHassan-BTed__Parchment/app/src/main/java/ted/parchment/reader/ui/viewer/TocPanel.kt,49.0,TocPanel,missing_content_description,HANDLED,none,adjudicated,FP,NO_ISSUE,none,HANDLED,none,missing_heading_semantics,,"Icon(Icons.Default.MenuBook, contentDescription = null, tint = accentColor)","   30 | fun TocPanel(
   31 |     tableOfContents: List<TocItem>,
   32 |     currentPage: Int,
   33 |     accentColor: Color,
   34 |     textColor: Color,
   35 |     onChapterSelected: (TocItem) -> Unit
   36 | ) {
   37 |     Column(
   38 |         modifier = Modifier
   39 |             .fillMaxWidth()
   40 |             .padding(bottom = 40.dp)
   41 |     ) {
   42 |         // ── Header ──────────────────────────────────────────────────────────
   43 |         Row(
   44 |             modifier = Modifier
   45 |                 .fillMaxWidth()
   46 |                 .padding(horizontal = 20.dp, vertical = 14.dp),
   47 |             verticalAlignment = Alignment.CenterVertically
   48 |         ) {
   49 |             Icon(Icons.Default.MenuBook, contentDescription = null, tint = accentColor)
   50 |             Spacer(Modifier.width(12.dp))
   51 |             Text(
   52 |                 ""Contents"",
   53 |                 fontWeight = FontWeight.Bold,
   54 |                 fontSize = 20.sp,
   55 |                 color = textColor
   56 |             )
   57 |         }
   58 |         HorizontalDivider(color = textColor.copy(alpha = 0.10f))
   59 | 
   60 |         // ── Chapter List ────────────────────────────────────────────────────
   61 |         LazyColumn {
   62 |             items(tableOfContents) { chapter ->
   63 |                 val isActive = chapter == tableOfContents
   64 |                     .filter { it.pageIndex < currentPage }
   65 |                     .lastOrNull()
   66 | 
   67 |                 Row(
   68 |                     modifier = Modifier
   69 |                         .fillMaxWidth()
   70 |                         .background(if (isActive) accentColor.copy(alpha = 0.08f) else Color.Transparent)
   71 |                         .clickable { onChapterSelected(chapter) }
   72 |                         .padding(horizontal = 20.dp, vertical = 14.dp),
   73 |                     verticalAlignment = Alignment.CenterVertically,
   74 |                     horizontalArrangement = Arrangement.SpaceBetween
   75 |                 ) {
   76 |                     // Active chapter accent bar + title
   77 |                     Row(
   78 |                         verticalAlignment = Alignment.CenterVertically,
   79 |                         modifier = Modifier.weight(1f)
   80 |                     ) {
   81 |                         if (isActive) {
   82 |                             Box(
   83 |                                 modifier = Modifier
   84 |                                     .width(3.dp)
   85 |                                     .height(22.dp)
   86 |                                     .clip(RoundedCornerShape(2.dp))
   87 |                                     .background(accentColor)
   88 |                             )
   89 |                             Spacer(Modifier.width(10.dp))"
pilot-0096,r0171,christianrowlands__android-network-survey,christianrowlands__android-network-survey/networksurvey/src/main/java/com/craxiom/networksurvey/ui/nsanalytics/NsAnalyticsConnectionScreen.kt,1102.0,UploadSettingsCard,missing_content_description,HANDLED,none,adjudicated,FP,NO_ISSUE,none,HANDLED,none,progress_no_semantics,,Icon(," 1090 |                     containerColor = MaterialTheme.colorScheme.primary,
 1091 |                     disabledContainerColor = MaterialTheme.colorScheme.primary.copy(alpha = 0.5f)
 1092 |                 )
 1093 |             ) {
 1094 |                 if (uploadState == UploadState.UPLOADING) {
 1095 |                     CircularProgressIndicator(
 1096 |                         modifier = Modifier.size(18.dp),
 1097 |                         color = Color.White,
 1098 |                         strokeWidth = 2.dp,
 1099 |                     )
 1100 |                     Spacer(modifier = Modifier.width(8.dp))
 1101 |                 } else {
 1102 |                     Icon(
 1103 |                         imageVector = Icons.AutoMirrored.Filled.Send,
 1104 |                         contentDescription = null,
 1105 |                         modifier = Modifier.padding(end = 8.dp)
 1106 |                     )
 1107 |                 }
 1108 |                 Text(buttonText)
 1109 |             }
 1110 |         }
 1111 |     }
 1112 | }
 1113 | 
 1114 | /**
 1115 |  * Displays the current upload status with a colored indicator dot.
 1116 |  */
 1117 | @Composable
 1118 | private fun UploadStatusRow(
 1119 |     state: UploadState,
 1120 |     statusMessage: String
 1121 | ) {
 1122 |     val statusColor = when (state) {
 1123 |         UploadState.IDLE -> Color(0xFF4CAF50)  // Green
 1124 |         UploadState.UPLOADING -> Color(0xFFFFC107)  // Yellow/Amber
 1125 |         UploadState.EMPTY -> Color.Gray
 1126 |         UploadState.UNAVAILABLE -> Color(0xFFF44336)  // Red
 1127 |     }
 1128 | 
 1129 |     Row(
 1130 |         verticalAlignment = Alignment.CenterVertically
 1131 |     ) {
 1132 |         Box(
 1133 |             modifier = Modifier
 1134 |                 .size(8.dp)
 1135 |                 .background(
 1136 |                     color = statusColor,
 1137 |                     shape = CircleShape
 1138 |                 )
 1139 |         )
 1140 |         Spacer(modifier = Modifier.width(8.dp))
 1141 |         Text(
 1142 |             text = statusMessage,"
pilot-0097,r0110,zodl-inc__zodl-android,zodl-inc__zodl-android/feature-voting/src/main/java/co/electriccoin/zcash/ui/screen/voting/proposaldetail/VoteProposalDetailView.kt,179.0,ForumLinkRow,missing_content_description,HANDLED,none,adjudicated,FP,NO_ISSUE,none,HANDLED,none,missing_semantics_role,,Icon(,"  166 | private fun ForumLinkRow(onClick: () -> Unit) {
  167 |     Row(
  168 |         verticalAlignment = Alignment.CenterVertically,
  169 |         modifier =
  170 |             Modifier
  171 |                 .fillMaxWidth()
  172 |                 .clickable(onClick = onClick)
  173 |     ) {
  174 |         Surface(
  175 |             shape = CircleShape,
  176 |             color = ZashiColors.Surfaces.bgTertiary,
  177 |             modifier = Modifier.size(40.dp)
  178 |         ) {
  179 |             Icon(
  180 |                 painter = painterResource(co.electriccoin.zcash.ui.R.drawable.ic_vote_message_chat),
  181 |                 contentDescription = null,
  182 |                 tint = ZashiColors.Text.textPrimary,
  183 |                 modifier = Modifier.padding(10.dp)
  184 |             )
  185 |         }
  186 |         Spacer(16.dp)
  187 |         Text(
  188 |             text = stringRes(co.electriccoin.zcash.ui.R.string.coinVote_proposalDetail_viewForumDiscussion).getValue(),
  189 |             style = ZashiTypography.textMd,
  190 |             color = ZashiColors.Text.textPrimary,
  191 |             fontWeight = FontWeight.SemiBold,
  192 |             modifier = Modifier.weight(1f)
  193 |         )
  194 |         Icon(
  195 |             painter = painterResource(R.drawable.ic_chevron_right),
  196 |             contentDescription = null,
  197 |             tint = ZashiColors.Text.textTertiary,
  198 |             modifier = Modifier.size(20.dp)
  199 |         )
  200 |     }
  201 | }
  202 | 
  203 | @Composable
  204 | private fun VoteOptions(options: List<VoteVoteOptionRowState>) {
  205 |     Column(modifier = Modifier.fillMaxWidth()) {
  206 |         options.forEachIndexed { index, option ->
  207 |             VoteOptionRow(option = option)
  208 |             if (index < options.lastIndex) {
  209 |                 ZashiHorizontalDivider(
  210 |                     modifier = Modifier.escapeHorizontalPadding(ZashiDimensions.Spacing.spacing3xl)
  211 |                 )
  212 |             }
  213 |         }
  214 |     }
  215 | }
  216 | 
  217 | @Composable
  218 | private fun VoteOptionRow(option: VoteVoteOptionRowState) {
  219 |     Row("
pilot-0098,r0057,Dking08__croc-app,Dking08__croc-app/app/src/main/java/com/dking/crocapp/ui/components/TransferProgressCard.kt,307.0,TransferHeader,missing_content_description,HANDLED,none,adjudicated,FP,NO_ISSUE,none,HANDLED,none,missing_content_description,,Icon(,"  287 | private fun TransferHeader(
  288 |     icon: androidx.compose.ui.graphics.vector.ImageVector,
  289 |     iconTint: androidx.compose.ui.graphics.Color,
  290 |     iconBackground: androidx.compose.ui.graphics.Color,
  291 |     title: String,
  292 |     subtitle: String?,
  293 |     titleColor: androidx.compose.ui.graphics.Color = MaterialTheme.colorScheme.onSurface,
  294 |     showLegacyBadge: Boolean = false
  295 | ) {
  296 |     Row(
  297 |         modifier = Modifier.fillMaxWidth(),
  298 |         verticalAlignment = Alignment.CenterVertically
  299 |     ) {
  300 |         Box(
  301 |             modifier = Modifier
  302 |                 .size(44.dp)
  303 |                 .clip(CircleShape)
  304 |                 .background(iconBackground),
  305 |             contentAlignment = Alignment.Center
  306 |         ) {
  307 |             Icon(
  308 |                 imageVector = icon,
  309 |                 contentDescription = null,
  310 |                 tint = iconTint,
  311 |                 modifier = Modifier.size(24.dp)
  312 |             )
  313 |         }
  314 |         Spacer(modifier = Modifier.width(14.dp))
  315 |         Column(modifier = Modifier.weight(1f)) {
  316 |             Text(
  317 |                 text = title,
  318 |                 style = MaterialTheme.typography.titleMedium,
  319 |                 fontWeight = FontWeight.SemiBold,
  320 |                 color = titleColor
  321 |             )
  322 |             if (subtitle != null) {
  323 |                 Spacer(modifier = Modifier.height(2.dp))
  324 |                 Text(
  325 |                     text = subtitle,
  326 |                     style = MaterialTheme.typography.bodySmall,
  327 |                     color = MaterialTheme.colorScheme.onSurfaceVariant
  328 |                 )
  329 |             }
  330 |         }
  331 |         if (showLegacyBadge) {
  332 |             Spacer(modifier = Modifier.width(8.dp))
  333 |             EngineBadge(engine = CrocEngine.LEGACY)
  334 |         }
  335 |     }
  336 | }
  337 | 
  338 | fun formatBytes(bytes: Long): String {
  339 |     return when {
  340 |         bytes < 1024 -> ""$bytes B""
  341 |         bytes < 1024 * 1024 -> ""%.1f KB"".format(bytes / 1024.0)
  342 |         bytes < 1024 * 1024 * 1024 -> ""%.1f MB"".format(bytes / (1024.0 * 1024))
  343 |         else -> ""%.2f GB"".format(bytes / (1024.0 * 1024 * 1024))
  344 |     }
  345 | }"
pilot-0099,r0189,BlazeCodeDev__TSViewer,BlazeCodeDev__TSViewer/app/src/main/java/com/blazecode/tsviewer/views/EditTextPreference.kt,57.0,EditTextPreference,missing_content_description,ISSUE,decorative_mislabeled,adjudicated,FP_DETECTOR,ISSUE,decorative_mislabeled,ISSUE,missing_content_description,,CATEGORY ONLY: both agree on verdict; pick category,"Icon(icon, """")","   37 | fun EditTextPreference(
   38 |     modifier: Modifier = Modifier,
   39 |     title: String,
   40 |     text: String? = null,
   41 |     placeholder: String? = null,
   42 |     icon: Painter? = null,
   43 |     showSummary: Boolean? = true,
   44 |     isPassword: Boolean? = false,
   45 |     isNumber: Boolean? = false,
   46 |     singleLine: Boolean = false,
   47 |     onTextChange: (String) -> Unit){
   48 | 
   49 |     val isDialogVisible = remember { mutableStateOf(false) }
   50 |     val prefilledText = text ?: """"
   51 | 
   52 |     Box(modifier = modifier){
   53 |         Card (modifier = Modifier.padding(dimensionResource(R.dimen.medium_padding), dimensionResource(R.dimen.small_padding), dimensionResource(R.dimen.medium_padding), 0.dp).clickable(onClick = {isDialogVisible.value = true} )){
   54 |             Row (modifier = Modifier.fillMaxWidth().padding(dimensionResource(R.dimen.small_padding)), verticalAlignment = Alignment.CenterVertically){
   55 |                 if(icon != null){
   56 |                     Box (modifier = Modifier.size(dimensionResource(R.dimen.icon_button_size)).weight(1f), contentAlignment = Alignment.Center){
   57 |                         Icon(icon, """")
   58 |                     }
   59 |                 }
   60 |                 Column (modifier = Modifier.weight(6f, true)){
   61 |                     Text(title, color = MaterialTheme.colorScheme.onSurface, fontSize = 16.sp)
   62 |                     if(showSummary == true){
   63 |                         var summaryText =
   64 |                             if (isPassword == true && prefilledText != """") {
   65 |                                 prefilledText.replace(Regex("".""), ""\u2022"")
   66 |                             } else if (isPassword == true && prefilledText == """" && placeholder != null) {
   67 |                                 placeholder.replace(Regex("".""), ""\u2022"")
   68 |                             } else if(text == """" && placeholder != null){
   69 |                                 placeholder
   70 |                             } else
   71 |                                 prefilledText
   72 | 
   73 |                         Text(
   74 |                             text = summaryText,
   75 |                             fontSize = 15.sp,
   76 |                             color = MaterialTheme.colorScheme.onSurfaceVariant)
   77 |                     }
   78 |                 }
   79 |             }
   80 |         }
   81 |     }
   82 | 
   83 |     if (isDialogVisible.value) {
   84 |         val tempTextValue = remember { mutableStateOf(TextFieldValue(prefilledText, selection = TextRange(prefilledText.length))) }
   85 |         val passwordVisible = remember { mutableStateOf(false) }
   86 |         val focusRequester = remember { FocusRequester() }
   87 |         val keyboardType =
   88 |             if (isPassword == true)
   89 |                 KeyboardOptions(keyboardType = KeyboardType.Password)
   90 |             else if (isNumber == true)
   91 |                 KeyboardOptions(keyboardType = KeyboardType.Number)
   92 |             else KeyboardOptions(keyboardType = KeyboardType.Text)
   93 | 
   94 |         AlertDialog(
   95 |             onDismissRequest = { isDialogVisible.value = false },
   96 |             title = { Text(title) },
   97 |             text = {"
pilot-0100,r0290,Chesire__Nekome,Chesire__Nekome/features/login/src/main/java/com/chesire/nekome/app/login/credentials/ui/CredentialsScreen.kt,221.0,PasswordInput,missing_content_description,HANDLED,none,adjudicated,FP,NO_ISSUE,none,HANDLED,none,,,Icon(,"  208 | private fun PasswordInput(
  209 |     password: String,
  210 |     isLoggingIn: Boolean,
  211 |     isPasswordError: Boolean,
  212 |     onPasswordChanged: (String) -> Unit,
  213 |     onLoginPressed: () -> Unit
  214 | ) {
  215 |     val keyboardController = LocalSoftwareKeyboardController.current
  216 |     var passwordVisible by rememberSaveable { mutableStateOf(false) }
  217 |     OutlinedTextField(
  218 |         value = password,
  219 |         onValueChange = onPasswordChanged,
  220 |         leadingIcon = {
  221 |             Icon(
  222 |                 imageVector = Icons.Default.Lock,
  223 |                 contentDescription = null
  224 |             )
  225 |         },
  226 |         trailingIcon = {
  227 |             IconButton(onClick = { passwordVisible = !passwordVisible }) {
  228 |                 Icon(
  229 |                     imageVector = if (passwordVisible) Icons.Default.Visibility else Icons.Default.VisibilityOff,
  230 |                     contentDescription = stringResource(
  231 |                         id = if (passwordVisible) {
  232 |                             StringResource.login_hide_password
  233 |                         } else {
  234 |                             StringResource.login_show_password
  235 |                         }
  236 |                     )
  237 |                 )
  238 |             }
  239 |         },
  240 |         visualTransformation = if (passwordVisible) VisualTransformation.None else PasswordVisualTransformation(),
  241 |         keyboardOptions = KeyboardOptions.Default.copy(
  242 |             keyboardType = KeyboardType.Password,
  243 |             imeAction = ImeAction.Done
  244 |         ),
  245 |         keyboardActions = KeyboardActions(
  246 |             onDone = {
  247 |                 if (!isLoggingIn) {
  248 |                     onLoginPressed()
  249 |                     keyboardController?.hide()
  250 |                 }
  251 |             }
  252 |         ),
  253 |         isError = isPasswordError,
  254 |         singleLine = true,
  255 |         label = { Text(text = stringResource(id = StringResource.login_password)) },
  256 |         modifier = Modifier
  257 |             .semantics { testTag = CredentialsTags.Password }
  258 |             .autofill(
  259 |                 autofillTypes = listOf(AutofillType.Password),
  260 |                 onFill = { onPasswordChanged(it) }
  261 |             )"
pilot-0101,r0185,krzdabrowski__android-starter-2022,krzdabrowski__android-starter-2022/basic-feature/src/main/java/eu/krzdabrowski/starter/basicfeature/presentation/composable/RocketsErrorContent.kt,29.0,RocketsErrorContent,missing_heading_semantics,NO_ISSUE,none,agreed,FP,NO_ISSUE,none,NO_ISSUE,none,color_contrast,,"style = MaterialTheme.typography.headlineSmall,","   17 | @Composable
   18 | fun RocketsErrorContent(modifier: Modifier = Modifier) {
   19 |     Box(
   20 |         modifier = modifier
   21 |             .fillMaxSize()
   22 |             .verticalScroll(rememberScrollState()), // for swipe-to-refresh
   23 |         contentAlignment = Alignment.Center,
   24 |     ) {
   25 |         Text(
   26 |             text = stringResource(id = R.string.rockets_error_fetching),
   27 |             color = Color.Red,
   28 |             textAlign = TextAlign.Center,
   29 |             style = MaterialTheme.typography.headlineSmall,
   30 |         )
   31 |     }
   32 | }"
pilot-0102,r0092,Angel-Studio__SoundTap,Angel-Studio__SoundTap/app/src/main/java/fr/angel/soundtap/ui/OnboardingScreen.kt,340.0,OnboardingScreen,missing_heading_semantics,ISSUE,missing_heading_semantics,agreed,TP,ISSUE,missing_heading_semantics,ISSUE,missing_heading_semantics,,,"style = MaterialTheme.typography.headlineMedium,","  328 | 				sheetState = sheetState,
  329 | 				windowInsets =
  330 | 					WindowInsets(
  331 | 						bottom = BottomSheetDefaults.windowInsets.getBottom(density),
  332 | 					),
  333 | 			) {
  334 | 				Column(
  335 | 					modifier = Modifier.padding(16.dp),
  336 | 					verticalArrangement = Arrangement.spacedBy(16.dp),
  337 | 				) {
  338 | 					Text(
  339 | 						stringResource(id = R.string.onboarding_accessibility_service_usage),
  340 | 						style = MaterialTheme.typography.headlineMedium,
  341 | 					)
  342 | 
  343 | 					Column(verticalArrangement = Arrangement.spacedBy(4.dp)) {
  344 | 						Text(
  345 | 							stringResource(id = R.string.onboarding_personal_sensitive_data),
  346 | 							style = MaterialTheme.typography.titleSmall,
  347 | 						)
  348 | 						Text(
  349 | 							stringResource(id = R.string.onboarding_personal_sensitive_data_description),
  350 | 							style = MaterialTheme.typography.bodySmall,
  351 | 						)
  352 | 					}
  353 | 
  354 | 					Column(verticalArrangement = Arrangement.spacedBy(4.dp)) {
  355 | 						Text(
  356 | 							stringResource(id = R.string.onboarding_core_functionality),
  357 | 							style = MaterialTheme.typography.titleSmall,
  358 | 						)
  359 | 						Text(
  360 | 							stringResource(id = R.string.onboarding_core_functionality_description),
  361 | 							style = MaterialTheme.typography.bodySmall,
  362 | 						)
  363 | 					}
  364 | 
  365 | 					Column(verticalArrangement = Arrangement.spacedBy(4.dp)) {
  366 | 						Text(
  367 | 							stringResource(id = R.string.onboarding_data_security_privacy),
  368 | 							style = MaterialTheme.typography.titleSmall,
  369 | 						)
  370 | 						Text(
  371 | 							stringResource(id = R.string.onboarding_data_security_privacy_description),
  372 | 							style = MaterialTheme.typography.bodySmall,
  373 | 						)
  374 | 					}
  375 | 
  376 | 					Text(
  377 | 						stringResource(id = R.string.onboarding_accessibility_service_usage_consent),
  378 | 						style = MaterialTheme.typography.bodySmall,
  379 | 					)
  380 | "
pilot-0103,r0300,nikbulavin__flick,nikbulavin__flick/feature/movie/src/main/kotlin/ru/resodostudio/flick/feature/movie/MovieScreen.kt,122.0,MovieHeader,missing_heading_semantics,ISSUE,missing_heading_semantics,agreed,TP,ISSUE,missing_heading_semantics,ISSUE,missing_heading_semantics,,,"style = MaterialTheme.typography.headlineSmall,","  101 | private fun MovieHeader(movie: Movie) {
  102 |     Row(
  103 |         modifier = Modifier.padding(start = 16.dp, end = 16.dp, top = 16.dp),
  104 |         horizontalArrangement = Arrangement.spacedBy(16.dp),
  105 |         verticalAlignment = Alignment.Top
  106 |     ) {
  107 |         FlickAsyncImage(
  108 |             url = movie.backdropPath,
  109 |             contentDescription = null,
  110 |             modifier = Modifier
  111 |                 .size(width = 130.dp, height = 181.dp)
  112 |                 .clip(RoundedCornerShape(12.dp)),
  113 |         )
  114 | 
  115 |         Column(
  116 |             horizontalAlignment = Alignment.Start,
  117 |             verticalArrangement = Arrangement.spacedBy(8.dp)
  118 |         ) {
  119 |             Text(
  120 |                 modifier = Modifier.padding(top = 8.dp),
  121 |                 text = movie.title,
  122 |                 style = MaterialTheme.typography.headlineSmall,
  123 |                 textAlign = TextAlign.Start,
  124 |                 fontWeight = FontWeight.Bold
  125 |             )
  126 | 
  127 |             Surface(
  128 |                 modifier = Modifier.clip(RoundedCornerShape(12.dp)),
  129 |                 color = MaterialTheme.colorScheme.secondaryContainer
  130 |             ) {
  131 |                 Text(
  132 |                     text = movie.voteAverage.toString(),
  133 |                     modifier = Modifier
  134 |                         .padding(
  135 |                             start = 8.dp,
  136 |                             top = 2.dp,
  137 |                             end = 8.dp,
  138 |                             bottom = 2.dp
  139 |                         ),
  140 |                     style = MaterialTheme.typography.labelLarge,
  141 |                     maxLines = 1,
  142 |                     fontWeight = FontWeight.Bold
  143 |                 )
  144 |             }
  145 | 
  146 |             Column(
  147 |                 horizontalAlignment = Alignment.Start
  148 |             ) {
  149 |                 if (movie.genreIds.isNotEmpty()) {
  150 |                     Text(
  151 |                         text = movie.genreIds.take(3).joinToString("", ""),
  152 |                         style = MaterialTheme.typography.labelLarge,
  153 |                         textAlign = TextAlign.Start,
  154 |                         maxLines = 1,
  155 |                         overflow = TextOverflow.Ellipsis
  156 |                     )
  157 |                 }
  158 | 
  159 |                 if (movie.releaseDate.isNotBlank()) {
  160 |                     Text(
  161 |                         text = movie.releaseDate,
  162 |                         style = MaterialTheme.typography.labelLarge,"
pilot-0104,r0256,christianrowlands__android-network-survey,christianrowlands__android-network-survey/networksurvey/src/main/java/com/craxiom/networksurvey/ui/activesurvey/SurveyMonitorScreen.kt,749.0,SurveyStatistics,missing_heading_semantics,ISSUE,missing_heading_semantics,agreed,TP,ISSUE,missing_heading_semantics,ISSUE,missing_heading_semantics,,,"style = MaterialTheme.typography.titleLarge,","  737 |             .padding(horizontal = 16.dp),
  738 |         horizontalAlignment = Alignment.CenterHorizontally,
  739 |         verticalArrangement = Arrangement.spacedBy(12.dp)
  740 |     ) {
  741 |         // Header with help icon
  742 |         Row(
  743 |             modifier = Modifier.padding(bottom = 8.dp),
  744 |             horizontalArrangement = Arrangement.Center,
  745 |             verticalAlignment = Alignment.CenterVertically
  746 |         ) {
  747 |             Text(
  748 |                 text = stringResource(R.string.survey_statistics_header),
  749 |                 style = MaterialTheme.typography.titleLarge,
  750 |                 fontWeight = FontWeight.SemiBold
  751 |             )
  752 |             IconButton(
  753 |                 onClick = { showHelpDialog = true },
  754 |                 modifier = Modifier.size(40.dp)
  755 |             ) {
  756 |                 Icon(
  757 |                     painter = painterResource(id = R.drawable.ic_help),
  758 |                     contentDescription = ""Help"",
  759 |                     modifier = Modifier.size(20.dp),
  760 |                     tint = MaterialTheme.colorScheme.onSurfaceVariant
  761 |                 )
  762 |             }
  763 |         }
  764 | 
  765 |         // Mission ID row (shown only while a mission relevant survey is active)
  766 |         if (surveyState.missionId.isNotEmpty()) {
  767 |             MissionIdRow(missionId = surveyState.missionId)
  768 |         }
  769 | 
  770 |         // Statistics Cards Grid
  771 |         // Show different layouts based on active survey types
  772 |         if (hasNonUploadSurvey && isUploadActive) {
  773 |             // Both survey types active - show only Time Elapsed card
  774 |             ElevatedCard(
  775 |                 modifier = Modifier.fillMaxWidth(),
  776 |                 shape = RoundedCornerShape(16.dp),
  777 |                 elevation = CardDefaults.elevatedCardElevation(
  778 |                     defaultElevation = 1.dp
  779 |                 ),
  780 |                 colors = CardDefaults.elevatedCardColors(
  781 |                     containerColor = MaterialTheme.colorScheme.surfaceContainer
  782 |                 )
  783 |             ) {
  784 |                 Column(
  785 |                     modifier = Modifier
  786 |                         .fillMaxWidth()
  787 |                         .padding(16.dp),
  788 |                     horizontalAlignment = Alignment.CenterHorizontally
  789 |                 ) {"
pilot-0105,r0025,zhishengplus__ZhishengWeather,zhishengplus__ZhishengWeather/app/src/main/kotlin/com/zhisheng/weather/ui/home/HomeScreen.kt,1157.0,StatusLine,missing_heading_semantics,ISSUE,text_truncation_scaling,agreed,FP_DETECTOR,ISSUE,text_truncation_scaling,ISSUE,text_truncation_scaling,,,Text(," 1145 | @Composable
 1146 | private fun StatusLine(city: com.zhisheng.weather.model.City?, data: WeatherData, staleAgeMillis: Long?) {
 1147 |     val coord = city?.let { Fmt.coordinates(it.latitude, it.longitude) } ?: ""----""
 1148 |     // 离线缓存兜底时标注缓存年龄（<10 分钟不打扰，只给正常更新时间）
 1149 |     val updText = if (staleAgeMillis != null && staleAgeMillis >= 10 * 60_000L) {
 1150 |         ""UPD ${staleAgeMillis / 60_000L}分钟前 · 缓存""
 1151 |     } else {
 1152 |         ""UPD ${data.updateTime?.let { Fmt.stamp(it, data.utcOffsetSeconds) } ?: ""--""}""
 1153 |     }
 1154 |     val srcText = ""SRC ${dataSourceShortLabel(data.dataSource)}${supplementShortLabel(data)}""
 1155 |     Column(modifier = Modifier.fillMaxWidth().padding(start = 20.dp, end = 20.dp, bottom = 2.dp)) {
 1156 |         Row(verticalAlignment = Alignment.CenterVertically) {
 1157 |             Text(
 1158 |                 text = coord,
 1159 |                 style = MaterialTheme.typography.labelSmall,
 1160 |                 color = ZhishengTextTertiary,
 1161 |                 letterSpacing = 1.sp,
 1162 |                 maxLines = 1,
 1163 |                 softWrap = false,
 1164 |             )
 1165 |             Spacer(Modifier.width(8.dp))
 1166 |             Text(
 1167 |                 updText,
 1168 |                 modifier = Modifier.weight(1f),
 1169 |                 style = MaterialTheme.typography.labelSmall,
 1170 |                 color = if (staleAgeMillis != null && staleAgeMillis >= 10 * 60_000L) ZhishengOrange else ZhishengTextTertiary,
 1171 |                 letterSpacing = 1.sp,
 1172 |                 maxLines = 1,
 1173 |                 softWrap = false,
 1174 |                 textAlign = TextAlign.End,
 1175 |                 overflow = TextOverflow.Ellipsis,
 1176 |             )
 1177 |         }
 1178 |         Text(
 1179 |             srcText,
 1180 |             modifier = Modifier.fillMaxWidth(),
 1181 |             style = MaterialTheme.typography.labelSmall,
 1182 |             color = ZhishengTextTertiary,
 1183 |             letterSpacing = 1.sp,
 1184 |             maxLines = 1,
 1185 |             textAlign = TextAlign.End,
 1186 |             overflow = TextOverflow.Ellipsis,
 1187 |         )
 1188 |     }
 1189 | }
 1190 | 
 1191 | // —— Hero：大温度 + 数字滚动 + 大图标 ——
 1192 | @Composable
 1193 | private fun HeroSection(
 1194 |     cur: CurrentWeather,
 1195 |     data: WeatherData,
 1196 |     unit: String,
 1197 |     prefs: com.zhisheng.weather.ui.DisplayPrefs,"
pilot-0106,r0251,isotjs__todosian-app,isotjs__todosian-app/app/src/main/java/com/isotjs/todosian/ui/home/HomeScreen.kt,654.0,EmptyHomeState,missing_heading_semantics,ISSUE,missing_heading_semantics,adjudicated,TP,NO_ISSUE,none,ISSUE,missing_heading_semantics,,,"style = MaterialTheme.typography.titleLarge,","  640 | private fun EmptyHomeState(
  641 |     onCreateCategory: () -> Unit,
  642 |     modifier: Modifier = Modifier,
  643 | ) {
  644 |     Box(
  645 |         modifier = modifier,
  646 |         contentAlignment = Alignment.Center,
  647 |     ) {
  648 |         Column(
  649 |             horizontalAlignment = Alignment.CenterHorizontally,
  650 |             modifier = Modifier.padding(16.dp),
  651 |         ) {
  652 |             Text(
  653 |                 text = stringResource(R.string.home_empty_title),
  654 |                 style = MaterialTheme.typography.titleLarge,
  655 |             )
  656 |             Spacer(modifier = Modifier.height(6.dp))
  657 |             Text(
  658 |                 text = stringResource(R.string.home_empty_subtitle),
  659 |                 style = MaterialTheme.typography.bodyMedium,
  660 |                 color = MaterialTheme.colorScheme.onSurfaceVariant,
  661 |             )
  662 |             Spacer(modifier = Modifier.height(12.dp))
  663 |             TextButton(onClick = onCreateCategory) {
  664 |                 Text(text = stringResource(R.string.home_create_category))
  665 |             }
  666 |         }
  667 |     }
  668 | }
  669 | 
  670 | private class HomeViewModelFactory(
  671 |     private val fileRepository: FileRepository,
  672 | ) : ViewModelProvider.Factory {
  673 |     override fun <T : ViewModel> create(modelClass: Class<T>): T {
  674 |         if (modelClass.isAssignableFrom(HomeViewModel::class.java)) {
  675 |             @Suppress(""UNCHECKED_CAST"")
  676 |             return HomeViewModel(fileRepository) as T
  677 |         }
  678 |         throw IllegalArgumentException(""Unknown ViewModel class"")
  679 |     }
  680 | }"
pilot-0107,r0298,norsehorse-dev__AgePonyAndroid,norsehorse-dev__AgePonyAndroid/app/src/main/java/com/agepony/app/ui/identities/IdentitiesScreen.kt,330.0,GenerateX25519,missing_heading_semantics,ISSUE,missing_heading_semantics,agreed,TP,ISSUE,missing_heading_semantics,ISSUE,missing_heading_semantics,,,"Text(""age X25519"", style = MaterialTheme.typography.titleLarge, color = MaterialTheme.colorScheme.primary)","  318 | }
  319 | 
  320 | @Composable
  321 | private fun GenerateX25519(vault: Vault, onDone: () -> Unit, onCancel: () -> Unit) {
  322 |     var name by rememberSaveable { mutableStateOf("""") }
  323 |     var busy by remember { mutableStateOf(false) }
  324 |     val scope = rememberCoroutineScope()
  325 | 
  326 |     Column(
  327 |         Modifier.fillMaxSize().padding(24.dp),
  328 |         verticalArrangement = Arrangement.spacedBy(16.dp),
  329 |     ) {
  330 |         Text(""age X25519"", style = MaterialTheme.typography.titleLarge, color = MaterialTheme.colorScheme.primary)
  331 |         Text(
  332 |             ""Creates a fresh age X25519 keypair, stored in your vault."",
  333 |             style = MaterialTheme.typography.bodyMedium,
  334 |             color = MaterialTheme.colorScheme.onSurfaceVariant,
  335 |         )
  336 |         OutlinedTextField(
  337 |             value = name,
  338 |             onValueChange = { name = it },
  339 |             label = { Text(""Name"") },
  340 |             singleLine = true,
  341 |             modifier = Modifier.fillMaxWidth(),
  342 |         )
  343 |         Row(horizontalArrangement = Arrangement.spacedBy(12.dp)) {
  344 |             Button(
  345 |                 onClick = {
  346 |                     if (busy) return@Button
  347 |                     busy = true
  348 |                     scope.launch {
  349 |                         val stored = withContext(Dispatchers.Default) {
  350 |                             val identity = X25519Identity.generate()
  351 |                             StoredIdentity(
  352 |                                 id = UUID.randomUUID().toString(),
  353 |                                 name = name.trim().ifBlank { ""age identity"" },
  354 |                                 type = StoredIdentityType.X25519,
  355 |                                 publicKeyB64 = b64e(identity.publicKey),
  356 |                                 privateKeyB64 = b64e(identity.privateKey),
  357 |                                 createdAt = System.currentTimeMillis(),
  358 |                             )
  359 |                         }
  360 |                         vault.addIdentity(stored)
  361 |                         busy = false
  362 |                         onDone()
  363 |                     }
  364 |                 },
  365 |                 modifier = Modifier.weight(1f),
  366 |             ) { Text(if (busy) ""Generating…"" else ""Generate"") }
  367 |             OutlinedButton(onClick = onCancel, modifier = Modifier.weight(1f)) { Text(""Back"") }
  368 |         }
  369 |     }
  370 | }"
pilot-0108,r0152,chvp__NanoLedger,chvp__NanoLedger/app/src/main/java/be/chvp/nanoledger/ui/preferences/PreferencesActivity.kt,518.0,SettingDialog,missing_heading_semantics,ISSUE,missing_heading_semantics,agreed,TP,ISSUE,missing_heading_semantics,ISSUE,missing_heading_semantics,,,"title = { Text(title, style = MaterialTheme.typography.titleLarge) },","  506 | @Composable
  507 | fun SettingDialog(
  508 |     opened: Boolean,
  509 |     title: String,
  510 |     canSave: Boolean,
  511 |     save: (() -> Unit),
  512 |     dismiss: (() -> Unit),
  513 |     content: @Composable () -> Unit,
  514 | ) {
  515 |     if (opened) {
  516 |         AlertDialog(
  517 |             onDismissRequest = dismiss,
  518 |             title = { Text(title, style = MaterialTheme.typography.titleLarge) },
  519 |             text = content,
  520 |             dismissButton = {
  521 |                 TextButton(onClick = dismiss) { Text(stringResource(R.string.cancel)) }
  522 |             },
  523 |             confirmButton = {
  524 |                 TextButton(onClick = {
  525 |                     save()
  526 |                     dismiss()
  527 |                 }, enabled = canSave) {
  528 |                     Text(stringResource(R.string.save))
  529 |                 }
  530 |             },
  531 |         )
  532 |     }
  533 | }"
pilot-0109,r0071,maxwhipw__marmalade-tts-android,maxwhipw__marmalade-tts-android/app/src/main/java/app/marmalade/tts/ui/onboarding/OnboardingScreen.kt,594.0,InstallingStep,missing_heading_semantics,ISSUE,missing_heading_semantics,agreed,TP,ISSUE,missing_heading_semantics,ISSUE,missing_heading_semantics,,,"style = MaterialTheme.typography.headlineSmall,","  559 | private fun InstallingStep(
  560 |     padding: PaddingValues,
  561 |     installStates: Map<String, InstallState>,
  562 |     allEngines: List<EngineDescriptor>,
  563 |     selectedIds: Set<String>,
  564 |     onRetry: (String) -> Unit,
  565 |     onContinue: () -> Unit,
  566 | ) {
  567 |     val rowsToShow = allEngines.filter { it.name in selectedIds }
  568 |     val allDone = rowsToShow.all { e ->
  569 |         val s = installStates[e.name]
  570 |         s is InstallState.Installed || s is InstallState.Failed
  571 |     }
  572 | 
  573 |     Column(
  574 |         modifier = Modifier
  575 |             .fillMaxSize()
  576 |             .padding(padding)
  577 |             .padding(horizontal = 16.dp),
  578 |     ) {
  579 |         Spacer(Modifier.height(16.dp))
  580 |         // Live mascot: listening pose (lid open, waves drifting in) while
  581 |         // downloads are in flight, settling to idle once everything's done.
  582 |         JarMascot(
  583 |             state = if (allDone) JarMascotState.IDLE else JarMascotState.LISTENING,
  584 |             size = 96.dp,
  585 |             modifier = Modifier.align(Alignment.CenterHorizontally),
  586 |         )
  587 |         Spacer(Modifier.height(8.dp))
  588 |         Text(
  589 |             text = if (allDone) {
  590 |                 stringResource(R.string.onboarding_setup_complete)
  591 |             } else {
  592 |                 stringResource(R.string.onboarding_installing_engines)
  593 |             },
  594 |             style = MaterialTheme.typography.headlineSmall,
  595 |             modifier = Modifier.fillMaxWidth(),
  596 |             textAlign = TextAlign.Center,
  597 |         )
  598 |         Spacer(Modifier.height(16.dp))
  599 | 
  600 |         if (rowsToShow.isEmpty()) {
  601 |             // User picked zero engines. Show a friendly note.
  602 |             Text(
  603 |                 text = stringResource(R.string.onboarding_no_engines_selected),
  604 |                 style = MaterialTheme.typography.bodyMedium,
  605 |                 textAlign = TextAlign.Center,
  606 |                 color = MaterialTheme.colorScheme.onSurfaceVariant,
  607 |                 modifier = Modifier.fillMaxWidth(),
  608 |             )
  609 |         } else {
  610 |             LazyColumn(modifier = Modifier
  611 |                 .fillMaxWidth()
  612 |                 .weight(1f)) {
  613 |                 items(items = rowsToShow, key = { it.name }) { engine ->
  614 |                     InstallRow(
  615 |                         engine = engine,
  616 |                         state = installStates[engine.name] ?: InstallState.NotInstalled,
  617 |                         isBuiltIn = engine.name == KittenDirectVoiceCatalog.ENGINE,
  618 |                         onRetry = { onRetry(engine.name) },
  619 |                     )
  620 |                     HorizontalDivider()
  621 |                 }
  622 |             }
  623 |         }
  624 | 
  625 |         Spacer(Modifier.height(12.dp))
  626 |         Button(
  627 |             onClick = onContinue,
  628 |             enabled = allDone || rowsToShow.isEmpty(),
  629 |             modifier = Modifier.fillMaxWidth(),
  630 |         ) {
  631 |             Text(stringResource(R.string.onboarding_continue))
  632 |         }
  633 |         Spacer(Modifier.height(16.dp))
  634 |     }"
pilot-0110,r0008,MohamadOday__iris-gallery,MohamadOday__iris-gallery/app/src/main/java/com/iris/gallery/ui/AboutScreen.kt,162.0,AboutScreen,missing_heading_semantics,ISSUE,missing_heading_semantics,agreed,TP,ISSUE,missing_heading_semantics,ISSUE,missing_heading_semantics,,,"style = MaterialTheme.typography.headlineMedium,","  150 |                     contentAlignment = Alignment.Center
  151 |                 ) {
  152 |                     Image(
  153 |                         painter = painterResource(id = R.mipmap.ic_launcher_foreground),
  154 |                         contentDescription = ""Iris Gallery Logo"",
  155 |                         modifier = Modifier.size(76.dp)
  156 |                     )
  157 |                 }
  158 | 
  159 |                 Spacer(Modifier.height(14.dp))
  160 |                 Text(
  161 |                     androidx.compose.ui.res.stringResource(R.string.app_name),
  162 |                     style = MaterialTheme.typography.headlineMedium,
  163 |                     fontWeight = FontWeight.Bold
  164 |                 )
  165 |                 Text(
  166 |                     androidx.compose.ui.res.stringResource(
  167 |                         R.string.version_format,
  168 |                         com.iris.gallery.BuildConfig.VERSION_NAME,
  169 |                         com.iris.gallery.BuildConfig.VERSION_CODE
  170 |                     ),
  171 |                     style = MaterialTheme.typography.bodyMedium,
  172 |                     color = MaterialTheme.colorScheme.onSurfaceVariant
  173 |                 )
  174 |                 Text(
  175 |                     androidx.compose.ui.res.stringResource(R.string.app_description),
  176 |                     style = MaterialTheme.typography.bodySmall,
  177 |                     color = MaterialTheme.colorScheme.onSurfaceVariant,
  178 |                     modifier = Modifier.padding(top = 4.dp)
  179 |                 )
  180 |             }
  181 |         }
  182 | 
  183 |         item {
  184 |             Text(
  185 |                 androidx.compose.ui.res.stringResource(R.string.about_developer_project),
  186 |                 style = MaterialTheme.typography.labelLarge,
  187 |                 color = MaterialTheme.colorScheme.primary,
  188 |                 modifier = Modifier
  189 |                     .fillMaxWidth()
  190 |                     .padding(start = 4.dp, top = 8.dp)
  191 |             )
  192 |         }
  193 | 
  194 |         item {
  195 |             OutlinedCard(
  196 |                 shape = RoundedCornerShape(16.dp),
  197 |                 modifier = Modifier.fillMaxWidth()
  198 |             ) {
  199 |                 Column(Modifier.padding(16.dp), verticalArrangement = Arrangement.spacedBy(14.dp)) {
  200 |                     AboutLinkRow(
  201 |                         icon = Icons.Outlined.Psychology,
  202 |                         title = androidx.compose.ui.res.stringResource(R.string.about_developer_label),"
pilot-0111,r0227,chmouel__liseur,chmouel__liseur/app/src/main/kotlin/com/chmouel/liseur/ui/settings/AboutScreen.kt,273.0,LogoBlock,missing_heading_semantics,ISSUE,missing_heading_semantics,agreed,TP,ISSUE,missing_heading_semantics,ISSUE,missing_heading_semantics,,,"style = MaterialTheme.typography.headlineSmall,","  254 | private fun LogoBlock(modifier: Modifier = Modifier) {
  255 |     val isDark = MaterialTheme.colorScheme.surface.luminance() < 0.5f
  256 |     Column(
  257 |         modifier = modifier,
  258 |         horizontalAlignment = Alignment.CenterHorizontally,
  259 |     ) {
  260 |         Image(
  261 |             painter = painterResource(
  262 |                 if (isDark) {
  263 |                     R.drawable.ic_brand_emblem_night_transparent
  264 |                 } else {
  265 |                     R.drawable.ic_brand_emblem_transparent
  266 |                 },
  267 |             ),
  268 |             contentDescription = null,
  269 |             modifier = Modifier.size(120.dp),
  270 |         )
  271 |         Text(
  272 |             text = stringResource(R.string.app_name),
  273 |             style = MaterialTheme.typography.headlineSmall,
  274 |             modifier = Modifier.padding(top = 20.dp),
  275 |         )
  276 |         Text(
  277 |             text = stringResource(R.string.about_tagline),
  278 |             style = MaterialTheme.typography.bodyMedium,
  279 |             color = MaterialTheme.colorScheme.onSurfaceVariant,
  280 |             textAlign = TextAlign.Center,
  281 |             modifier = Modifier.padding(top = 8.dp),
  282 |         )
  283 |     }
  284 | }
  285 | 
  286 | @Composable
  287 | private fun AuthorBlock(modifier: Modifier = Modifier) {
  288 |     Column(
  289 |         modifier = modifier,
  290 |         horizontalAlignment = Alignment.CenterHorizontally,
  291 |     ) {
  292 |         Image(
  293 |             painter = painterResource(R.drawable.ic_author_avatar),
  294 |             contentDescription = null,
  295 |             contentScale = ContentScale.Crop,
  296 |             modifier = Modifier
  297 |                 .size(40.dp)
  298 |                 .clip(CircleShape),
  299 |         )
  300 |         Text(
  301 |             text = stringResource(R.string.about_author),
  302 |             style = MaterialTheme.typography.bodyMedium,
  303 |             color = MaterialTheme.colorScheme.onSurfaceVariant,
  304 |             textAlign = TextAlign.Center,
  305 |             modifier = Modifier.padding(top = 10.dp),
  306 |         )
  307 |     }
  308 | }"
pilot-0112,r0049,Pool-Of-Tears__Myne,Pool-Of-Tears__Myne/app/src/main/java/com/starry/myne/ui/screens/library/composables/LibraryScreen.kt,526.0,LibraryCard,missing_heading_semantics,NO_ISSUE,none,adjudicated,FP,NO_ISSUE,none,ISSUE,missing_heading_semantics,text_truncation_scaling,,"fontStyle = MaterialTheme.typography.headlineMedium.fontStyle,","  514 |                         id = if (isExternalBook) R.drawable.ic_library_external_item
  515 |                         else R.drawable.ic_library_item
  516 |                     ),
  517 |                     contentDescription = stringResource(id = R.string.back_button_desc),
  518 |                     tint = MaterialTheme.colorScheme.onPrimary,
  519 |                     modifier = Modifier.size(32.dp)
  520 |                 )
  521 |             }
  522 | 
  523 |             Column(modifier = Modifier.padding(8.dp)) {
  524 |                 Text(
  525 |                     text = title,
  526 |                     fontStyle = MaterialTheme.typography.headlineMedium.fontStyle,
  527 |                     fontSize = 18.sp,
  528 |                     fontFamily = poppinsFont,
  529 |                     fontWeight = FontWeight.SemiBold,
  530 |                     maxLines = 1,
  531 |                     overflow = TextOverflow.Ellipsis,
  532 |                     color = MaterialTheme.colorScheme.onSurface,
  533 |                 )
  534 | 
  535 |                 Text(
  536 |                     text = author,
  537 |                     color = MaterialTheme.colorScheme.onSurface.copy(alpha = 0.85f),
  538 |                     maxLines = 1,
  539 |                     fontStyle = MaterialTheme.typography.bodySmall.fontStyle,
  540 |                     fontFamily = poppinsFont,
  541 |                     fontWeight = FontWeight.Medium,
  542 |                     fontSize = 16.sp,
  543 |                     overflow = TextOverflow.Ellipsis,
  544 |                     modifier = Modifier.offset(y = (-8).dp)
  545 |                 )
  546 | 
  547 |                 Row(modifier = Modifier.offset(y = (-8).dp)) {
  548 |                     Text(
  549 |                         text = fileSize,
  550 |                         fontFamily = poppinsFont,
  551 |                         color = MaterialTheme.colorScheme.onSurface,
  552 |                         fontWeight = FontWeight.Light,
  553 |                         fontSize = 14.sp,
  554 |                         modifier = Modifier.padding(end = 6.dp)
  555 |                     )
  556 |                     VerticalDivider(
  557 |                         modifier = Modifier
  558 |                             .height(17.5.dp)
  559 |                             .width(1.dp)
  560 |                             .clip(CircleShape),
  561 |                         color = MaterialTheme.colorScheme.onSurface
  562 |                     )
  563 |                     Text(
  564 |                         text = date,
  565 |                         fontFamily = poppinsFont,
  566 |                         color = MaterialTheme.colorScheme.onSurface,"
pilot-0113,r0132,isotjs__todosian-app,isotjs__todosian-app/app/src/main/java/com/isotjs/todosian/ui/dailyfocus/DailyFocusScreen.kt,144.0,DailyFocusScreen,missing_heading_semantics,ISSUE,missing_heading_semantics,agreed,TP,ISSUE,missing_heading_semantics,ISSUE,missing_heading_semantics,,,"style = MaterialTheme.typography.titleLarge,","  132 |             val recurrenceBringIntoView = remember { BringIntoViewRequester() }
  133 | 
  134 |             Column(
  135 |                 modifier = Modifier
  136 |                     .fillMaxWidth()
  137 |                     .padding(horizontal = 16.dp)
  138 |                     .windowInsetsPadding(WindowInsets.ime)
  139 |                     .padding(bottom = 16.dp)
  140 |                     .verticalScroll(scrollState),
  141 |             ) {
  142 |                 Text(
  143 |                     text = stringResource(R.string.category_edit_todo_title),
  144 |                     style = MaterialTheme.typography.titleLarge,
  145 |                 )
  146 |                 Spacer(modifier = Modifier.height(12.dp))
  147 |                 OutlinedTextField(
  148 |                     value = sheetText,
  149 |                     onValueChange = { sheetText = it },
  150 |                     singleLine = true,
  151 |                     label = { Text(text = stringResource(R.string.category_edit_todo_hint)) },
  152 |                     modifier = Modifier
  153 |                         .fillMaxWidth()
  154 |                         .bringIntoViewRequester(todoTextBringIntoView)
  155 |                         .onFocusEvent { focusState ->
  156 |                             if (focusState.isFocused) {
  157 |                                 scope.launch { todoTextBringIntoView.bringIntoView() }
  158 |                             }
  159 |                         },
  160 |                 )
  161 | 
  162 |                 if (settings.enableTasksPluginSupport) {
  163 |                     Spacer(modifier = Modifier.height(12.dp))
  164 |                     TasksMetaEditor(
  165 |                         mode = sheetMode,
  166 |                         meta = sheetMeta,
  167 |                         onMetaChange = { sheetMeta = it },
  168 |                         useEmojisInUi = settings.tasksPluginUseEmojisInUi,
  169 |                         modifier = Modifier
  170 |                             .bringIntoViewRequester(recurrenceBringIntoView)
  171 |                             .onFocusEvent { focusState ->
  172 |                                 if (focusState.isFocused) {
  173 |                                     scope.launch { recurrenceBringIntoView.bringIntoView() }
  174 |                                 }
  175 |                             },
  176 |                     )
  177 |                 }
  178 | 
  179 |                 Spacer(modifier = Modifier.height(16.dp))
  180 |                 Row(
  181 |                     horizontalArrangement = Arrangement.End,
  182 |                     modifier = Modifier.fillMaxWidth(),
  183 |                 ) {
  184 |                     TextButton("
pilot-0114,r0022,XiaochangXu__HeartRateMonitor-composeui,XiaochangXu__HeartRateMonitor-composeui/android/feature/main/src/main/java/com/github/heartratemonitor_compose/ui/main/DevicesScreen.kt,117.0,DevicesScreen,missing_heading_semantics,ISSUE,missing_heading_semantics,agreed,TP,ISSUE,missing_heading_semantics,ISSUE,missing_heading_semantics,,,style = MaterialTheme.typography.headlineSmall,"  105 |         containerColor = MaterialTheme.colorScheme.surfaceContainer,
  106 |         topBar = {
  107 |             TopAppBar(
  108 |                 modifier = Modifier.windowInsetsPadding(WindowInsets.statusBars),
  109 |                 windowInsets = WindowInsets(0, 0, 0, 0),
  110 |                 colors = TopAppBarDefaults.topAppBarColors(
  111 |                     containerColor = Color.Transparent,
  112 |                     scrolledContainerColor = Color.Transparent
  113 |                 ),
  114 |                 title = {
  115 |                     Text(
  116 |                         stringResource(R.string.available_devices),
  117 |                         style = MaterialTheme.typography.headlineSmall
  118 |                     )
  119 |                 },
  120 |                 navigationIcon = {
  121 |                     IconButton(onClick = onNavigateBack) {
  122 |                         Surface(
  123 |                             modifier = Modifier.size(40.dp),
  124 |                             shape = CircleShape,
  125 |                             color = MaterialTheme.colorScheme.surfaceBright
  126 |                         ) {
  127 |                             Box(contentAlignment = Alignment.Center) {
  128 |                                 Icon(
  129 |                                     imageVector = Icons.AutoMirrored.Filled.ArrowBack,
  130 |                                     contentDescription = stringResource(com.github.heartratemonitor_compose.ui.widgets.R.string.cd_back)
  131 |                                 )
  132 |                             }
  133 |                         }
  134 |                     }
  135 |                 },
  136 |                 actions = {
  137 |                     Surface(
  138 |                         modifier = Modifier.height(40.dp),
  139 |                         shape = CapsuleShape,
  140 |                         color = MaterialTheme.colorScheme.surfaceBright,
  141 |                         contentColor = if (uiState.scanFilterEnabled) {
  142 |                             MaterialTheme.colorScheme.primary
  143 |                         } else {
  144 |                             MaterialTheme.colorScheme.onSurfaceVariant
  145 |                         }
  146 |                     ) {
  147 |                         Box(
  148 |                             modifier = Modifier.fillMaxHeight(),
  149 |                             contentAlignment = Alignment.Center
  150 |                         ) {
  151 |                             Text(
  152 |                                 text = stringResource(
  153 |                                     if (uiState.scanFilterEnabled) R.string.scan_filter_on else R.string.scan_filter_off
  154 |                                 ),
  155 |                                 style = MaterialTheme.typography.labelMedium,
  156 |                                 modifier = Modifier.padding(horizontal = 12.dp)
  157 |                             )"
pilot-0115,r0086,jordond__MaterialKolor,jordond__MaterialKolor/builder/shared/src/commonMain/kotlin/com/materialkolor/builder/ui/home/preview/device/components/content/PhoneHomeScreen.kt,224.0,ListItem,missing_heading_semantics,ISSUE,missing_heading_semantics,agreed,TP,ISSUE,missing_heading_semantics,ISSUE,missing_heading_semantics,,,"style = MaterialTheme.typography.headlineSmall,","  195 | private fun ListItem(
  196 |     details: CardDetails,
  197 |     update: (CardOption) -> Unit,
  198 |     modifier: Modifier = Modifier,
  199 | ) {
  200 |     Card(
  201 |         colors = CardDefaults.cardColors(
  202 |             containerColor = colorScheme.secondaryContainer,
  203 |         ),
  204 |         modifier = modifier,
  205 |     ) {
  206 |         Row(
  207 |             horizontalArrangement = Arrangement.spacedBy(8.dp),
  208 |             modifier = Modifier.fillMaxSize(),
  209 |         ) {
  210 |             Column(
  211 |                 modifier = Modifier
  212 |                     .padding(horizontal = 8.dp, vertical = 16.dp)
  213 |                     .weight(1f),
  214 |             ) {
  215 |                 val hasEnoughContrast = colorScheme.primary
  216 |                     .hasEnoughContrast(colorScheme.secondaryContainer)
  217 | 
  218 |                 val titleColor =
  219 |                     if (hasEnoughContrast) colorScheme.primary
  220 |                     else colorScheme.onSecondaryContainer
  221 | 
  222 |                 Text(
  223 |                     text = details.room,
  224 |                     style = MaterialTheme.typography.headlineSmall,
  225 |                     fontWeight = FontWeight.Light,
  226 |                     letterSpacing = 1.sp,
  227 |                     color = titleColor,
  228 |                     modifier = Modifier.padding(start = 16.dp),
  229 |                 )
  230 | 
  231 |                 Column(
  232 |                     verticalArrangement = Arrangement.spacedBy(8.dp),
  233 |                     modifier = Modifier
  234 |                         .weight(1f)
  235 |                         .fillMaxWidth(),
  236 |                 ) {
  237 |                     details.options.forEach { option ->
  238 |                         Row(
  239 |                             verticalAlignment = Alignment.CenterVertically,
  240 |                             horizontalArrangement = Arrangement.spacedBy(16.dp),
  241 |                             modifier = Modifier
  242 |                                 .clip(MaterialTheme.shapes.medium)
  243 |                                 .toggleable(
  244 |                                     value = option.selected,
  245 |                                     onValueChange = {
  246 |                                         update(option.copy(selected = it))
  247 |                                     },
  248 |                                     role = Role.Checkbox,
  249 |                                 )
  250 |                                 .fillMaxWidth()
  251 |                                 .padding(horizontal = 16.dp)
  252 |                                 .weight(1f),
  253 |                         ) {
  254 |                             Checkbox(
  255 |                                 checked = option.selected,
  256 |                                 onCheckedChange = null,
  257 |                             )
  258 | 
  259 |                             Column {
  260 |                                 Text(
  261 |                                     text = option.title,
  262 |                                     style = MaterialTheme.typography.titleMedium,
  263 |                                     fontWeight = FontWeight.Light,
  264 |                                 )"
pilot-0116,r0141,v1tzor__TimePlanner,v1tzor__TimePlanner/core/ui/src/main/java/ru/aleshin/timeplanner/core/ui/views/Dialog.kt,120.0,DialogHeader,missing_heading_semantics,ISSUE,missing_heading_semantics,agreed,TP,ISSUE,missing_heading_semantics,ISSUE,missing_heading_semantics,,,"style = MaterialTheme.typography.headlineSmall,","  108 | fun DialogHeader(
  109 |     modifier: Modifier = Modifier,
  110 |     header: String,
  111 |     title: String? = null,
  112 |     paddingValues: PaddingValues = PaddingValues(top = 24.dp, bottom = 12.dp, start = 24.dp, end = 24.dp),
  113 |     headerColor: Color = MaterialTheme.colorScheme.onSurface,
  114 |     titleColor: Color = MaterialTheme.colorScheme.onSurfaceVariant,
  115 | ) {
  116 |     Column(modifier = modifier.padding(paddingValues)) {
  117 |         Text(
  118 |             text = header,
  119 |             color = headerColor,
  120 |             style = MaterialTheme.typography.headlineSmall,
  121 |         )
  122 |         if (title != null) {
  123 |             Text(
  124 |                 text = title,
  125 |                 color = titleColor,
  126 |                 style = MaterialTheme.typography.bodyMedium,
  127 |             )
  128 |         }
  129 |     }
  130 | }"
pilot-0117,r0116,wisnukurniawan__Compose-ToDo,wisnukurniawan__Compose-ToDo/app/src/main/java/com/wisnu/kurniawan/composetodolist/features/todo/step/ui/StepScreenExp.kt,111.0,TaskCell,missing_heading_semantics,NO_ISSUE,none,agreed,FP,NO_ISSUE,none,NO_ISSUE,none,,,textStyle = MaterialTheme.typography.headlineSmall,"   99 |             PgBasicTextField(
  100 |                 value = name,
  101 |                 onValueChange = { onValueChange(it) },
  102 |                 placeholderValue = stringResource(R.string.todo_rename_task),
  103 |                 modifier = Modifier
  104 |                     .onFocusChanged(onFocusChanged),
  105 |                 keyboardOptions = KeyboardOptions(
  106 |                     imeAction = ImeAction.Done
  107 |                 ),
  108 |                 keyboardActions = KeyboardActions(
  109 |                     onDone = { focusManager.clearFocus() }
  110 |                 ),
  111 |                 textStyle = MaterialTheme.typography.headlineSmall
  112 |             )
  113 |         }
  114 | 
  115 |         HorizontalDivider(modifier = Modifier.padding(start = 56.dp))
  116 |     }
  117 | }
  118 | 
  119 | @Composable
  120 | private fun StepCell(
  121 |     name: TextFieldValue,
  122 |     modifier: Modifier = Modifier,
  123 |     color: Color,
  124 |     leftIcon: ImageVector,
  125 |     onValueChange: (TextFieldValue) -> Unit,
  126 |     onStatusClick: () -> Unit,
  127 |     onClickImeDone: () -> Unit,
  128 |     onSwipeToDelete: () -> Unit,
  129 | ) {
  130 |     SwipeDismiss(
  131 |         modifier = modifier,
  132 |         backgroundModifier = Modifier
  133 |             .background(MaterialTheme.colorScheme.surfaceVariant),
  134 |         content = {
  135 |             Surface(
  136 |                 modifier = Modifier
  137 |                     .fillMaxWidth(),
  138 |             ) {
  139 |                 Column {
  140 |                     StepCell(
  141 |                         name = name,
  142 |                         placeholderValue = stringResource(R.string.todo_step_rename),
  143 |                         color = color,
  144 |                         leftIcon = leftIcon,
  145 |                         onValueChange = onValueChange,
  146 |                         onStatusClick = onStatusClick,
  147 |                         onClickImeDone = onClickImeDone
  148 |                     )
  149 | 
  150 |                     HorizontalDivider(modifier = Modifier.padding(start = 56.dp))
  151 |                 }"
pilot-0118,r0134,corphish__TextTools,corphish__TextTools/app/src/main/java/com/corphish/quicktools/activities/MainActivity.kt,205.0,AppHeader,missing_heading_semantics,ISSUE,missing_heading_semantics,agreed,TP,ISSUE,missing_heading_semantics,ISSUE,missing_heading_semantics,,,"style = TypographyV2.headlineMedium,","  193 |                 OssSection()
  194 |                 Box(modifier = Modifier.height(64.dp))
  195 |             }
  196 |         }
  197 |     }
  198 | }
  199 | 
  200 | @Composable
  201 | fun AppHeader() {
  202 |     Column(modifier = Modifier.padding(bottom = 16.dp)) {
  203 |         Text(
  204 |             text = stringResource(id = R.string.app_name),
  205 |             style = TypographyV2.headlineMedium,
  206 |             color = MaterialTheme.colorScheme.primary,
  207 |             fontFamily = BrandFontFamily,
  208 |             modifier = Modifier.padding(bottom = 8.dp)
  209 |         )
  210 | 
  211 |         Text(
  212 |             text = stringResource(id = R.string.app_desc), style = Typography.bodyMedium
  213 |         )
  214 |     }
  215 | }
  216 | 
  217 | @Composable
  218 | fun FeaturesSection(
  219 |     appMode: AppMode,
  220 |     enabledFeatures: List<FeatureIds>,
  221 |     shouldEdit: Boolean,
  222 |     onFeatureEnabledOrDisabled: (FeatureIds, Boolean) -> Unit
  223 | ) {
  224 |     val context = LocalContext.current
  225 |     Text(
  226 |         text = stringResource(id = R.string.features),
  227 |         style = TypographyV2.labelSmall,
  228 |         modifier = Modifier.padding(bottom = 8.dp),
  229 |         fontFamily = BrandFontFamily,
  230 |         color = MaterialTheme.colorScheme.primary
  231 |     )
  232 | 
  233 |     Surface(
  234 |         tonalElevation = 2.dp,
  235 |         shape = RoundedCornerShape(16.dp),
  236 |         color = MaterialTheme.colorScheme.surface
  237 |     ) {
  238 |         Column {
  239 |             for ((index, feature) in Feature.LIST.withIndex()) {
  240 |                 FeatureItem(
  241 |                     feature = feature,
  242 |                     appMode = appMode,
  243 |                     enabledFeatures = enabledFeatures,
  244 |                     shouldEdit = shouldEdit,
  245 |                     onFeatureEnabledOrDisabled = onFeatureEnabledOrDisabled,"
pilot-0119,r0087,zhishengplus__ZhishengWeather,zhishengplus__ZhishengWeather/app/src/main/kotlin/com/zhisheng/weather/ui/AppUpdateDialog.kt,134.0,AppUpdateDialog,missing_heading_semantics,ISSUE,missing_heading_semantics,agreed,TP,ISSUE,missing_heading_semantics,ISSUE,missing_heading_semantics,,,"style = MaterialTheme.typography.titleLarge,","  122 |                     modifier = Modifier.fillMaxWidth().padding(start = 16.dp),
  123 |                     verticalAlignment = Alignment.CenterVertically,
  124 |                 ) {
  125 |                     Column(modifier = Modifier.weight(1f).padding(vertical = 14.dp)) {
  126 |                         Text(
  127 |                             ""ZHISHENG WEATHER / UPDATE"",
  128 |                             style = MaterialTheme.typography.labelSmall,
  129 |                             color = ZhishengCyan,
  130 |                             letterSpacing = 1.3.sp,
  131 |                         )
  132 |                         Text(
  133 |                             ""检查更新"",
  134 |                             style = MaterialTheme.typography.titleLarge,
  135 |                             color = ZhishengText,
  136 |                             fontWeight = FontWeight.Bold,
  137 |                         )
  138 |                     }
  139 |                     Box(
  140 |                         modifier = Modifier.size(52.dp).clickable(role = Role.Button, onClick = onClose),
  141 |                         contentAlignment = Alignment.Center,
  142 |                     ) {
  143 |                         Text(""×"", style = MaterialTheme.typography.headlineSmall, color = ZhishengTextSecondary)
  144 |                     }
  145 |                 }
  146 |                 HorizontalDivider(thickness = 1.dp, color = ZhishengCardBorder)
  147 |                 Column(
  148 |                     modifier = Modifier
  149 |                         .weight(1f, fill = false)
  150 |                         .verticalScroll(rememberScrollState())
  151 |                         .padding(horizontal = 16.dp, vertical = 16.dp),
  152 |                 ) {
  153 |                     Text(
  154 |                         headline(ui),
  155 |                         style = MaterialTheme.typography.titleSmall,
  156 |                         color = headlineColor(ui),
  157 |                         fontWeight = FontWeight.Bold,
  158 |                     )
  159 |                     Spacer(Modifier.height(8.dp))
  160 |                     Text(
  161 |                         body(ui, progress),
  162 |                         style = MaterialTheme.typography.bodyMedium,
  163 |                         color = ZhishengTextSecondary,
  164 |                     )
  165 |                 }
  166 |                 HorizontalDivider(thickness = 1.dp, color = ZhishengCardBorder)
  167 |                 Row(
  168 |                     modifier = Modifier.fillMaxWidth(),
  169 |                     verticalAlignment = Alignment.CenterVertically,
  170 |                 ) {
  171 |                     val secondary = secondaryAction(ui)
  172 |                     if (secondary != null) {
  173 |                         Box(
  174 |                             modifier = Modifier"
pilot-0120,r0036,michaelbel__movies,michaelbel__movies/feature-web/details/src/commonMain/kotlin/org/michaelbel/movies/detailsweb/DetailsWebScreen.kt,224.0,DetailsContent,missing_heading_semantics,NO_ISSUE,none,agreed,FP,NO_ISSUE,none,NO_ISSUE,none,color_contrast,,style = MaterialTheme.typography.headlineSmall.copy(,"  212 |                     start = 32.dp,
  213 |                     top = 172.dp,
  214 |                     end = 32.dp,
  215 |                     bottom = 40.dp
  216 |                 )
  217 |                 .verticalScroll(rememberScrollState())
  218 |         ) {
  219 |             Column(
  220 |                 modifier = Modifier.fillMaxWidth()
  221 |             ) {
  222 |                 Text(
  223 |                     text = movie.overview.ifBlank { ""Overview is not available."" },
  224 |                     style = MaterialTheme.typography.headlineSmall.copy(
  225 |                         color = Color.White,
  226 |                         lineHeight = MaterialTheme.typography.headlineSmall.lineHeight * 1.15F
  227 |                     )
  228 |                 )
  229 |             }
  230 |         }
  231 |     }
  232 | }
  233 | 
  234 | @Composable
  235 | private fun ErrorContent(
  236 |     message: String,
  237 |     modifier: Modifier = Modifier
  238 | ) {
  239 |     Box(
  240 |         modifier = modifier.padding(16.dp),
  241 |         contentAlignment = Alignment.Center
  242 |     ) {
  243 |         Card(
  244 |             colors = CardDefaults.cardColors(
  245 |                 containerColor = MaterialTheme.colorScheme.inversePrimary
  246 |             )
  247 |         ) {
  248 |             Text(
  249 |                 text = message,
  250 |                 modifier = Modifier.padding(24.dp),
  251 |                 color = MaterialTheme.colorScheme.onPrimaryContainer
  252 |             )
  253 |         }
  254 |     }
  255 | }
  256 | 
  257 | private fun Exception.toUserMessage(): String {
  258 |     return when (this) {
  259 |         is ApiKeyNotNullException -> ""TMDB API key is missing. Set TMDB_API_KEY before starting the web app.""
  260 |         else -> message ?: this::class.simpleName.orEmpty()
  261 |     }
  262 | }
  263 | 
  264 | private sealed interface DetailsWebState {"
pilot-0121,r0144,isotjs__todosian-app,isotjs__todosian-app/app/src/main/java/com/isotjs/todosian/ui/settings/SettingsScreen.kt,375.0,SettingsScreen,missing_interaction_semantics,HANDLED,none,adjudicated,FP,NO_ISSUE,none,HANDLED,none,,,.clickable(role = Role.Button) { folderLauncher.launch(null) },"  363 |                             },
  364 |                             leadingContent = { Icon(imageVector = Icons.Filled.RestartAlt, contentDescription = null) },
  365 |                             trailingContent = {
  366 |                                 Icon(
  367 |                                     imageVector = Icons.AutoMirrored.Filled.KeyboardArrowRight,
  368 |                                     contentDescription = null,
  369 |                                     tint = MaterialTheme.colorScheme.onSurfaceVariant,
  370 |                                 )
  371 |                             },
  372 |                             colors = itemColors,
  373 |                             modifier = Modifier
  374 |                                 .fillMaxWidth()
  375 |                                 .clickable(role = Role.Button) { folderLauncher.launch(null) }
  376 |                                 .padding(horizontal = 4.dp),
  377 |                         )
  378 | 
  379 |                         HorizontalDivider(color = MaterialTheme.colorScheme.outlineVariant.copy(alpha = 0.4f))
  380 | 
  381 |                         val mdCount = storageState.markdownFileCount
  382 |                         val statusText = when {
  383 |                             storageState.folderUri == null -> stringResource(R.string.settings_status_not_set)
  384 |                             storageState.isChecking -> stringResource(R.string.settings_status_checking)
  385 |                             !storageState.hasPersistedPermission -> stringResource(R.string.settings_status_permission_lost)
  386 |                             mdCount == null -> stringResource(R.string.settings_status_unknown)
  387 |                             mdCount == 0 -> stringResource(R.string.settings_status_empty)
  388 |                             else -> pluralStringResource(R.plurals.settings_status_ok, mdCount, mdCount)
  389 |                         }
  390 | 
  391 |                         ListItem(
  392 |                             headlineContent = { Text(text = stringResource(R.string.settings_status)) },
  393 |                             supportingContent = { Text(text = statusText) },
  394 |                             leadingContent = { Icon(imageVector = Icons.Filled.Refresh, contentDescription = null) },
  395 |                             trailingContent = {
  396 |                                 if (storageState.isChecking) {
  397 |                                     CircularProgressIndicator(
  398 |                                         strokeWidth = 2.dp,
  399 |                                         modifier = Modifier.size(18.dp),
  400 |                                     )
  401 |                                 }
  402 |                             },
  403 |                             colors = itemColors,
  404 |                         )
  405 | 
  406 |                         HorizontalDivider(color = MaterialTheme.colorScheme.outlineVariant.copy(alpha = 0.4f))
  407 | 
  408 |                         ListItem(
  409 |                         headlineContent = { Text(text = stringResource(R.string.settings_recheck_access)) },
  410 |                         supportingContent = { Text(text = stringResource(R.string.settings_recheck_access_subtitle)) },
  411 |                             leadingContent = { Icon(imageVector = Icons.Filled.Refresh, contentDescription = null) },
  412 |                             colors = itemColors,
  413 |                             modifier = Modifier
  414 |                                 .fillMaxWidth()
  415 |                                 .clickable(role = Role.Button) { viewModel.refreshStorageStatus() }"
pilot-0122,r0293,wisnukurniawan__Compose-Expense,wisnukurniawan__Compose-Expense/app/src/main/java/com/wisnu/kurniawan/wallee/features/account/detail/ui/AccountDetailScreen.kt,309.0,AmountSection,missing_interaction_semantics,ISSUE,missing_interaction_semantics,adjudicated,TP,ISSUE,missing_content_description,ISSUE,missing_interaction_semantics,"missing_interaction_semantics,missing_semantics_role",CATEGORY ONLY: both agree on verdict; pick category,.clickable(,"  284 | private fun AmountSection(
  285 |     totalAmount: TextFieldValue,
  286 |     totalAmountDisplay: String,
  287 |     onTotalAmountChange: (TextFieldValue) -> Unit,
  288 | ) {
  289 |     val focusRequester = remember { FocusRequester() }
  290 | 
  291 |     PgHeadlineLabel(
  292 |         text = stringResource(R.string.account_edit_balance),
  293 |         modifier = Modifier.padding(start = 16.dp, bottom = 6.dp)
  294 |     )
  295 | 
  296 |     Box(
  297 |         modifier = Modifier
  298 |             .background(
  299 |                 color = MaterialTheme.colorScheme.secondary,
  300 |                 shape = MaterialTheme.shapes.medium
  301 |             )
  302 |             .fillMaxWidth()
  303 |             .paddingCell()
  304 |     ) {
  305 |         PgContentTitle(
  306 |             text = totalAmountDisplay,
  307 |             modifier = Modifier
  308 |                 .fillMaxWidth()
  309 |                 .clickable(
  310 |                     indication = null,
  311 |                     interactionSource = remember { MutableInteractionSource() },
  312 |                     onClick = {
  313 |                         focusRequester.requestFocus()
  314 |                     }
  315 |                 )
  316 |         )
  317 |         val localFocusManager = LocalFocusManager.current
  318 |         PgBasicTextField(
  319 |             value = totalAmount,
  320 |             onValueChange = onTotalAmountChange,
  321 |             modifier = Modifier
  322 |                 .focusRequester(focusRequester)
  323 |                 .alpha(0f)
  324 |                 .size(1.dp),
  325 |             keyboardOptions = KeyboardOptions(
  326 |                 keyboardType = KeyboardType.Decimal,
  327 |                 imeAction = ImeAction.Done
  328 |             ),
  329 |             singleLine = true,
  330 |             keyboardActions = KeyboardActions(
  331 |                 onDone = {
  332 |                     localFocusManager.clearFocus()
  333 |                 }
  334 |             ),
  335 |         )
  336 |     }
  337 | }
  338 | 
  339 | private fun LazyListScope.AdjustAmountReasonCell(
  340 |     data: List<AdjustBalanceReasonItem>,
  341 |     shouldShow: Boolean,
  342 |     onItemClick: (AdjustBalanceReasonItem) -> Unit
  343 | ) {
  344 |     if (shouldShow) {
  345 |         item {
  346 |             Spacer(Modifier.height(16.dp))
  347 |         }
  348 |         item {
  349 |             PgHeadlineLabel("
pilot-0123,r0202,lorenzovngl__FoodExpirationDates,lorenzovngl__FoodExpirationDates/app/src/main/java/com/lorenzovainigli/foodexpirationdates/feature/foodlist/presentation/component/FoodCard.kt,106.0,FoodCard,missing_interaction_semantics,ISSUE,missing_semantics_role,adjudicated,FP_DETECTOR,ISSUE,missing_semantics_role,NO_ISSUE,none,,R2 missing Role.Button on clickable container,.clickable(onClick = onClickEdit),"   94 |                     colorStops = colorStops
   95 |                 )
   96 |             )
   97 |             .padding(contentPadding)
   98 |         Row(
   99 |             modifier = rowModifier,
  100 |             verticalAlignment = Alignment.CenterVertically
  101 |         ) {
  102 |             Column(
  103 |                 modifier = Modifier
  104 |                     .weight(1f)
  105 |                     .padding(spacing.small)
  106 |                     .clickable(onClick = onClickEdit)
  107 |             ) {
  108 |                 Row(verticalAlignment = Alignment.CenterVertically) {
  109 |                     Box (
  110 |                         modifier = Modifier.size(22.dp)
  111 |                             .clip(RoundedCornerShape(12.dp))
  112 |                             .border(1.dp, foodNameTextColor, RoundedCornerShape(12.dp)),
  113 |                         contentAlignment = Alignment.Center
  114 |                     ){
  115 |                         Text(
  116 |                             text = item.quantity.toString(),
  117 |                             fontSize = 12.sp,
  118 |                             lineHeight = 1.sp,
  119 |                             color = foodNameTextColor,
  120 |                             fontWeight = FontWeight.Bold
  121 |                         )
  122 |                     }
  123 |                     Spacer(modifier = Modifier.width(8.dp))
  124 |                     Text(
  125 |                         text = item.foodName,
  126 |                         color = foodNameTextColor,
  127 |                         fontSize = 18.sp
  128 |                     )
  129 |                 }
  130 |                 if (item.isOpened){
  131 |                     Text(
  132 |                         modifier = Modifier.alpha(.8f),
  133 |                         text = stringResource(R.string.opened),
  134 |                         fontSize = 12.sp
  135 |                     )
  136 |                 }
  137 |             }
  138 |             Text(
  139 |                 modifier = Modifier.padding(4.dp),
  140 |                 color = daysRemainingTextColor,
  141 |                 text = expiration
  142 |             )
  143 |             Button(
  144 |                 modifier = Modifier
  145 |                     .testTag(TEST_TAG_DELETE_ITEM)
  146 |                     .padding(start = spacing.small)"
pilot-0124,r0221,maxwhipw__marmalade-tts-android,maxwhipw__marmalade-tts-android/app/src/main/java/app/marmalade/tts/ui/screen/SettingsScreen.kt,395.0,AboutSection,missing_interaction_semantics,ISSUE,missing_semantics_role,adjudicated,FP_DETECTOR,ISSUE,missing_semantics_role,NO_ISSUE,none,,R2 missing Role.Button on clickable container,"modifier = Modifier.clickable(onClick = onNavigateToPrivacy),","  383 | private fun AboutSection(
  384 |     onNavigateToLicenses: () -> Unit,
  385 |     onNavigateToPrivacy: () -> Unit,
  386 | ) {
  387 |     SectionHeader(stringResource(R.string.settings_about))
  388 | 
  389 |     AboutRow(
  390 |         label = stringResource(R.string.settings_privacy),
  391 |         supporting = stringResource(R.string.settings_privacy_desc),
  392 |         leading = {
  393 |             Icon(imageVector = MarmaladeIcons.Privacy, contentDescription = null)
  394 |         },
  395 |         modifier = Modifier.clickable(onClick = onNavigateToPrivacy),
  396 |     )
  397 | 
  398 |     AboutRow(
  399 |         label = stringResource(R.string.settings_licenses),
  400 |         supporting = stringResource(R.string.settings_licenses_desc),
  401 |         leading = {
  402 |             Icon(imageVector = MarmaladeIcons.LicenseDoc, contentDescription = null)
  403 |         },
  404 |         modifier = Modifier.clickable(onClick = onNavigateToLicenses),
  405 |     )
  406 | 
  407 |     // Version last — it's identity, not an action, and there's nothing to tap.
  408 |     AboutRow(
  409 |         label = stringResource(R.string.app_name),
  410 |         supporting = stringResource(R.string.settings_about_version, BuildConfig.VERSION_NAME),
  411 |         leading = {
  412 |             Icon(imageVector = Icons.Filled.Info, contentDescription = null)
  413 |         },
  414 |         showChevron = false,
  415 |     )
  416 | }
  417 | 
  418 | @Composable
  419 | internal fun AboutLinkRow(
  420 |     label: String,
  421 |     supporting: String,
  422 |     url: String,
  423 |     leading: (@Composable () -> Unit)? = null,
  424 | ) {
  425 |     val ctx = androidx.compose.ui.platform.LocalContext.current
  426 |     AboutRow(
  427 |         label = label,
  428 |         supporting = supporting,
  429 |         leading = leading,
  430 |         modifier = Modifier.clickable {
  431 |             ctx.startActivity(
  432 |                 android.content.Intent(android.content.Intent.ACTION_VIEW, android.net.Uri.parse(url))
  433 |                     .addFlags(android.content.Intent.FLAG_ACTIVITY_NEW_TASK)
  434 |             )
  435 |         },"
pilot-0125,r0084,CarGuo__GSYGithubAppCompose,CarGuo__GSYGithubAppCompose/core/ui/src/main/java/com/shuyu/gsygithubappcompose/core/ui/components/RepositoryItem.kt,63.0,RepositoryItem,missing_interaction_semantics,ISSUE,missing_semantics_role,adjudicated,FP_DETECTOR,ISSUE,missing_semantics_role,NO_ISSUE,none,,R2 missing Role.Button on clickable container,.clickable(onClick = onClick),"   51 |     override val name: String
   52 | ) : RepoItemDisplayData
   53 | 
   54 | 
   55 | @Composable
   56 | fun RepositoryItem(
   57 |     repoItem: RepoItemDisplayData,
   58 |     onClick: () -> Unit,
   59 |     modifier: Modifier = Modifier,
   60 | ) {
   61 |     GSYCardItem(
   62 |         modifier = modifier
   63 |             .clickable(onClick = onClick)
   64 |     ) {
   65 |         Column(
   66 |             modifier = Modifier
   67 |                 .fillMaxWidth()
   68 |                 .padding(12.dp)
   69 |         ) {
   70 |             Row(
   71 |                 horizontalArrangement = Arrangement.spacedBy(12.dp),
   72 |                 verticalAlignment = Alignment.CenterVertically
   73 |             ) {
   74 |                 AvatarImage(
   75 |                     url = repoItem.avatarUrl ?: """",
   76 |                     size = 40.dp,
   77 |                     username = repoItem.ownerName,
   78 |                 )
   79 | 
   80 |                 Column(modifier = Modifier.weight(1f)) {
   81 |                     Text(
   82 |                         text = repoItem.fullName,
   83 |                         style = MaterialTheme.typography.titleMedium,
   84 |                         color = MaterialTheme.colorScheme.primary
   85 |                     )
   86 | 
   87 |                     repoItem.language?.let { lang ->
   88 |                         Text(
   89 |                             text = lang,
   90 |                             style = MaterialTheme.typography.bodySmall,
   91 |                             color = MaterialTheme.colorScheme.onSurfaceVariant
   92 |                         )
   93 |                     }
   94 |                 }
   95 |             }
   96 | 
   97 |             repoItem.description?.let { desc ->
   98 |                 Spacer(modifier = Modifier.height(8.dp))
   99 |                 Text(
  100 |                     text = desc, style = MaterialTheme.typography.bodyMedium, maxLines = 2
  101 |                 )
  102 |             }
  103 | "
pilot-0126,r0128,chmouel__liseur,chmouel__liseur/app/src/main/kotlin/com/chmouel/liseur/reader/chrome/ContentsScreen.kt,420.0,AnnotationRow,missing_interaction_semantics,ISSUE,missing_semantics_role,adjudicated,FP_DETECTOR,ISSUE,missing_semantics_role,NO_ISSUE,none,,R2 missing Role.Button on clickable container,.clickable(onClick = onClick),"  401 | private fun AnnotationRow(
  402 |     annotation: BookAnnotation,
  403 |     theme: ReaderTheme,
  404 |     expanded: Boolean,
  405 |     onClick: () -> Unit,
  406 |     onToggleExpanded: () -> Unit,
  407 |     onDelete: () -> Unit,
  408 | ) {
  409 |     val excerpt = annotation.text?.trim()?.takeIf { it.isNotEmpty() }
  410 |     val note = annotation.note?.trim()?.takeIf { it.isNotEmpty() }
  411 |     val bookNote = annotation.kind == AnnotationKind.BOOK_NOTE.name
  412 |     // Keyed on the words themselves: a mark keeps its id when it is edited,
  413 |     // so a note trimmed down to nothing would otherwise leave a ""Show more""
  414 |     // behind with nothing left to show.
  415 |     var excerptOverflow by remember(excerpt) { mutableStateOf(false) }
  416 |     var noteOverflow by remember(note) { mutableStateOf(false) }
  417 |     Row(
  418 |         Modifier
  419 |             .fillMaxWidth()
  420 |             .clickable(onClick = onClick)
  421 |             .padding(start = 20.dp, end = 8.dp, top = 14.dp, bottom = 14.dp),
  422 |         horizontalArrangement = Arrangement.spacedBy(12.dp),
  423 |     ) {
  424 |         if (bookNote) {
  425 |             Icon(
  426 |                 Icons.AutoMirrored.Outlined.Notes,
  427 |                 contentDescription = null,
  428 |                 tint = theme.foreground.copy(alpha = 0.65f),
  429 |                 modifier = Modifier
  430 |                     .padding(top = 1.dp)
  431 |                     .size(18.dp),
  432 |             )
  433 |         } else if (annotation.kind != AnnotationKind.BOOKMARK.name) {
  434 |             Box(
  435 |                 Modifier
  436 |                     .padding(top = 4.dp)
  437 |                     .size(12.dp)
  438 |                     .clip(CircleShape)
  439 |                     .background(HighlightTint.fromName(annotation.tint).color),
  440 |             )
  441 |         }
  442 |         Column(Modifier.weight(1f)) {
  443 |             val where = listOfNotNull(
  444 |                 annotation.chapter?.takeIf { it.isNotBlank() },
  445 |                 annotation.position?.let { stringResource(R.string.reader_page_short, it) },
  446 |             ).joinToString("" · "")
  447 |             if (where.isNotEmpty()) {
  448 |                 Text(
  449 |                     text = where,
  450 |                     style = MaterialTheme.typography.labelSmall,
  451 |                     color = theme.foreground.copy(alpha = 0.6f),
  452 |                     maxLines = 1,
  453 |                     overflow = TextOverflow.Ellipsis,
  454 |                 )
  455 |             }
  456 |             excerpt?.let {
  457 |                 Text(
  458 |                     text = it,
  459 |                     style = MaterialTheme.typography.bodyMedium,
  460 |                     color = theme.foreground,"
pilot-0127,r0072,Darkrock-Studios__FastTrack,Darkrock-Studios__FastTrack/app/src/main/java/com/darkrockstudios/apps/fasttrack/screens/log/LogCalendarContent.kt,237.0,DayCell,missing_interaction_semantics,ISSUE,missing_semantics_role,adjudicated,FP_DETECTOR,ISSUE,missing_semantics_role,NO_ISSUE,none,missing_state_description,R2 missing Role.Button on clickable container,".clickable(enabled = inMonth, onClick = onClick),","  205 | private fun DayCell(
  206 | 	day: CalendarDay,
  207 | 	isToday: Boolean,
  208 | 	entries: List<FastingLogEntry>,
  209 | 	isSelected: Boolean,
  210 | 	onClick: () -> Unit,
  211 | ) {
  212 | 	val inMonth = day.position == DayPosition.MonthDate
  213 | 	val hasEntries = entries.isNotEmpty() && inMonth
  214 | 
  215 | 	val stageColor = if (hasEntries) stageColorFor(entries) else Color.Transparent
  216 | 	val bgColor = if (hasEntries) stageColor.copy(alpha = 0.45f) else Color.Transparent
  217 | 
  218 | 	val borderColor = when {
  219 | 		isSelected -> MaterialTheme.colorScheme.primary
  220 | 		isToday && inMonth -> MaterialTheme.colorScheme.outline
  221 | 		else -> Color.Transparent
  222 | 	}
  223 | 	val borderWidth = if (isSelected) 2.dp else 1.dp
  224 | 
  225 | 	val dayTextColor = when {
  226 | 		!inMonth -> MaterialTheme.colorScheme.onSurface.copy(alpha = 0.3f)
  227 | 		else -> MaterialTheme.colorScheme.onSurface
  228 | 	}
  229 | 
  230 | 	Box(
  231 | 		modifier = Modifier
  232 | 			.aspectRatio(1f)
  233 | 			.padding(2.dp)
  234 | 			.clip(CircleShape)
  235 | 			.background(bgColor, CircleShape)
  236 | 			.border(borderWidth, borderColor, CircleShape)
  237 | 			.clickable(enabled = inMonth, onClick = onClick),
  238 | 		contentAlignment = Alignment.Center,
  239 | 	) {
  240 | 		Text(
  241 | 			text = day.date.dayOfMonth.toString(),
  242 | 			style = MaterialTheme.typography.bodyMedium,
  243 | 			color = dayTextColor,
  244 | 			fontWeight = if (isToday && inMonth) FontWeight.Bold else FontWeight.Normal,
  245 | 		)
  246 | 	}
  247 | }
  248 | 
  249 | @ExperimentalTime
  250 | private fun stageColorFor(entries: List<FastingLogEntry>): Color {
  251 | 	val longest = entries.maxByOrNull { it.length } ?: return Color.Transparent
  252 | 	val lenHours = longest.length.toDouble(DurationUnit.HOURS)
  253 | 	val stage = Stages.phases.lastOrNull { lenHours >= it.hours } ?: Stages.phases.first()
  254 | 	val stageIndex = Stages.phases.indexOf(stage).coerceAtLeast(0)
  255 | 	return gaugeColors.getOrElse(stageIndex) { Color.Transparent }
  256 | }"
pilot-0128,r0147,norsehorse-dev__BurnPonyAndroid,norsehorse-dev__BurnPonyAndroid/app/src/main/kotlin/com/burnpony/app/ui/legal/LegalScreen.kt,187.0,LegalScreen,missing_interaction_semantics,ISSUE,missing_semantics_role,adjudicated,FP_DETECTOR,ISSUE,missing_semantics_role,NO_ISSUE,none,,R2 missing Role.Button on clickable container,.clickable {,"  175 |                             BurnPonyTheme.dim
  176 |                         },
  177 |                     )
  178 |                 }
  179 |             }
  180 | 
  181 |             Text(
  182 |                 stringResource(R.string.legal_view_online),
  183 |                 style = MaterialTheme.typography.bodyMedium,
  184 |                 color = BurnPonyTheme.ember,
  185 |                 modifier = Modifier
  186 |                     .fillMaxWidth()
  187 |                     .clickable {
  188 |                         runCatching {
  189 |                             context.startActivity(
  190 |                                 Intent(Intent.ACTION_VIEW, document.webUrl.toUri())
  191 |                             )
  192 |                         }
  193 |                     }
  194 |                     .padding(vertical = 8.dp),
  195 |             )
  196 |         }
  197 |     }
  198 | }"
pilot-0129,r0211,dantech0xff__compose-qr-code-scanner,dantech0xff__compose-qr-code-scanner/app/src/main/java/com/creative/qrcodescanner/ui/nav/TopNavBar.kt,56.0,TopNavBar,missing_interaction_semantics,ISSUE,clickable_icon_not_iconbutton,agreed,FP_DETECTOR,ISSUE,clickable_icon_not_iconbutton,ISSUE,clickable_icon_not_iconbutton,"missing_content_description,missing_semantics_role",,.clickable {,"   36 | fun TopNavBar(@StringRes titleResId: Int, backNavClick: () -> Unit) {
   37 |     Column(
   38 |         modifier = Modifier
   39 |             .shadow(MaterialTheme.colorScheme.primary.copy(alpha = 0.5f),
   40 |                 blurRadius = 12.dp, borderRadius = 0.dp, spread = 0.dp,
   41 |                 offsetY = 1.dp, offsetX = 0.dp)
   42 |             .fillMaxWidth()
   43 |             .background(MaterialTheme.colorScheme.primary, shape = RectangleShape)
   44 |     ) {
   45 |         Spacer(modifier = Modifier.windowInsetsTopHeight(WindowInsets.statusBars))
   46 |         Row(
   47 |             modifier = Modifier
   48 |                 .fillMaxWidth()
   49 |                 .wrapContentHeight(),
   50 |             verticalAlignment = Alignment.CenterVertically
   51 |         ) {
   52 |             Image(
   53 |                 painter = painterResource(id = R.drawable.arrow_back_ios_new),
   54 |                 contentDescription = null,
   55 |                 modifier = Modifier
   56 |                     .clickable {
   57 |                         backNavClick.invoke()
   58 |                     }
   59 |                     .padding(12.dp)
   60 |                     .size(28.dp)
   61 |             )
   62 |             Spacer(modifier = Modifier.size(6.dp))
   63 |             Text(
   64 |                 text = stringResource(titleResId),
   65 |                 color = MaterialTheme.colorScheme.onPrimary,
   66 |                 style = MaterialTheme.typography.titleLarge
   67 |             )
   68 |         }
   69 |     }
   70 | }"
pilot-0130,r0075,jordond__MaterialKolor,jordond__MaterialKolor/builder/shared/src/commonMain/kotlin/com/materialkolor/builder/ui/home/components/ContrastSelector.kt,85.0,ContrastButton,missing_interaction_semantics,ISSUE,missing_semantics_role,adjudicated,FP_DETECTOR,ISSUE,missing_semantics_role,NO_ISSUE,none,"missing_state_description,touch_target_size",R2 missing Role.Button on clickable container,".clickable(enabled = !isSelected, onClick = onClick),","   63 | private fun ContrastButton(
   64 |     contrast: Contrast,
   65 |     isSelected: Boolean,
   66 |     onClick: () -> Unit,
   67 |     modifier: Modifier = Modifier,
   68 | ) {
   69 |     val containerColor by animateColorAsState(
   70 |         if (isSelected) MaterialTheme.colorScheme.tertiary
   71 |         else MaterialTheme.colorScheme.tertiaryContainer,
   72 |     )
   73 | 
   74 |     val contentColor by animateColorAsState(
   75 |         if (isSelected) MaterialTheme.colorScheme.onTertiary
   76 |         else MaterialTheme.colorScheme.onTertiaryContainer,
   77 |     )
   78 | 
   79 |     Box(
   80 |         contentAlignment = Alignment.Center,
   81 |         modifier = modifier
   82 |             .size(42.dp)
   83 |             .clip(CircleShape)
   84 |             .background(containerColor)
   85 |             .clickable(enabled = !isSelected, onClick = onClick),
   86 |     ) {
   87 |         Icon(
   88 |             imageVector = contrast.icon(),
   89 |             contentDescription = contrast.name(),
   90 |             tint = contentColor,
   91 |             modifier = Modifier.padding(6.dp),
   92 |         )
   93 |     }
   94 | }
   95 | 
   96 | @Composable
   97 | private fun Contrast.icon(): ImageVector = remember(this) {
   98 |     when (this) {
   99 |         Contrast.Default -> Icons.Outlined.BrightnessLow
  100 |         Contrast.Medium -> Icons.Outlined.BrightnessMedium
  101 |         Contrast.High -> Icons.Outlined.BrightnessHigh
  102 |         Contrast.Reduced -> Icons.Default.KeyboardArrowDown
  103 |     }
  104 | }
  105 | 
  106 | @Composable
  107 | private fun Contrast.name(): String = remember(this) {
  108 |     when (this) {
  109 |         Contrast.Default -> ""Standard""
  110 |         Contrast.Medium -> ""Medium""
  111 |         Contrast.High -> ""High""
  112 |         Contrast.Reduced -> ""Reduced""
  113 |     }
  114 | }"
pilot-0131,r0288,higorslva__biketrackd,higorslva__biketrackd/app/src/main/java/com/biketrackd/app/ui/components/CitySearchDialog.kt,94.0,CitySearchDialog,missing_interaction_semantics,ISSUE,missing_semantics_role,adjudicated,FP_DETECTOR,ISSUE,missing_semantics_role,NO_ISSUE,none,touch_target_size,R2 missing Role.Button on clickable container,.clickable { onCitySelected(city) },"   82 |                 Spacer(modifier = Modifier.height(8.dp))
   83 | 
   84 |                 if (isLoading) {
   85 |                     CircularProgressIndicator(modifier = Modifier.padding(16.dp))
   86 |                 }
   87 | 
   88 |                 LazyColumn(modifier = Modifier.height(200.dp)) {
   89 |                     items(results) { city ->
   90 |                         Text(
   91 |                             text = city.displayName,
   92 |                             modifier = Modifier
   93 |                                 .fillMaxWidth()
   94 |                                 .clickable { onCitySelected(city) }
   95 |                                 .padding(vertical = 8.dp, horizontal = 4.dp),
   96 |                             style = MaterialTheme.typography.bodyMedium,
   97 |                         )
   98 |                     }
   99 |                 }
  100 |             }
  101 |         },
  102 |         confirmButton = {
  103 |             TextButton(onClick = onDismiss) { Text(stringResource(R.string.btn_cancel)) }
  104 |         },
  105 |     )
  106 | }
  107 | 
  108 | private suspend fun searchCity(query: String, onResult: (List<CityResult>) -> Unit) {
  109 |     withContext(Dispatchers.IO) {
  110 |         try {
  111 |             val url = URL(
  112 |                 ""https://nominatim.openstreetmap.org/search?q=${java.net.URLEncoder.encode(query, ""UTF-8"")}&format=json&limit=10""
  113 |             )
  114 |             val conn = url.openConnection() as HttpURLConnection
  115 |             conn.setRequestProperty(""User-Agent"", ""GPS-OSS/1.0"")
  116 |             conn.connectTimeout = 5000
  117 |             conn.readTimeout = 5000
  118 |             conn.connect()
  119 | 
  120 |             if (conn.responseCode == 200) {
  121 |                 val body = conn.inputStream.bufferedReader().readText()
  122 |                 val json = JSONArray(body)
  123 |                 val list = mutableListOf<CityResult>()
  124 |                 for (i in 0 until json.length()) {
  125 |                     val item = json.getJSONObject(i)
  126 |                     list.add(
  127 |                         CityResult(
  128 |                             displayName = item.getString(""display_name""),
  129 |                             lat = item.getDouble(""lat""),
  130 |                             lon = item.getDouble(""lon""),
  131 |                         )
  132 |                     )
  133 |                 }
  134 |                 withContext(Dispatchers.Main) {"
pilot-0132,r0255,IacobIonut01__ReFra,IacobIonut01__ReFra/app/src/main/kotlin/com/dot/gallery/cloud/ui/people/PersonDetailScreen.kt,297.0,PersonDetailScreen,missing_interaction_semantics,ISSUE,missing_semantics_role,adjudicated,FP_DETECTOR,ISSUE,missing_semantics_role,NO_ISSUE,none,,R2 missing Role.Button on clickable container,.clickable {,"  285 |                 LazyVerticalGrid(
  286 |                     columns = GridCells.Adaptive(96.dp),
  287 |                     modifier = Modifier
  288 |                         .fillMaxWidth()
  289 |                         .heightIn(max = 420.dp),
  290 |                     horizontalArrangement = Arrangement.spacedBy(12.dp),
  291 |                     verticalArrangement = Arrangement.spacedBy(12.dp)
  292 |                 ) {
  293 |                     items(mergeCandidates, key = { it.accountKey }) { candidate ->
  294 |                         Column(
  295 |                             modifier = Modifier
  296 |                                 .clip(MaterialTheme.shapes.medium)
  297 |                                 .clickable {
  298 |                                     viewModel.mergeInto(candidate.id)
  299 |                                     showMergeDialog = false
  300 |                                     eventHandler.navigateUp()
  301 |                                 }
  302 |                                 .padding(4.dp),
  303 |                             horizontalAlignment = Alignment.CenterHorizontally,
  304 |                             verticalArrangement = Arrangement.spacedBy(6.dp)
  305 |                         ) {
  306 |                             if (candidate.thumbnailUrl != null) {
  307 |                                 GlideImage(
  308 |                                     model = candidate.thumbnailUrl.toUri(),
  309 |                                     contentDescription = candidate.name,
  310 |                                     modifier = Modifier
  311 |                                         .size(88.dp)
  312 |                                         .clip(CircleShape),
  313 |                                     contentScale = ContentScale.Crop
  314 |                                 )
  315 |                             } else {
  316 |                                 Box(
  317 |                                     modifier = Modifier
  318 |                                         .size(88.dp)
  319 |                                         .clip(CircleShape)
  320 |                                         .background(MaterialTheme.colorScheme.surfaceVariant),
  321 |                                     contentAlignment = Alignment.Center
  322 |                                 ) {
  323 |                                     Icon(
  324 |                                         Icons.Outlined.Person, null,
  325 |                                         modifier = Modifier.size(44.dp),
  326 |                                         tint = MaterialTheme.colorScheme.onSurfaceVariant
  327 |                                     )
  328 |                                 }
  329 |                             }
  330 |                             Text(
  331 |                                 text = candidate.name.ifBlank {
  332 |                                     stringResource(R.string.cloud_people_unknown)
  333 |                                 },
  334 |                                 style = MaterialTheme.typography.bodySmall,
  335 |                                 maxLines = 1
  336 |                             )
  337 |                         }"
pilot-0133,r0111,Pool-Of-Tears__Myne,Pool-Of-Tears__Myne/app/src/main/java/com/starry/myne/ui/screens/settings/composables/AboutScreen.kt,199.0,LinkButton,missing_interaction_semantics,ISSUE,missing_semantics_role,adjudicated,FP_DETECTOR,ISSUE,missing_semantics_role,NO_ISSUE,none,touch_target_size,R2 missing Role.Button on clickable container,.clickable { onClick() },"  187 | 
  188 | }
  189 | 
  190 | @Composable
  191 | private fun LinkButton(
  192 |     text: String,
  193 |     icon: ImageVector,
  194 |     onClick: () -> Unit,
  195 | ) {
  196 |     Row(
  197 |         verticalAlignment = Alignment.CenterVertically,
  198 |         modifier = Modifier
  199 |             .clickable { onClick() }
  200 |             .padding(all = 4.dp),
  201 |     ) {
  202 |         Icon(
  203 |             imageVector = icon,
  204 |             contentDescription = null,
  205 |             modifier = Modifier.size(size = 18.dp),
  206 |             tint = MaterialTheme.colorScheme.onSurface
  207 |         )
  208 | 
  209 |         Text(
  210 |             text = text.uppercase(),
  211 |             fontWeight = FontWeight.SemiBold,
  212 |             fontFamily = poppinsFont,
  213 |             color = MaterialTheme.colorScheme.onSurface,
  214 |             modifier = Modifier.padding(start = 4.dp),
  215 |         )
  216 |     }
  217 | }
  218 | 
  219 | @Composable
  220 | private fun AppInfoCard() {
  221 |     Card(
  222 |         modifier = Modifier
  223 |             .fillMaxWidth()
  224 |             .padding(start = 14.dp, end = 14.dp),
  225 |         colors = CardDefaults.cardColors(
  226 |             containerColor = MaterialTheme.colorScheme.surfaceColorAtElevation(
  227 |                 4.dp
  228 |             )
  229 |         ),
  230 |     ) {
  231 |         Box(
  232 |             modifier = Modifier
  233 |                 .fillMaxWidth()
  234 |                 .height(245.dp)
  235 |         ) {
  236 |             AsyncImage(
  237 |                 model = R.drawable.about_screen_bg,
  238 |                 contentDescription = null,
  239 |                 alpha = 0.35f,"
pilot-0134,r0253,maximilian-schwaerzler__Do-It,maximilian-schwaerzler__Do-It/app/src/main/java/at/co/schwaerzler/maximilian/doit/ui/navigation/screen/EditTodoScreen.kt,431.0,EditTodoScreenContent,missing_interaction_semantics,ISSUE,missing_interaction_semantics,adjudicated,TP,ISSUE,missing_content_description,ISSUE,missing_interaction_semantics,"missing_interaction_semantics,missing_semantics_role",CATEGORY ONLY: both agree on verdict; pick category,.clickable(,"  419 |                             readOnly = true,
  420 |                             label = { Text(stringResource(R.string.deadline)) },
  421 |                             leadingIcon = {
  422 |                                 Icon(
  423 |                                     painterResource(R.drawable.event_24px),
  424 |                                     contentDescription = null
  425 |                                 )
  426 |                             }
  427 |                         )
  428 |                         Box(
  429 |                             modifier = Modifier
  430 |                                 .matchParentSize()
  431 |                                 .clickable(
  432 |                                     interactionSource = remember { MutableInteractionSource() },
  433 |                                     indication = null,
  434 |                                     onClick = { showDatePicker = true }
  435 |                                 )
  436 |                         )
  437 |                     }
  438 |                 }
  439 |             }
  440 |         }
  441 |     }
  442 | }
  443 | 
  444 | @OptIn(ExperimentalMaterial3Api::class)
  445 | @Composable
  446 | private fun DeadlineTimePickerDialog(
  447 |     initialHour: Int,
  448 |     initialMinute: Int,
  449 |     onDismiss: () -> Unit,
  450 |     onConfirm: (hour: Int, minute: Int) -> Unit,
  451 | ) {
  452 |     val timePickerState = rememberTimePickerState(
  453 |         initialHour = initialHour,
  454 |         initialMinute = initialMinute,
  455 |         is24Hour = true
  456 |     )
  457 |     AlertDialog(
  458 |         onDismissRequest = onDismiss,
  459 |         title = { Text(stringResource(R.string.select_time)) },
  460 |         text = { TimePicker(state = timePickerState) },
  461 |         confirmButton = {
  462 |             TextButton(onClick = { onConfirm(timePickerState.hour, timePickerState.minute) }) {
  463 |                 Text(""OK"")
  464 |             }
  465 |         },
  466 |         dismissButton = {
  467 |             TextButton(onClick = onDismiss) { Text(stringResource(R.string.cancel)) }
  468 |         }
  469 |     )
  470 | }
  471 | "
pilot-0135,r0268,Antoine-lab-pixel__BoxingClock,Antoine-lab-pixel__BoxingClock/app/src/main/java/com/antoinelabpixel/boxingclock/ui/screens/SettingsScreen.kt,252.0,SettingRow,missing_interaction_semantics,ISSUE,missing_semantics_role,adjudicated,FP_DETECTOR,ISSUE,missing_semantics_role,NO_ISSUE,none,,R2 missing Role.Button on clickable container,.clickable(onClick = onClick),"  240 |                 )
  241 |             }
  242 |             } // end scrollable Column
  243 |         }
  244 |     }
  245 | }
  246 | 
  247 | @Composable
  248 | private fun SettingRow(label: String, value: String, onClick: () -> Unit) {
  249 |     Row(
  250 |         modifier = Modifier
  251 |             .fillMaxWidth()
  252 |             .clickable(onClick = onClick)
  253 |             .padding(horizontal = 16.dp, vertical = 20.dp),
  254 |         horizontalArrangement = Arrangement.SpaceBetween,
  255 |         verticalAlignment = Alignment.CenterVertically
  256 |     ) {
  257 |         Text(label, fontSize = 20.sp, fontWeight = FontWeight.Bold)
  258 |         Text(value, fontSize = 20.sp, color = MaterialTheme.colorScheme.primary)
  259 |     }
  260 | }
  261 | 
  262 | private fun formatDuration(seconds: Int): String =
  263 |     if (seconds >= 60) String.format(""%d:%02d"", seconds / 60, seconds % 60)
  264 |     else ""${seconds}s"""
pilot-0136,r0210,zhishengplus__ZhishengWeather,zhishengplus__ZhishengWeather/app/src/main/kotlin/com/zhisheng/weather/ui/SettingsScreen.kt,859.0,LandscapeSettingsRail,missing_interaction_semantics,HANDLED,none,adjudicated,FP,NO_ISSUE,none,HANDLED,none,,,.clickable(role = Role.Tab) { onSelected(index) },"  837 | private fun LandscapeSettingsRail(
  838 |     selected: Int,
  839 |     onSelected: (Int) -> Unit,
  840 |     modifier: Modifier = Modifier,
  841 | ) {
  842 |     val sections = listOf(
  843 |         Triple(""01//"", ""数据与位置"", ""DATA / LOCATION""),
  844 |         Triple(""02//"", ""首页内容"", ""HOME CONTENT""),
  845 |         Triple(""03//"", ""外观与设备"", ""DISPLAY / DEVICE""),
  846 |         Triple(""04//"", ""关于枳生"", ""ABOUT""),
  847 |     )
  848 |     LazyColumn(
  849 |         modifier = modifier.background(ZhishengSurface.copy(alpha = 0.72f)).padding(8.dp),
  850 |         verticalArrangement = Arrangement.spacedBy(4.dp),
  851 |     ) {
  852 |         itemsIndexed(sections) { index, (number, title, english) ->
  853 |             val active = selected == index
  854 |             Row(
  855 |                 modifier = Modifier.fillMaxWidth()
  856 |                     .heightIn(min = 48.dp)
  857 |                     .background(if (active) ZhishengCard else Color.Transparent)
  858 |                     .border(1.dp, if (active) ZhishengOrange else ZhishengCardBorder, RectangleShape)
  859 |                     .clickable(role = Role.Tab) { onSelected(index) }
  860 |                     .semantics { this.selected = active }
  861 |                     .padding(horizontal = 10.dp, vertical = 5.dp),
  862 |                 verticalAlignment = Alignment.CenterVertically,
  863 |             ) {
  864 |                 Text(
  865 |                     number,
  866 |                     style = MaterialTheme.typography.labelMedium,
  867 |                     color = if (active) ZhishengOrange else ZhishengTextTertiary,
  868 |                     fontWeight = FontWeight.Bold,
  869 |                 )
  870 |                 Spacer(Modifier.width(8.dp))
  871 |                 Column(Modifier.weight(1f)) {
  872 |                     Text(
  873 |                         title,
  874 |                         style = MaterialTheme.typography.labelLarge,
  875 |                         color = if (active) ZhishengText else ZhishengTextSecondary,
  876 |                         fontWeight = if (active) FontWeight.Bold else FontWeight.Normal,
  877 |                         maxLines = 1,
  878 |                     )
  879 |                     Text(
  880 |                         english,
  881 |                         style = MaterialTheme.typography.labelSmall,
  882 |                         color = ZhishengTextTertiary,
  883 |                         letterSpacing = 0.8.sp,
  884 |                         maxLines = 1,
  885 |                     )
  886 |                 }
  887 |             }
  888 |         }
  889 |     }
  890 | }
  891 | 
  892 | private fun sourceHint(
  893 |     selected: SourcePref,
  894 |     activeSource: String?,
  895 |     supplementSources: List<String>,
  896 |     cityName: String?,
  897 |     loading: Boolean,
  898 | ): String {
  899 |     val city = cityName ?: ""当前城市"""
pilot-0137,r0177,piratecash__pcash-wallet,piratecash__pcash-wallet/app/src/main/java/cash/p/terminal/ui/compose/components/CoinImage.kt,163.0,CoinImage,missing_interaction_semantics,ISSUE,missing_interaction_semantics,adjudicated,TP,ISSUE,missing_semantics_role,ISSUE,missing_interaction_semantics,"clickable_icon_not_iconbutton,decorative_mislabeled",CATEGORY ONLY: both agree on verdict; pick category,Modifier.clickable(,"  151 |                         }
  152 |                     }
  153 | 
  154 |                     null -> {
  155 |                         // No progress indicator
  156 |                     }
  157 |                 }
  158 |             },
  159 |         contentAlignment = Alignment.Center
  160 |     ) {
  161 |         if (failedIconVisible) {
  162 |             val clickableModifier = if (onClickSyncError != null) {
  163 |                 Modifier.clickable(
  164 |                     interactionSource = remember { MutableInteractionSource() },
  165 |                     indication = ripple(
  166 |                         bounded = false,
  167 |                         radius = 20.dp
  168 |                     ),
  169 |                     onClick = onClickSyncError
  170 |                 )
  171 |             } else {
  172 |                 Modifier
  173 |             }
  174 | 
  175 |             Image(
  176 |                 modifier = Modifier
  177 |                     .size(iconSize)
  178 |                     .then(clickableModifier),
  179 |                 painter = painterResource(id = R.drawable.ic_attention_24),
  180 |                 contentDescription = ""coin icon"",
  181 |                 colorFilter = ColorFilter.tint(ComposeAppTheme.colors.lucian)
  182 |             )
  183 |         } else {
  184 |             CoinImage(
  185 |                 token = token,
  186 |                 modifier = Modifier
  187 |                     .size(iconSize)
  188 |                     .alpha(iconAlpha)
  189 |             )
  190 |         }
  191 | 
  192 |         if (syncingProgress.type == SyncingProgressType.ProgressWithRing) {
  193 |             syncingProgress.progress?.let {
  194 |                 SyncProgressText(""${formatProgressPercent(it)}%"")
  195 |             }
  196 |         }
  197 |     }
  198 | }
  199 | 
  200 | @Composable
  201 | private fun SyncProgressText(text: String) {
  202 |     BasicText(
  203 |         text = text,"
pilot-0138,r0131,OMGSoundboard__android-app,OMGSoundboard__android-app/app/src/main/java/audio/omgsoundboard/presentation/composables/AboutItem.kt,20.0,AboutItem,missing_interaction_semantics,ISSUE,missing_semantics_role,adjudicated,FP_DETECTOR,ISSUE,missing_semantics_role,NO_ISSUE,none,touch_target_size,R2 missing Role.Button on clickable container,".clickable { onClick() },","    8 | import androidx.compose.ui.Alignment
    9 | import androidx.compose.ui.Modifier
   10 | import androidx.compose.ui.res.painterResource
   11 | import androidx.compose.ui.res.stringResource
   12 | import androidx.compose.ui.unit.dp
   13 | 
   14 | 
   15 | @Composable
   16 | fun AboutItem(icon: Int, title: Int, onClick: () -> Unit){
   17 |     Row(
   18 |         modifier = Modifier
   19 |             .padding(horizontal = 16.dp, vertical = 12.dp)
   20 |             .clickable { onClick() },
   21 |         horizontalArrangement = Arrangement.Start,
   22 |         verticalAlignment = Alignment.CenterVertically
   23 |     ) {
   24 | 
   25 |         Icon(
   26 |             painter = painterResource(id = icon),
   27 | 
   28 |             contentDescription = null
   29 |         )
   30 |         Spacer(modifier = Modifier.width(16.dp))
   31 |         Text(
   32 |             text = stringResource(id = title),
   33 |         )
   34 | 
   35 |     }
   36 | }"
pilot-0139,r0208,KaushalVasava__XPhotogram,KaushalVasava__XPhotogram/app/src/main/java/com/lahsuak/apps/instagram/ui/screen/HomeScreen.kt,208.0,HomeScreen,missing_interaction_semantics,ISSUE,missing_semantics_role,adjudicated,FP_DETECTOR,ISSUE,missing_semantics_role,NO_ISSUE,none,,R2 missing Role.Button on clickable container,.clickable {,"  196 |                             LazyRow(Modifier.padding(vertical = 8.dp)) {
  197 |                                 item {
  198 |                                     Box(
  199 |                                         contentAlignment = Alignment.BottomEnd
  200 |                                     ) {
  201 |                                         CircularImage(
  202 |                                             imageUrl = user.profileImage,
  203 |                                             isBorderVisible = false,
  204 |                                             isNameVisible = true,
  205 |                                             name = ""Your story"",
  206 |                                             modifier = Modifier
  207 |                                                 .padding(start = 16.dp, end = 8.dp)
  208 |                                                 .clickable {
  209 |                                                     navController.navigate(NavigationItem.CreatePost.route)
  210 |                                                 },
  211 |                                         )
  212 |                                         Icon(
  213 |                                             tint = LIGHT_BLUE,
  214 |                                             imageVector = Icons.Default.AddCircle,
  215 |                                             contentDescription = null,
  216 |                                             modifier = Modifier
  217 |                                                 .padding(bottom = 18.dp, end = 4.dp)
  218 |                                                 .clip(CircleShape)
  219 |                                                 .background(Color.White)
  220 |                                                 .border(
  221 |                                                     width = 1.dp,
  222 |                                                     color = Color.White,
  223 |                                                     shape = CircleShape
  224 |                                                 )
  225 |                                         )
  226 |                                     }
  227 |                                     Spacer(modifier = Modifier.height(8.dp))
  228 |                                 }
  229 |                                 when (val s = storiesState.value) {
  230 |                                     is BaseState.Failed -> {
  231 |                                         // no-op
  232 |                                     }
  233 | 
  234 |                                     BaseState.Loading -> {
  235 |                                         // no-op
  236 |                                     }
  237 | 
  238 |                                     is BaseState.Success -> {
  239 |                                         val stories = s.data.filter { story ->
  240 |                                             user.followingIds.any {
  241 |                                                 story.userId == it
  242 |                                             }
  243 |                                         }.distinctBy { it.userId }
  244 |                                         items(stories) { story ->
  245 |                                             val usr = followings.find {
  246 |                                                 story.userId == it.id
  247 |                                             }
  248 |                                             if (usr != null) {"
pilot-0140,r0125,wisnukurniawan__Compose-ToDo,wisnukurniawan__Compose-ToDo/app/src/main/java/com/wisnu/kurniawan/composetodolist/features/todo/detail/ui/TaskScreen.kt,73.0,TaskCreator,missing_interaction_semantics,ISSUE,missing_semantics_role,adjudicated,FP_DETECTOR,ISSUE,missing_semantics_role,NO_ISSUE,none,,R2 missing Role.Button on clickable container,".clickable(onClick = onClick),","   57 | fun TaskCreator(
   58 |     modifier: Modifier = Modifier,
   59 |     text: String,
   60 |     color: Color,
   61 |     onClick: () -> Unit,
   62 | ) {
   63 |     Row(
   64 |         modifier = modifier.fillMaxWidth(),
   65 |         horizontalArrangement = Arrangement.SpaceAround,
   66 |     ) {
   67 |         Surface(
   68 |             modifier = Modifier
   69 |                 .fillMaxWidth()
   70 |                 .padding(top = 8.dp, start = 16.dp, end = 16.dp, bottom = 32.dp)
   71 |                 .height(56.dp)
   72 |                 .clip(MaterialTheme.shapes.small)
   73 |                 .clickable(onClick = onClick),
   74 |             shape = MaterialTheme.shapes.small,
   75 |             color = MaterialTheme.colorScheme.surfaceVariant,
   76 |         ) {
   77 |             Row(
   78 |                 verticalAlignment = Alignment.CenterVertically,
   79 |             ) {
   80 |                 Spacer(Modifier.width(12.dp))
   81 | 
   82 |                 PgIcon(
   83 |                     imageVector = Icons.Rounded.Add,
   84 |                     tint = color
   85 |                 )
   86 | 
   87 |                 Spacer(Modifier.width(12.dp))
   88 | 
   89 |                 Text(
   90 |                     text = text.ifBlank {
   91 |                         stringResource(R.string.todo_add_task)
   92 |                     },
   93 |                     style = MaterialTheme.typography.titleSmall,
   94 |                     color = color
   95 |                 )
   96 |             }
   97 |         }
   98 |     }
   99 | }
  100 | 
  101 | @OptIn(ExperimentalFoundationApi::class)
  102 | @Composable
  103 | fun TaskContent(
  104 |     modifier: Modifier,
  105 |     tasks: List<ToDoTaskItem>,
  106 |     onClick: (ToDoTask) -> Unit,
  107 |     onStatusClick: (ToDoTask) -> Unit,
  108 |     onSwipeToDelete: (ToDoTask) -> Unit,
  109 |     color: Color,
  110 |     listState: LazyListState
  111 | ) {
  112 |     val coroutineScope = rememberCoroutineScope()
  113 |     val resources = LocalContext.current.resources"
pilot-0141,r0107,christianrowlands__android-network-survey,christianrowlands__android-network-survey/networksurvey/src/main/java/com/craxiom/networksurvey/ui/nsanalytics/NsAnalyticsConnectionScreen.kt,824.0,WorkspaceStatusCard,missing_merge_descendants,NO_ISSUE,none,agreed,FP,NO_ISSUE,none,NO_ISSUE,none,missing_content_description,,Card(,"  812 |             Toast.LENGTH_SHORT
  813 |         ).show()
  814 |     }
  815 | }
  816 | 
  817 | @Composable
  818 | private fun WorkspaceStatusCard(
  819 |     workspaceName: String?,
  820 |     workspaceId: String?
  821 | ) {
  822 |     val context = LocalContext.current
  823 | 
  824 |     Card(
  825 |         modifier = Modifier.fillMaxWidth(),
  826 |         colors = CardDefaults.cardColors(
  827 |             containerColor = Color(0xFF1E1F24)
  828 |         )
  829 |     ) {
  830 |         Row(
  831 |             modifier = Modifier
  832 |                 .fillMaxWidth()
  833 |                 .padding(16.dp),
  834 |             verticalAlignment = Alignment.Top
  835 |         ) {
  836 |             Icon(
  837 |                 imageVector = Icons.Default.CheckCircle,
  838 |                 contentDescription = null,
  839 |                 tint = MaterialTheme.colorScheme.primary,
  840 |                 modifier = Modifier
  841 |                     .size(24.dp)
  842 |                     .padding(top = 2.dp)
  843 |             )
  844 | 
  845 |             Spacer(modifier = Modifier.width(12.dp))
  846 | 
  847 |             Column(
  848 |                 modifier = Modifier.weight(1f)
  849 |             ) {
  850 |                 Text(
  851 |                     text = ""Workspace Registered"",
  852 |                     style = MaterialTheme.typography.bodySmall,
  853 |                     color = MaterialTheme.colorScheme.primary,
  854 |                     fontWeight = FontWeight.Medium
  855 |                 )
  856 | 
  857 |                 Text(
  858 |                     text = workspaceName ?: ""Unknown Workspace"",
  859 |                     style = MaterialTheme.typography.titleMedium,
  860 |                     color = Color.White,
  861 |                     fontWeight = FontWeight.Bold,
  862 |                     modifier = Modifier.padding(vertical = 4.dp)
  863 |                 )
  864 | "
pilot-0142,r0180,itsluminous__ClearSMS,itsluminous__ClearSMS/app/src/main/kotlin/app/clearsms/ui/components/OtpBanner.kt,50.0,OtpBanner,missing_merge_descendants,HANDLED,none,adjudicated,FP,NO_ISSUE,none,HANDLED,none,,,Card(,"   38 |  */
   39 | @Composable
   40 | fun OtpBanner(
   41 |     code: String,
   42 |     senderName: String,
   43 |     onCopied: () -> Unit,
   44 |     onDismiss: () -> Unit,
   45 |     onOpenMessage: () -> Unit,
   46 |     modifier: Modifier = Modifier,
   47 |     displaySize: OtpDisplaySize = OtpDisplaySize.DEFAULT,
   48 | ) {
   49 |     val clipboard = LocalClipboardManager.current
   50 |     Card(
   51 |         modifier = modifier.fillMaxWidth(),
   52 |         colors = CardDefaults.cardColors(containerColor = MaterialTheme.colorScheme.primaryContainer),
   53 |     ) {
   54 |         Row(
   55 |             modifier =
   56 |                 Modifier
   57 |                     .fillMaxWidth()
   58 |                     .clickable(
   59 |                         onClickLabel = stringResource(R.string.otp_banner_open),
   60 |                         onClick = onOpenMessage,
   61 |                     ).padding(start = 20.dp, end = 8.dp, top = 12.dp, bottom = 12.dp),
   62 |             verticalAlignment = Alignment.CenterVertically,
   63 |         ) {
   64 |             Column(modifier = Modifier.weight(1f)) {
   65 |                 Text(
   66 |                     text = stringResource(R.string.otp_banner_from, senderName),
   67 |                     style = MaterialTheme.typography.labelMedium,
   68 |                     color = MaterialTheme.colorScheme.onPrimaryContainer,
   69 |                 )
   70 |                 Text(
   71 |                     text = code.toCharArray().joinToString("" ""),
   72 |                     style = MaterialTheme.typography.displaySmall,
   73 |                     fontSize = otpBannerFontSp(displaySize).sp,
   74 |                     fontFamily = FontFamily.Monospace,
   75 |                     color = MaterialTheme.colorScheme.onPrimaryContainer,
   76 |                 )
   77 |             }
   78 |             FilledTonalIconButton(
   79 |                 onClick = {
   80 |                     clipboard.setText(AnnotatedString(code))
   81 |                     onCopied()
   82 |                 },
   83 |             ) {
   84 |                 Icon(
   85 |                     imageVector = Icons.Outlined.ContentCopy,
   86 |                     contentDescription = stringResource(R.string.otp_banner_copy),
   87 |                 )
   88 |             }
   89 |             IconButton(onClick = onDismiss) {
   90 |                 Icon("
pilot-0143,r0166,KaushalVasava__XPhotogram,KaushalVasava__XPhotogram/app/src/main/java/com/lahsuak/apps/instagram/ui/screen/HomeScreen.kt,98.0,HomeScreen,missing_merge_descendants,NO_ISSUE,none,agreed,FP,NO_ISSUE,none,NO_ISSUE,none,"missing_heading_semantics,missing_semantics_role",,Column(,"   76 | fun HomeScreen(
   77 |     modifier: Modifier = Modifier,
   78 |     homeViewModel: HomeViewModel,
   79 |     navController: NavController,
   80 | ) {
   81 | 
   82 |     val userState = homeViewModel.users.collectAsState()
   83 |     val storiesState =
   84 |         homeViewModel.stories.collectAsState()
   85 |     val postsState =
   86 |         homeViewModel.posts.collectAsState()
   87 |     val bottomSheet = rememberModalBottomSheetState()
   88 |     var isBottomSheetOpened by remember {
   89 |         mutableStateOf(false)
   90 |     }
   91 |     if (isBottomSheetOpened) {
   92 |         ModalBottomSheet(
   93 |             sheetState = bottomSheet,
   94 |             onDismissRequest = {
   95 |                 isBottomSheetOpened = false
   96 |             }
   97 |         ) {
   98 |             Column(
   99 |                 modifier = Modifier
  100 |                     .fillMaxSize()
  101 |                     .padding(top = 24.dp)
  102 |                     .padding(horizontal = 24.dp),
  103 |                 horizontalAlignment = Alignment.CenterHorizontally
  104 |             ) {
  105 |                 Text(
  106 |                     text = ""Options"",
  107 |                     modifier = Modifier.fillMaxWidth(),
  108 |                     style = MaterialTheme.typography.headlineMedium,
  109 |                     textAlign = TextAlign.Center
  110 |                 )
  111 |                 Spacer(modifier = Modifier.height(16.dp))
  112 |                 Text(
  113 |                     text = ""Unfollow"",
  114 |                     modifier = Modifier.fillMaxWidth(),
  115 |                     style = MaterialTheme.typography.bodyLarge,
  116 |                 )
  117 |                 Spacer(modifier = Modifier.height(16.dp))
  118 |                 Text(
  119 |                     text = ""Go to profile"",
  120 |                     modifier = Modifier.fillMaxWidth(),
  121 |                     style = MaterialTheme.typography.bodyLarge,
  122 |                 )
  123 |                 Spacer(modifier = Modifier.height(16.dp))
  124 |                 Row(Modifier.fillMaxWidth()) {
  125 |                     Icon(imageVector = Icons.Default.Share, contentDescription = ""share"")
  126 |                     Spacer(modifier = Modifier.width(8.dp))
  127 |                     Text(
  128 |                         text = ""Share"",
  129 |                         modifier = Modifier.fillMaxWidth(),
  130 |                         style = MaterialTheme.typography.bodyLarge,
  131 |                     )
  132 |                 }
  133 |             }
  134 |         }
  135 |     }
  136 |     when (val state = userState.value) {
  137 |         is BaseState.Failed -> {
  138 |             when (state.error) {"
pilot-0144,r0142,norsehorse-dev__AgePonyAndroid,norsehorse-dev__AgePonyAndroid/app/src/main/java/com/agepony/app/ui/files/RecipientPicker.kt,207.0,RecipientPickerContent,missing_merge_descendants,NO_ISSUE,none,agreed,FP,NO_ISSUE,none,NO_ISSUE,none,"missing_heading_semantics,missing_merge_descendants",,Column(,"  181 | internal fun RecipientPickerContent(
  182 |     vault: Vault,
  183 |     selection: RecipientSelection,
  184 |     modifier: Modifier = Modifier,
  185 |     showTitle: Boolean = true,
  186 |     confirmLabelSuffix: String = """",
  187 |     /** Whether confirming a passphrase should hold it for the rest of the session. */
  188 |     rememberPassphrase: Boolean = false,
  189 |     onCancel: () -> Unit,
  190 |     onConfirm: (recipients: List<AgeRecipient>, passphrase: String?) -> Unit,
  191 | ) {
  192 |     var pasteText by remember { mutableStateOf("""") }
  193 |     var pasteError by remember { mutableStateOf<String?>(null) }
  194 | 
  195 |     var savingKey by remember { mutableStateOf<String?>(null) }
  196 |     var saveName by remember { mutableStateOf("""") }
  197 |     var saveError by remember { mutableStateOf<String?>(null) }
  198 |     var suggestion by remember { mutableStateOf<String?>(null) }
  199 |     var suggestionWords by remember { mutableStateOf(Diceware.DEFAULT_WORD_COUNT) }
  200 |     val context = LocalContext.current
  201 | 
  202 |     val selectedCount = selection.selectedCount
  203 |     val scryptValid = selection.passphrase.isNotEmpty() &&
  204 |         selection.passphrase == selection.passphraseConfirm
  205 |     val canConfirm = if (selection.useScrypt) scryptValid else selectedCount > 0
  206 | 
  207 |     Column(
  208 |         modifier,
  209 |         verticalArrangement = Arrangement.spacedBy(12.dp),
  210 |     ) {
  211 |         if (showTitle) {
  212 |             Text(
  213 |                 ""Choose recipients"",
  214 |                 style = MaterialTheme.typography.titleLarge,
  215 |                 color = MaterialTheme.colorScheme.primary,
  216 |             )
  217 |         }
  218 | 
  219 |         Row(verticalAlignment = Alignment.CenterVertically) {
  220 |             // Remembered: whoever always encrypts to a passphrase should not re-flip this
  221 |             // on every file (issue #2, item 2).
  222 |             Switch(
  223 |                 checked = selection.useScrypt,
  224 |                 onCheckedChange = { selection.useScrypt = it; vault.passphraseModeDefault = it },
  225 |             )
  226 |             Text(""Passphrase only (scrypt)"", modifier = Modifier.padding(start = 12.dp))
  227 |         }
  228 | 
  229 |         if (selection.useScrypt) {
  230 |             OutlinedTextField(
  231 |                 value = selection.passphrase,
  232 |                 onValueChange = { selection.passphrase = it },
  233 |                 label = { Text(""Passphrase"") },
  234 |                 singleLine = true,
  235 |                 modifier = Modifier.fillMaxWidth(),
  236 |             )
  237 |             OutlinedTextField(
  238 |                 value = selection.passphraseConfirm,
  239 |                 onValueChange = { selection.passphraseConfirm = it },
  240 |                 label = { Text(""Confirm passphrase"") },
  241 |                 singleLine = true,
  242 |                 modifier = Modifier.fillMaxWidth(),
  243 |             )
  244 |             if (selection.passphraseConfirm.isNotEmpty() &&
  245 |                 selection.passphrase != selection.passphraseConfirm
  246 |             ) {
  247 |                 Text("
pilot-0145,r0052,maxwhipw__marmalade-tts-android,maxwhipw__marmalade-tts-android/app/src/main/java/app/marmalade/tts/ui/onboarding/OnboardingScreen.kt,295.0,EnginePickStep,missing_merge_descendants,NO_ISSUE,none,agreed,FP,NO_ISSUE,none,NO_ISSUE,none,missing_heading_semantics,,Column(,"  283 | 
  284 | @Composable
  285 | private fun EnginePickStep(
  286 |     padding: PaddingValues,
  287 |     cards: List<EngineCardState>,
  288 |     probePending: Boolean,
  289 |     selectedIds: Set<String>,
  290 |     onToggle: (String) -> Unit,
  291 |     onInstall: () -> Unit,
  292 |     onBack: () -> Unit,
  293 |     onSkip: () -> Unit,
  294 | ) {
  295 |     Column(
  296 |         modifier = Modifier
  297 |             .fillMaxSize()
  298 |             .padding(padding)
  299 |             .padding(horizontal = 16.dp),
  300 |     ) {
  301 |         Spacer(Modifier.height(16.dp))
  302 |         Text(
  303 |             text = stringResource(R.string.onboarding_engines_title),
  304 |             style = MaterialTheme.typography.headlineSmall,
  305 |             modifier = Modifier.fillMaxWidth(),
  306 |             textAlign = TextAlign.Center,
  307 |         )
  308 |         Spacer(Modifier.height(8.dp))
  309 |         Text(
  310 |             text = stringResource(R.string.onboarding_engines_body),
  311 |             style = MaterialTheme.typography.bodySmall,
  312 |             color = MaterialTheme.colorScheme.onSurfaceVariant,
  313 |             textAlign = TextAlign.Center,
  314 |             modifier = Modifier.fillMaxWidth(),
  315 |         )
  316 |         // While the capability probe runs, the fit labels aren't this
  317 |         // phone's verdict yet. A spinner + line says the check is live
  318 |         // (Max, 2026-08-08: text alone read as static copy).
  319 |         if (probePending) {
  320 |             Spacer(Modifier.height(8.dp))
  321 |             Row(
  322 |                 modifier = Modifier.fillMaxWidth(),
  323 |                 horizontalArrangement = Arrangement.Center,
  324 |                 verticalAlignment = Alignment.CenterVertically,
  325 |             ) {
  326 |                 CircularProgressIndicator(
  327 |                     modifier = Modifier.size(14.dp),
  328 |                     strokeWidth = 2.dp,
  329 |                 )
  330 |                 Spacer(Modifier.size(8.dp))
  331 |                 Text(
  332 |                     text = stringResource(R.string.onboarding_checking_device),
  333 |                     style = MaterialTheme.typography.labelSmall,
  334 |                     color = MaterialTheme.colorScheme.onSurfaceVariant,
  335 |                 )"
pilot-0146,r0246,BlazeCodeDev__TSViewer,BlazeCodeDev__TSViewer/app/src/main/java/com/blazecode/tsviewer/views/GitHubUpdateCard.kt,36.0,GitHubUpdateCard,missing_merge_descendants,NO_ISSUE,none,agreed,FP,NO_ISSUE,none,NO_ISSUE,none,decorative_mislabeled,,Card (modifier = Modifier.fillMaxWidth().padding(dimensionResource(R.dimen.medium_padding))){,"   24 | import androidx.compose.ui.Modifier
   25 | import androidx.compose.ui.res.dimensionResource
   26 | import androidx.compose.ui.res.painterResource
   27 | import androidx.compose.ui.res.stringResource
   28 | import com.blazecode.tsviewer.R
   29 | 
   30 | @Composable
   31 | fun GitHubUpdateCard(title: String, description: String, onClickDownload : () -> Unit){
   32 |     val isCardExtended = remember { mutableStateOf(false) }
   33 |     val expandMoreIcon = painterResource(R.drawable.ic_expand_more)
   34 |     val expandLessIcon = painterResource(R.drawable.ic_expand_less)
   35 |     var icon = painterResource(R.drawable.ic_expand_more)
   36 |     Card (modifier = Modifier.fillMaxWidth().padding(dimensionResource(R.dimen.medium_padding))){
   37 |         Column {
   38 |             Row (verticalAlignment = Alignment.CenterVertically){
   39 |                 Text(modifier = Modifier.padding(dimensionResource(R.dimen.medium_padding)).weight(2f),
   40 |                     text = title,
   41 |                     softWrap = true
   42 |                 )
   43 | 
   44 |                 Box(modifier = Modifier.fillMaxWidth().padding(dimensionResource(R.dimen.medium_padding)).weight(2f), contentAlignment = Alignment.CenterEnd){
   45 |                     Row {
   46 |                         Button(onClick = { onClickDownload() }) { Text(stringResource(R.string.download)) }
   47 |                         IconButton(onClick = {
   48 |                             isCardExtended.value = !isCardExtended.value
   49 |                             if(isCardExtended.value) icon = expandLessIcon
   50 |                             else icon = expandMoreIcon
   51 |                         }) { Icon(icon, ""extend"") }
   52 |                     }
   53 |                 }
   54 |             }
   55 |             AnimatedVisibility(isCardExtended.value){
   56 |                 Text(modifier = Modifier.padding(dimensionResource(R.dimen.medium_padding)), text = description)
   57 |             }
   58 |         }
   59 |     }
   60 | }"
pilot-0147,r0117,GetStream__whatsApp-clone-compose,GetStream__whatsApp-clone-compose/features/calls/src/main/kotlin/io/getstream/whatsappclone/calls/WhatsAppCallHistory.kt,66.0,WhatsAppCallHistory,missing_merge_descendants,ISSUE,missing_merge_descendants,adjudicated,TP,ISSUE,missing_merge_descendants,NO_ISSUE,none,,,Column(modifier = Modifier.padding(start = 12.dp)) {,"   44 | fun WhatsAppCallHistory(
   45 |   whatsAppUser: WhatsAppUser,
   46 |   onItemClicked: () -> Unit
   47 | ) {
   48 |   Box {
   49 |     Row(
   50 |       modifier = Modifier
   51 |         .fillMaxSize()
   52 |         .clickable { onItemClicked() }
   53 |         .padding(12.dp),
   54 |       verticalAlignment = Alignment.CenterVertically
   55 |     ) {
   56 |       GlideImage(
   57 |         modifier = Modifier
   58 |           .size(56.dp)
   59 |           .clip(CircleShape),
   60 |         imageModel = { whatsAppUser.picture },
   61 |         previewPlaceholder = painterResource(
   62 |           id = io.getstream.whatsappclone.designsystem.R.drawable.placeholder
   63 |         )
   64 |       )
   65 | 
   66 |       Column(modifier = Modifier.padding(start = 12.dp)) {
   67 |         Text(
   68 |           text = whatsAppUser.name,
   69 |           style = MaterialTheme.typography.titleMedium,
   70 |           color = getTitleColor()
   71 |         )
   72 | 
   73 |         Spacer(modifier = Modifier.size(6.dp))
   74 | 
   75 |         Text(
   76 |           text = whatsAppUser.login,
   77 |           style = MaterialTheme.typography.bodyMedium,
   78 |           color = MaterialTheme.colorScheme.onTertiary
   79 |         )
   80 |       }
   81 |     }
   82 | 
   83 |     Icon(
   84 |       modifier = Modifier
   85 |         .align(Alignment.CenterEnd)
   86 |         .padding(12.dp),
   87 |       imageVector = WhatsAppIcons.Call,
   88 |       tint = GREEN450,
   89 |       contentDescription = null
   90 |     )
   91 |   }
   92 | }"
pilot-0148,r0098,crome1394__point-forecast,crome1394__point-forecast/forecast-point/app/src/main/java/com/crome/forecastpoint/ui/screens/SevereWeatherSummaryScreen.kt,613.0,TropicalReportRow,missing_merge_descendants,HANDLED,none,adjudicated,FP,NO_ISSUE,none,HANDLED,none,missing_semantics_role,,Column(Modifier.weight(1f)) {,"  599 | private fun TropicalReportRow(
  600 |     s: SevereWeatherService.TropicalStorm,
  601 |     onOpenUrl: (String) -> Unit,
  602 | ) {
  603 |     Row(
  604 |         Modifier
  605 |             .fillMaxWidth()
  606 |             .clickable(enabled = s.advisoryUrl != null) {
  607 |                 s.advisoryUrl?.let { onOpenUrl(it) }
  608 |             }
  609 |             .padding(vertical = 6.dp),
  610 |         verticalAlignment = Alignment.Top,
  611 |     ) {
  612 |         TypeBadge(""Trop"", Color(0xFF4FC3F7))
  613 |         Column(Modifier.weight(1f)) {
  614 |             Text(
  615 |                 ""${s.name} · ${s.classification}"",
  616 |                 color = Color(0xFF81D4FA),
  617 |                 fontWeight = FontWeight.SemiBold,
  618 |                 fontSize = 14.sp,
  619 |             )
  620 |             val wind = s.intensityKt?.let { ""$it kt"" } ?: ""—""
  621 |             val mb = s.pressureMb?.let { ""$it mb"" } ?: ""—""
  622 |             Text(
  623 |                 ""Active tropical cyclone · Winds $wind · Pressure $mb"",
  624 |                 color = Color.White,
  625 |                 fontSize = 13.sp,
  626 |             )
  627 |             Text(
  628 |                 ""Current center · ${String.format(Locale.US, ""%.0f"", s.distanceMiles)} mi from city"",
  629 |                 color = OnSurfaceMuted,
  630 |                 fontSize = 12.sp,
  631 |             )
  632 |             val move = buildString {
  633 |                 s.movementDir?.let { append(""Moving $it°"") }
  634 |                 s.movementSpeedKt?.let {
  635 |                     if (isNotEmpty()) append("" at "")
  636 |                     append(""$it kt"")
  637 |                 }
  638 |             }
  639 |             if (move.isNotBlank()) {
  640 |                 Text(move, color = OnSurfaceMuted, fontSize = 12.sp)
  641 |             }
  642 |             Text(
  643 |                 buildString {
  644 |                     append(""NHC"")
  645 |                     s.lastUpdate?.let { append("" · Updated $it"") }
  646 |                     if (s.advisoryUrl != null) append("" · tap for advisory"")
  647 |                 },
  648 |                 color = OnSurfaceMuted,
  649 |                 fontSize = 11.sp,
  650 |             )
  651 |         }
  652 |         Text(
  653 |             String.format(Locale.US, ""%.0f"", s.distanceMiles),"
pilot-0149,r0019,bernaferrari__SDKMonitor,bernaferrari__SDKMonitor/shared/src/commonMain/kotlin/com/bernaferrari/sdkmonitor/ui/settings/components/SettingsComponents.kt,210.0,NotificationPermissionRequestCard,missing_merge_descendants,NO_ISSUE,none,agreed,FP,NO_ISSUE,none,NO_ISSUE,none,,,"Column(modifier = Modifier.padding(16.dp), verticalArrangement = Arrangement.spacedBy(8.dp)) {","  198 | 
  199 | @Composable
  200 | fun NotificationPermissionRequestCard(
  201 |     onRequestPermission: () -> Unit,
  202 |     modifier: Modifier = Modifier,
  203 | ) {
  204 |     val s = sdkStrings()
  205 |     Surface(
  206 |         modifier = modifier.fillMaxWidth(),
  207 |         shape = RoundedCornerShape(16.dp),
  208 |         color = MaterialTheme.colorScheme.primaryContainer.copy(alpha = 0.45f),
  209 |     ) {
  210 |         Column(modifier = Modifier.padding(16.dp), verticalArrangement = Arrangement.spacedBy(8.dp)) {
  211 |             Text(s.notificationPermissionTitle, fontWeight = FontWeight.SemiBold)
  212 |             Text(s.notificationPermissionBody, style = MaterialTheme.typography.bodySmall)
  213 |             androidx.compose.material3.TextButton(onClick = onRequestPermission) {
  214 |                 Text(s.allowNotifications)
  215 |             }
  216 |         }
  217 |     }
  218 | }
  219 | 
  220 | @Composable
  221 | fun NotificationWarningCard(
  222 |     onOpenSettings: () -> Unit,
  223 |     modifier: Modifier = Modifier,
  224 | ) {
  225 |     val s = sdkStrings()
  226 |     Surface(
  227 |         modifier = modifier.fillMaxWidth(),
  228 |         shape = RoundedCornerShape(16.dp),
  229 |         color = MaterialTheme.colorScheme.errorContainer.copy(alpha = 0.4f),
  230 |     ) {
  231 |         Column(modifier = Modifier.padding(16.dp), verticalArrangement = Arrangement.spacedBy(8.dp)) {
  232 |             Text(s.notificationWarningTitle, fontWeight = FontWeight.SemiBold)
  233 |             Text(s.notificationWarningBody, style = MaterialTheme.typography.bodySmall)
  234 |             androidx.compose.material3.TextButton(onClick = onOpenSettings) {
  235 |                 Text(s.openSettings)
  236 |             }
  237 |         }
  238 |     }
  239 | }"
pilot-0150,r0287,Dev-Aditya-More__PokeVerse,Dev-Aditya-More__PokeVerse/app/src/main/java/com/aditya1875/pokeverse/feature/analysis/presentation/screens/TeamAnalysis.kt,350.0,EmptyAnalysisView,missing_merge_descendants,NO_ISSUE,none,agreed,FP,NO_ISSUE,none,NO_ISSUE,none,,,Column(,"  338 |                     stringResource(R.string.action_go_premium),
  339 |                     color = Color.White,
  340 |                     modifier = Modifier.padding(vertical = 4.dp)
  341 |                 )
  342 |             }
  343 |         }
  344 |     }
  345 | }
  346 | 
  347 | @Composable
  348 | fun EmptyAnalysisView(navController: NavController) {
  349 |     Box(Modifier.fillMaxSize().background(AnalysisColors.BG), contentAlignment = Alignment.Center) {
  350 |         Column(
  351 |             Modifier.padding(32.dp),
  352 |             horizontalAlignment = Alignment.CenterHorizontally,
  353 |             verticalArrangement = Arrangement.spacedBy(12.dp)
  354 |         ) {
  355 |             Text(""📋"", fontSize = 56.sp)
  356 |             Text(stringResource(R.string.analysis_empty_title), style = MaterialTheme.typography.headlineSmall,
  357 |                 color = Color.White, fontWeight = FontWeight.Bold)
  358 |             Text(stringResource(R.string.analysis_empty_subtitle),
  359 |                 style = MaterialTheme.typography.bodyMedium,
  360 |                 color = Color.White.copy(alpha = 0.6f), textAlign = TextAlign.Center)
  361 |             Spacer(Modifier.height(8.dp))
  362 |             Button(
  363 |                 onClick = { navController.navigate(Route.BottomBar.Home.route) },
  364 |                 shape = RoundedCornerShape(12.dp),
  365 |                 colors = ButtonDefaults.buttonColors(containerColor = BLUE)
  366 |             ) {
  367 |                 Text(stringResource(R.string.action_build_team), modifier = Modifier.padding(horizontal = 16.dp, vertical = 4.dp))
  368 |             }
  369 |         }
  370 |     }
  371 | }"
pilot-0151,r0192,gautam84__Foodike,gautam84__Foodike/app/src/main/java/com/example/foodike/presentation/history/components/HistorySection.kt,68.0,HistorySection,missing_merge_descendants,NO_ISSUE,none,adjudicated,FP,NO_ISSUE,none,ISSUE,missing_merge_descendants,missing_semantics_role,,Card(,"   56 | import androidx.compose.ui.text.font.FontWeight
   57 | import androidx.compose.ui.unit.dp
   58 | import androidx.compose.ui.unit.sp
   59 | import com.example.foodike.R
   60 | 
   61 | @Composable
   62 | fun HistorySection() {
   63 |     Column(
   64 |         modifier = Modifier
   65 |             .fillMaxSize()
   66 |             .padding(16.dp)
   67 |     ) {
   68 |         Card(
   69 |             elevation = 16.dp
   70 |         ) {
   71 |             Column(
   72 |                 modifier = Modifier
   73 |                     .padding(12.dp)
   74 |             ) {
   75 |                 Row(
   76 |                     modifier = Modifier.fillMaxWidth(),
   77 |                     horizontalArrangement = Arrangement.SpaceBetween
   78 |                 ) {
   79 |                     Column() {
   80 |                         Text(text = ""Fish n Rolls"", fontWeight = FontWeight.Bold)
   81 |                         Text(
   82 |                             text = ""Tezpur"",
   83 |                             modifier = Modifier.alpha(0.5f),
   84 |                         )
   85 | 
   86 |                         Text(
   87 |                             text = ""13 Aug 2022, 11:12 PM"",
   88 |                             modifier = Modifier.alpha(0.5f),
   89 |                         )
   90 | 
   91 |                     }
   92 |                     Column(
   93 |                         horizontalAlignment = Alignment.End,
   94 |                     ) {
   95 |                         Text(
   96 |                             text = ""$7.90"",
   97 |                         )
   98 |                     }
   99 |                 }
  100 |                 Divider(
  101 |                     modifier = Modifier
  102 |                         .fillMaxWidth()
  103 |                         .padding(0.dp, 8.dp),
  104 |                 )
  105 |                 Row(
  106 |                     modifier = Modifier.fillMaxWidth(),
  107 |                     horizontalArrangement = Arrangement.SpaceBetween,
  108 |                     verticalAlignment = Alignment.CenterVertically"
pilot-0152,r0289,KaushalVasava__XPhotogram,KaushalVasava__XPhotogram/app/src/main/java/com/lahsuak/apps/instagram/ui/components/PostItem.kt,64.0,PostItem,missing_merge_descendants,NO_ISSUE,none,agreed,FP,NO_ISSUE,none,NO_ISSUE,none,missing_semantics_role,,Column(Modifier.padding(vertical = 4.dp)) {,"   52 | fun PostItem(
   53 |     post: Post,
   54 |     user: User,
   55 |     onImageClick: () -> Unit,
   56 |     onMoreClick: () -> Unit,
   57 | ) {
   58 |     var likes by remember {
   59 |         mutableIntStateOf(post.likeCount)
   60 |     }
   61 |     var isExpanded by remember {
   62 |         mutableStateOf(false)
   63 |     }
   64 |     Column(Modifier.padding(vertical = 4.dp)) {
   65 |         Row(
   66 |             modifier = Modifier.fillMaxWidth(),
   67 |             verticalAlignment = Alignment.CenterVertically
   68 |         ) {
   69 |             CircularImage(
   70 |                 imageUrl = user.profileImage,
   71 |                 imageSize = 40.dp,
   72 |                 modifier = Modifier
   73 |                     .padding(vertical = 8.dp, horizontal = 16.dp)
   74 |                     .clickable {
   75 |                         onImageClick()
   76 |                     }
   77 |             )
   78 |             Column(
   79 |                 modifier = Modifier
   80 |                     .weight(1f)
   81 |                     .padding(vertical = 4.dp)
   82 |             ) {
   83 |                 Text(user.name)
   84 |                 Spacer(modifier = Modifier.height(4.dp))
   85 |                 Text(
   86 |                     ""location"",
   87 |                     fontSize = 12.sp,
   88 |                     color = Color.Gray,
   89 |                     maxLines = 1,
   90 |                     overflow = TextOverflow.Ellipsis
   91 |                 )
   92 |             }
   93 |             Spacer(modifier = Modifier.width(8.dp))
   94 |             IconButton(onClick = {
   95 |                 onMoreClick()
   96 |             }) {
   97 |                 Icon(
   98 |                     imageVector = Icons.Default.MoreVert,
   99 |                     contentDescription = null,
  100 |                     Modifier.padding(8.dp)
  101 |                 )
  102 |             }
  103 |         }
  104 |         PostImage(imageUrl = post.postImage)"
pilot-0153,r0003,zhishengplus__ZhishengWeather,zhishengplus__ZhishengWeather/app/src/main/kotlin/com/zhisheng/weather/ui/WhatsNewDialog.kt,80.0,WhatsNewDialog,missing_merge_descendants,NO_ISSUE,none,agreed,FP,NO_ISSUE,none,NO_ISSUE,none,missing_heading_semantics,,Column(,"   63 | fun WhatsNewDialog(onClose: () -> Unit) {
   64 |     var page by rememberSaveable { mutableIntStateOf(0) }
   65 |     val pageCount = 5
   66 | 
   67 |     Dialog(
   68 |         onDismissRequest = onClose,
   69 |         properties = DialogProperties(usePlatformDefaultWidth = false),
   70 |     ) {
   71 |         BoxWithConstraints(
   72 |             modifier = Modifier
   73 |                 .fillMaxSize()
   74 |                 .background(ZhishengBg.copy(alpha = 0.90f))
   75 |                 .safeDrawingPadding()
   76 |                 .padding(12.dp),
   77 |             contentAlignment = Alignment.Center,
   78 |         ) {
   79 |             val panelHeight = minOf(maxHeight - 24.dp, 700.dp)
   80 |             Column(
   81 |                 modifier = Modifier
   82 |                     .fillMaxWidth()
   83 |                     .widthIn(max = 520.dp)
   84 |                     .heightIn(max = panelHeight)
   85 |                     .background(ZhishengSurface, RectangleShape)
   86 |                     .border(1.dp, ZhishengCyan.copy(alpha = 0.54f), RectangleShape),
   87 |             ) {
   88 |                 Row(
   89 |                     modifier = Modifier.fillMaxWidth().padding(start = 16.dp),
   90 |                     verticalAlignment = Alignment.CenterVertically,
   91 |                 ) {
   92 |                     Column(modifier = Modifier.weight(1f).padding(vertical = 14.dp)) {
   93 |                         Text(
   94 |                             ""ZHISHENG WEATHER / WHAT'S NEW"",
   95 |                             style = MaterialTheme.typography.labelSmall,
   96 |                             color = ZhishengCyan,
   97 |                             letterSpacing = 1.3.sp,
   98 |                         )
   99 |                         Text(
  100 |                             ""这次更新了什么"",
  101 |                             style = MaterialTheme.typography.titleLarge,
  102 |                             color = ZhishengText,
  103 |                             fontWeight = FontWeight.Bold,
  104 |                         )
  105 |                     }
  106 |                     Box(
  107 |                         modifier = Modifier.size(52.dp).clickable(role = Role.Button, onClick = onClose),
  108 |                         contentAlignment = Alignment.Center,
  109 |                     ) {
  110 |                         Text(""×"", style = MaterialTheme.typography.headlineSmall, color = ZhishengTextSecondary)
  111 |                     }
  112 |                 }
  113 | 
  114 |                 Row(
  115 |                     modifier = Modifier.fillMaxWidth().padding(horizontal = 16.dp),
  116 |                     horizontalArrangement = Arrangement.spacedBy(5.dp),
  117 |                 ) {
  118 |                     repeat(pageCount) { index ->
  119 |                         Box(
  120 |                             Modifier"
pilot-0154,r0224,jordond__MaterialKolor,jordond__MaterialKolor/builder/shared/src/commonMain/kotlin/com/materialkolor/builder/ui/components/ColorPicker.kt,115.0,ColorPickerDialog,missing_merge_descendants,NO_ISSUE,none,agreed,FP,NO_ISSUE,none,NO_ISSUE,none,"decorative_mislabeled,missing_heading_semantics",,Card(,"  103 |     val scope = rememberCoroutineScope()
  104 |     val clipboard = LocalClipboardManager.current
  105 |     val snackbar = LocalSnackbarHostState.current
  106 | 
  107 |     var selectedColor by remember { mutableStateOf(state.initial) }
  108 |     var selectedHex by remember { mutableStateOf(state.initial.toHex(includePrefix = false)) }
  109 |     var userHex by remember { mutableStateOf("""") }
  110 |     var hasEdited by remember(selectedColor) { mutableStateOf(false) }
  111 | 
  112 |     Dialog(
  113 |         onDismissRequest = onDismiss,
  114 |         content = {
  115 |             Card(
  116 |                 modifier = modifier
  117 |                     .requiredWidthIn(min = 300.dp, max = 400.dp)
  118 |                     .requiredHeightIn(min = 500.dp, max = 700.dp),
  119 |             ) {
  120 |                 Column(
  121 |                     verticalArrangement = Arrangement.spacedBy(16.dp),
  122 |                     horizontalAlignment = Alignment.CenterHorizontally,
  123 |                     modifier = Modifier
  124 |                         .padding(horizontal = 32.dp)
  125 |                         .padding(top = 32.dp, bottom = 16.dp),
  126 |                 ) {
  127 |                     Icon(
  128 |                         imageVector = Icons.Outlined.Palette,
  129 |                         contentDescription = ""Hero icon"",
  130 |                         tint = MaterialTheme.colorScheme.primary,
  131 |                     )
  132 | 
  133 |                     Text(
  134 |                         text = ""Color Picker"",
  135 |                         style = MaterialTheme.typography.headlineLarge.copy(
  136 |                             fontWeight = FontWeight.Normal,
  137 |                         ),
  138 |                     )
  139 | 
  140 |                     Text(
  141 |                         text = ""Select a color to use as the ${state.keyColor.name()} color"",
  142 |                         style = MaterialTheme.typography.bodyMedium.copy(
  143 |                             fontWeight = FontWeight.Normal,
  144 |                             textAlign = TextAlign.Center,
  145 |                         ),
  146 |                     )
  147 | 
  148 |                     Row(
  149 |                         verticalAlignment = Alignment.CenterVertically,
  150 |                         horizontalArrangement = Arrangement.SpaceBetween,
  151 |                         modifier = Modifier.fillMaxWidth(),
  152 |                     ) {
  153 |                         Text(
  154 |                             text = state.keyColor.name(),
  155 |                             style = MaterialTheme.typography.bodyLarge.copy("
pilot-0155,r0082,maxwhipw__marmalade-tts-android,maxwhipw__marmalade-tts-android/app/src/main/java/app/marmalade/tts/ui/screen/AdvancedSettingsScreen.kt,212.0,BenchmarkSection,missing_merge_descendants,HANDLED,none,adjudicated,FP,NO_ISSUE,none,HANDLED,none,missing_semantics_role,,ListItem(,"  200 |     )
  201 | }
  202 | 
  203 | /**
  204 |  * Debug-only entry point to the benchmark surface. Only shown when
  205 |  * `BuildConfig.DEBUG` (gated by AppRoot passing a non-null lambda).
  206 |  * Release builds never render this section.
  207 |  */
  208 | @Composable
  209 | private fun BenchmarkSection(onClick: () -> Unit) {
  210 |     SectionHeader(stringResource(R.string.settings_debug))
  211 | 
  212 |     ListItem(
  213 |         modifier = Modifier.clickable(onClick = onClick),
  214 |         headlineContent = { Text(stringResource(R.string.settings_benchmark)) },
  215 |         supportingContent = {
  216 |             Text(text = stringResource(R.string.settings_benchmark_desc))
  217 |         },
  218 |         trailingContent = {
  219 |             Icon(
  220 |                 imageVector = Icons.AutoMirrored.Filled.KeyboardArrowRight,
  221 |                 contentDescription = null,
  222 |             )
  223 |         },
  224 |         colors = ListItemDefaults.colors(containerColor = MaterialTheme.colorScheme.surface),
  225 |     )
  226 | }
  227 | 
  228 | // Same local copy LicensesScreen keeps — SectionHeader is file-private
  229 | // per screen rather than shared, so screens stay self-contained.
  230 | @Composable
  231 | private fun SectionHeader(label: String) {
  232 |     Text(
  233 |         text = label,
  234 |         style = MaterialTheme.typography.titleSmall,
  235 |         color = MaterialTheme.colorScheme.primary,
  236 |         modifier = Modifier
  237 |             .semantics { heading() }
  238 |             .padding(
  239 |                 start = 16.dp,
  240 |                 end = 16.dp,
  241 |                 top = 16.dp,
  242 |                 bottom = 4.dp,
  243 |             ),
  244 |     )
  245 | }"
pilot-0156,r0137,MohamadOday__iris-gallery,MohamadOday__iris-gallery/app/src/main/java/com/iris/gallery/ui/EditChoiceSheet.kt,198.0,EditChoiceBottomSheet,missing_merge_descendants,HANDLED,none,adjudicated,FP,NO_ISSUE,none,HANDLED,none,missing_semantics_role,,Card(,"  170 | fun EditChoiceBottomSheet(
  171 |     onDismiss: () -> Unit,
  172 |     onChooseBuiltIn: (rememberChoice: Boolean) -> Unit,
  173 |     onChooseExternal: (rememberChoice: Boolean) -> Unit,
  174 | ) {
  175 |     val sheetState = rememberModalBottomSheetState(skipPartiallyExpanded = true)
  176 |     var rememberChoice by remember { mutableStateOf(false) }
  177 | 
  178 |     ModalBottomSheet(
  179 |         onDismissRequest = onDismiss,
  180 |         sheetState = sheetState,
  181 |         containerColor = MaterialTheme.colorScheme.surfaceContainerLow,
  182 |         shape = RoundedCornerShape(topStart = 28.dp, topEnd = 28.dp),
  183 |     ) {
  184 |         Column(
  185 |             modifier = Modifier
  186 |                 .fillMaxWidth()
  187 |                 .navigationBarsPadding()
  188 |                 .padding(horizontal = 24.dp, vertical = 12.dp),
  189 |             verticalArrangement = Arrangement.spacedBy(16.dp),
  190 |         ) {
  191 |             Text(
  192 |                 text = stringResource(R.string.editor_choice_title),
  193 |                 style = MaterialTheme.typography.headlineSmall,
  194 |                 fontWeight = FontWeight.Bold,
  195 |             )
  196 | 
  197 |             // Built-in Iris Editor Option
  198 |             Card(
  199 |                 modifier = Modifier
  200 |                     .fillMaxWidth()
  201 |                     .clip(RoundedCornerShape(18.dp))
  202 |                     .clickable { onChooseBuiltIn(rememberChoice) },
  203 |                 colors = CardDefaults.cardColors(containerColor = MaterialTheme.colorScheme.surfaceContainerHigh),
  204 |                 shape = RoundedCornerShape(18.dp),
  205 |             ) {
  206 |                 Row(
  207 |                     modifier = Modifier
  208 |                         .fillMaxWidth()
  209 |                         .padding(16.dp),
  210 |                     verticalAlignment = Alignment.CenterVertically,
  211 |                     horizontalArrangement = Arrangement.spacedBy(16.dp),
  212 |                 ) {
  213 |                     Box(
  214 |                         modifier = Modifier
  215 |                             .size(48.dp)
  216 |                             .clip(CircleShape)
  217 |                             .background(
  218 |                                 Brush.linearGradient(
  219 |                                     colors = listOf(Color(0xFF9D34F5), Color(0xFF4F16D8))
  220 |                                 )
  221 |                             ),
  222 |                         contentAlignment = Alignment.Center
  223 |                     ) {
  224 |                         Icon(
  225 |                             imageVector = Icons.Outlined.AutoFixHigh,
  226 |                             contentDescription = null,
  227 |                             tint = Color.White,
  228 |                             modifier = Modifier.size(24.dp)
  229 |                         )
  230 |                     }
  231 |                     Column(modifier = Modifier.weight(1f)) {
  232 |                         Text(
  233 |                             text = stringResource(R.string.editor_builtin_title),
  234 |                             style = MaterialTheme.typography.titleMedium,
  235 |                             fontWeight = FontWeight.SemiBold
  236 |                         )
  237 |                         Text(
  238 |                             text = stringResource(R.string.editor_builtin_desc),"
pilot-0157,r0219,crome1394__point-forecast,crome1394__point-forecast/forecast-point/app/src/main/java/com/crome/forecastpoint/ui/screens/HazardExploreControls.kt,104.0,HazardScreenSettingsSection,missing_merge_descendants,NO_ISSUE,none,agreed,FP,NO_ISSUE,none,NO_ISSUE,none,missing_semantics_role,,Column(,"   89 | fun HazardScreenSettingsSection(
   90 |     accent: Color,
   91 |     expanded: Boolean,
   92 |     onExpandedChange: (Boolean) -> Unit,
   93 |     summary: String,
   94 |     onReset: (() -> Unit)? = null,
   95 |     content: @Composable () -> Unit,
   96 | ) {
   97 |     Surface(
   98 |         Modifier
   99 |             .fillMaxWidth()
  100 |             .padding(horizontal = 16.dp, vertical = 6.dp),
  101 |         color = SurfaceDark,
  102 |         shape = RoundedCornerShape(18.dp),
  103 |     ) {
  104 |         Column(
  105 |             Modifier
  106 |                 .background(
  107 |                     Brush.horizontalGradient(
  108 |                         listOf(accent.copy(alpha = 0.14f), Color.Transparent),
  109 |                     ),
  110 |                 ),
  111 |         ) {
  112 |             Row(
  113 |                 Modifier
  114 |                     .fillMaxWidth()
  115 |                     .clickable { onExpandedChange(!expanded) }
  116 |                     .padding(16.dp),
  117 |                 verticalAlignment = Alignment.CenterVertically,
  118 |             ) {
  119 |                 Icon(
  120 |                     Icons.Filled.Settings,
  121 |                     contentDescription = null,
  122 |                     tint = accent,
  123 |                     modifier = Modifier.size(22.dp),
  124 |                 )
  125 |                 Spacer(Modifier.width(10.dp))
  126 |                 Column(Modifier.weight(1f)) {
  127 |                     Text(
  128 |                         ""Settings"",
  129 |                         color = Color.White,
  130 |                         fontWeight = FontWeight.SemiBold,
  131 |                         fontSize = 15.sp,
  132 |                     )
  133 |                     Text(
  134 |                         if (expanded) {
  135 |                             ""Ad-hoc only — does not change app Settings defaults""
  136 |                         } else {
  137 |                             summary
  138 |                         },
  139 |                         color = OnSurfaceMuted,
  140 |                         fontSize = 11.sp,
  141 |                         maxLines = 2,
  142 |                     )
  143 |                 }
  144 |                 Icon("
pilot-0158,r0029,iOrchid__android-jetpack-demo,iOrchid__android-jetpack-demo/compose/src/main/java/org/zhiwei/compose/screen/basic/material3/ButtonScreen.kt,81.0,Button_Screen,missing_merge_descendants,NO_ISSUE,none,agreed,FP,NO_ISSUE,none,NO_ISSUE,none,,,Row(,"   69 | /**
   70 |  * 演示compose的Material3的Button按钮的使用，compose自身UI的库里面的button也是类似的
   71 |  */
   72 | @Composable
   73 | internal fun Button_Screen(modifier: Modifier = Modifier) {
   74 | 
   75 |     LazyColumn(modifier.fillMaxSize()) {
   76 | 
   77 |         item {
   78 |             Title_Text(title = ""Button"")
   79 |             //1、普通的常规属性
   80 |             Title_Desc_Text(desc = ""1、button 常用属性如圆角，禁用，图标，背景色阴影边框等"")
   81 |             Row(
   82 |                 Modifier
   83 |                     .fillMaxWidth()
   84 |                     .padding(5.dp), horizontalArrangement = Arrangement.SpaceEvenly
   85 |             ) {
   86 |                 Button(onClick = {/*点击事件是在这里处理*/ }) {
   87 |                     //Compose中Button也是个容器内部可以是文本，icon或者image都行，或者其他compose的
   88 |                     Text(text = ""Button"")
   89 |                 }
   90 |                 TextButton(onClick = { }) {
   91 |                     Text(text = ""TextButton"")
   92 |                 }
   93 |                 OutlinedButton(onClick = { }) {
   94 |                     Text(text = ""OutlinedButton"")
   95 |                 }
   96 |             }
   97 |             //按钮被禁用，enable=false的时候，默认的效果样式
   98 |             Row(
   99 |                 Modifier
  100 |                     .fillMaxWidth()
  101 |                     .padding(5.dp), horizontalArrangement = Arrangement.SpaceEvenly
  102 |             ) {
  103 |                 Button(onClick = {}, enabled = false) {
  104 |                     //Compose中Button也是个容器内部可以是文本，icon或者image都行，或者其他compose的
  105 |                     Text(text = ""Button"")
  106 |                 }
  107 |                 TextButton(onClick = { }, enabled = false) {
  108 |                     Text(text = ""TextButton"")
  109 |                 }
  110 |                 OutlinedButton(onClick = { }, enabled = false) {
  111 |                     Text(text = ""OutlinedButton"")
  112 |                 }
  113 |             }
  114 |             //shape属性
  115 |             Row(
  116 |                 Modifier
  117 |                     .fillMaxWidth()
  118 |                     .padding(5.dp), horizontalArrangement = Arrangement.SpaceEvenly
  119 |             ) {
  120 |                 Button(onClick = {}, shape = RectangleShape) {
  121 |                     //Compose中Button也是个容器内部可以是文本，icon或者image都行，或者其他compose的"
pilot-0159,r0154,MohamadOday__iris-gallery,MohamadOday__iris-gallery/app/src/main/java/com/iris/gallery/ui/ExifEditorSheet.kt,485.0,ExifEditorSheet,missing_merge_descendants,ISSUE,missing_merge_descendants,adjudicated,TP,NO_ISSUE,none,ISSUE,missing_merge_descendants,missing_heading_semantics,,Card(,"  473 |                                 FilterChip(
  474 |                                     selected = whiteBalance == 1,
  475 |                                     onClick = { whiteBalance = if (whiteBalance == 1) null else 1 },
  476 |                                     label = { Text(stringResource(R.string.details_white_balance_manual)) },
  477 |                                 )
  478 |                             }
  479 |                         }
  480 |                     }
  481 |                 }
  482 |                 2 -> {
  483 |                     // Location (GPS)
  484 |                     Column(verticalArrangement = Arrangement.spacedBy(12.dp)) {
  485 |                         Card(
  486 |                             modifier = Modifier.fillMaxWidth(),
  487 |                             colors = CardDefaults.cardColors(containerColor = MaterialTheme.colorScheme.surfaceVariant.copy(alpha = 0.5f)),
  488 |                             shape = RoundedCornerShape(16.dp),
  489 |                         ) {
  490 |                             Column(Modifier.padding(14.dp), verticalArrangement = Arrangement.spacedBy(8.dp)) {
  491 |                                 Row(verticalAlignment = Alignment.CenterVertically, horizontalArrangement = Arrangement.spacedBy(8.dp)) {
  492 |                                     Icon(Icons.Outlined.LocationOn, null, tint = MaterialTheme.colorScheme.primary)
  493 |                                     Text(stringResource(R.string.details_location), style = MaterialTheme.typography.titleMedium, fontWeight = FontWeight.SemiBold)
  494 |                                 }
  495 |                                 Text(
  496 |                                     stringResource(R.string.exif_remove_gps_desc),
  497 |                                     style = MaterialTheme.typography.bodySmall,
  498 |                                     color = MaterialTheme.colorScheme.onSurfaceVariant,
  499 |                                 )
  500 |                             }
  501 |                         }
  502 | 
  503 |                         OutlinedTextField(
  504 |                             value = latitudeStr,
  505 |                             onValueChange = {
  506 |                                 latitudeStr = it.filter { c -> c.isDigit() || c == '.' || c == '-' }
  507 |                                 if (latitudeStr.isNotBlank()) removeGps = false
  508 |                             },
  509 |                             label = { Text(stringResource(R.string.exif_latitude_label)) },
  510 |                             placeholder = { Text(""37.774929"") },
  511 |                             keyboardOptions = KeyboardOptions(keyboardType = KeyboardType.Decimal),
  512 |                             modifier = Modifier.fillMaxWidth(),
  513 |                             singleLine = true,
  514 |                             shape = RoundedCornerShape(12.dp),
  515 |                         )
  516 | 
  517 |                         OutlinedTextField(
  518 |                             value = longitudeStr,
  519 |                             onValueChange = {
  520 |                                 longitudeStr = it.filter { c -> c.isDigit() || c == '.' || c == '-' }
  521 |                                 if (longitudeStr.isNotBlank()) removeGps = false
  522 |                             },
  523 |                             label = { Text(stringResource(R.string.exif_longitude_label)) },
  524 |                             placeholder = { Text(""-122.419416"") },
  525 |                             keyboardOptions = KeyboardOptions(keyboardType = KeyboardType.Decimal),"
pilot-0160,r0162,zhishengplus__ZhishengWeather,zhishengplus__ZhishengWeather/app/src/main/kotlin/com/zhisheng/weather/ui/ContributorsDialog.kt,93.0,ContributorsDialog,missing_merge_descendants,NO_ISSUE,none,agreed,FP,NO_ISSUE,none,NO_ISSUE,none,missing_heading_semantics,,Column(,"   56 | fun ContributorsDialog(onClose: () -> Unit) {
   57 |     Dialog(
   58 |         onDismissRequest = onClose,
   59 |         properties = DialogProperties(usePlatformDefaultWidth = false),
   60 |     ) {
   61 |         BoxWithConstraints(
   62 |             modifier = Modifier
   63 |                 .fillMaxSize()
   64 |                 .background(ZhishengBg.copy(alpha = 0.82f))
   65 |                 .safeDrawingPadding()
   66 |                 .padding(12.dp),
   67 |             contentAlignment = Alignment.Center,
   68 |         ) {
   69 |             val panelMaxHeight = minOf(maxHeight - 24.dp, 620.dp)
   70 |             val columnCount = when {
   71 |                 maxWidth >= 760.dp -> 4
   72 |                 maxWidth >= 540.dp -> 3
   73 |                 else -> 2
   74 |             }
   75 |             var query by remember { mutableStateOf("""") }
   76 |             val visibleSections = remember(query) {
   77 |                 val needle = query.trim()
   78 |                 if (needle.isBlank()) {
   79 |                     CommunityContributorSections
   80 |                 } else {
   81 |                     CommunityContributorSections.mapNotNull { section ->
   82 |                         val matches = section.contributors.filter { contributor ->
   83 |                             contributor.contains(needle, ignoreCase = true)
   84 |                         }
   85 |                         section.copy(contributors = matches).takeIf { matches.isNotEmpty() }
   86 |                     }
   87 |                 }
   88 |             }
   89 |             val visibleCount = visibleSections.sumOf { it.contributors.size }
   90 |             val sequenceById = remember {
   91 |                 CommunityContributors.withIndex().associate { (index, contributor) -> contributor to index + 1 }
   92 |             }
   93 |             Column(
   94 |                 modifier = Modifier
   95 |                     .fillMaxWidth()
   96 |                     .widthIn(max = 520.dp)
   97 |                     .heightIn(max = panelMaxHeight)
   98 |                     .background(ZhishengSurface, RectangleShape)
   99 |                     .border(1.dp, ZhishengCardBorder, RectangleShape),
  100 |             ) {
  101 |                 Row(
  102 |                     modifier = Modifier.fillMaxWidth().padding(start = 16.dp),
  103 |                     verticalAlignment = Alignment.CenterVertically,
  104 |                 ) {
  105 |                     Column(modifier = Modifier.weight(1f).padding(vertical = 14.dp)) {
  106 |                         Text(
  107 |                             ""COMMUNITY / ${CommunityContributors.size}"",
  108 |                             style = MaterialTheme.typography.labelSmall,
  109 |                             color = ZhishengCyan,
  110 |                             letterSpacing = 1.4.sp,
  111 |                         )
  112 |                         Text(
  113 |                             ""社区贡献者"",
  114 |                             style = MaterialTheme.typography.titleLarge,
  115 |                             color = ZhishengText,
  116 |                             fontWeight = FontWeight.Bold,
  117 |                         )
  118 |                     }
  119 |                     Box(
  120 |                         modifier = Modifier
  121 |                             .size(52.dp)
  122 |                             .clickable(role = Role.Button, onClick = onClose),
  123 |                         contentAlignment = Alignment.Center,
  124 |                     ) {
  125 |                         Text(""×"", style = MaterialTheme.typography.headlineSmall, color = ZhishengTextSecondary)
  126 |                     }
  127 |                 }
  128 | 
  129 |                 HorizontalDivider(thickness = 1.dp, color = ZhishengCardBorder)
  130 |                 Text(
  131 |                     ""感谢每一次认真试用、具体反馈与真诚支持。名单按参与方式整理，也可以直接搜索自己的酷安 ID。"",
  132 |                     style = MaterialTheme.typography.bodyMedium,
  133 |                     color = ZhishengTextSecondary,"
pilot-0161,r0283,christianrowlands__android-network-survey,christianrowlands__android-network-survey/networksurvey/src/main/java/com/craxiom/networksurvey/ui/nsanalytics/NsAnalyticsConnectionScreen.kt,868.0,WorkspaceStatusCard,missing_semantics_role,ISSUE,missing_semantics_role,adjudicated,TP,ISSUE,missing_semantics_role,ISSUE,missing_interaction_semantics,touch_target_size,CATEGORY ONLY: both agree on verdict; pick category,modifier = Modifier.clickable {,"  856 | 
  857 |                 Text(
  858 |                     text = workspaceName ?: ""Unknown Workspace"",
  859 |                     style = MaterialTheme.typography.titleMedium,
  860 |                     color = Color.White,
  861 |                     fontWeight = FontWeight.Bold,
  862 |                     modifier = Modifier.padding(vertical = 4.dp)
  863 |                 )
  864 | 
  865 |                 workspaceId?.let { id ->
  866 |                     Row(
  867 |                         verticalAlignment = Alignment.CenterVertically,
  868 |                         modifier = Modifier.clickable {
  869 |                             copyTextToClipboard(
  870 |                                 context,
  871 |                                 context.getString(R.string.workspace_id_clip_label),
  872 |                                 id,
  873 |                                 context.getString(R.string.workspace_id_copied),
  874 |                             )
  875 |                         }
  876 |                     ) {
  877 |                         Text(
  878 |                             text = ""ID: ${id.take(8)}..."",
  879 |                             style = MaterialTheme.typography.bodySmall,
  880 |                             color = Color.Gray
  881 |                         )
  882 |                         Spacer(modifier = Modifier.width(4.dp))
  883 |                         Icon(
  884 |                             painter = painterResource(R.drawable.ic_copy),
  885 |                             contentDescription = ""Copy ID"",
  886 |                             tint = Color.Gray,
  887 |                             modifier = Modifier.size(14.dp)
  888 |                         )
  889 |                     }
  890 |                 }
  891 | 
  892 |                 Spacer(modifier = Modifier.height(8.dp))
  893 | 
  894 |                 Text(
  895 |                     text = ""Ready to collect and upload survey data"",
  896 |                     style = MaterialTheme.typography.bodySmall,
  897 |                     color = Color.Gray
  898 |                 )
  899 | 
  900 |                 workspaceId?.let { id ->
  901 |                     Spacer(modifier = Modifier.height(8.dp))
  902 | 
  903 |                     Row(
  904 |                         verticalAlignment = Alignment.CenterVertically,
  905 |                         modifier = Modifier.clickable {
  906 |                             val encodedId = Uri.encode(id)
  907 |                             openUrlInBrowser(
  908 |                                 context,"
pilot-0162,r0243,bernaferrari__SDKMonitor,bernaferrari__SDKMonitor/shared/src/commonMain/kotlin/com/bernaferrari/sdkmonitor/ui/settings/components/ThemeModeToggle.kt,213.0,ThemeColorItem,missing_semantics_role,HANDLED,none,adjudicated,FP,NO_ISSUE,none,HANDLED,none,,,.clickable(,"  201 |                     stiffness = Spring.StiffnessMedium,
  202 |                 ),
  203 |             label = ""${palette.token}CheckProgress"",
  204 |         )
  205 |     val borderWidth = (2.dp * borderProgress).coerceAtLeast(0.dp)
  206 |     val innerRadius = (cornerRadius - borderWidth - 2.dp).coerceAtLeast(0.dp)
  207 | 
  208 |     Box(
  209 |         modifier =
  210 |             Modifier
  211 |                 .size(44.dp)
  212 |                 .clip(RoundedCornerShape(16.dp))
  213 |                 .clickable(
  214 |                     interactionSource = interactionSource,
  215 |                     indication = null,
  216 |                     onClick = {
  217 |                         if (!isSelected) {
  218 |                             haptics.performHapticFeedback(HapticFeedbackType.LongPress)
  219 |                             onClick()
  220 |                         }
  221 |                     },
  222 |                 ).semantics {
  223 |                     role = Role.RadioButton
  224 |                     selected = isSelected
  225 |                     contentDescription = palette.displayName()
  226 |                 },
  227 |         contentAlignment = Alignment.Center,
  228 |     ) {
  229 |         Box(
  230 |             modifier =
  231 |                 Modifier
  232 |                     .size(36.dp)
  233 |                     .rotate(rotation)
  234 |                     .clip(RoundedCornerShape(cornerRadius))
  235 |                     .background(swatchBrush)
  236 |                     .padding(borderWidth)
  237 |                     .clip(RoundedCornerShape((cornerRadius - borderWidth).coerceAtLeast(0.dp)))
  238 |                     .background(borderColor)
  239 |                     .padding(2.dp)
  240 |                     .clip(RoundedCornerShape(innerRadius))
  241 |                     .background(swatchBrush),
  242 |             contentAlignment = Alignment.Center,
  243 |         ) {
  244 |             if (palette == ThemePalette.DYNAMIC && !isSelected) {
  245 |                 Icon(
  246 |                     imageVector = MaterialSymbols.Filled.Palette,
  247 |                     contentDescription = null,
  248 |                     modifier = Modifier.size(16.dp).rotate(-rotation),
  249 |                     tint = MaterialTheme.colorScheme.onPrimary,
  250 |                 )
  251 |             }
  252 |             Icon(
  253 |                 imageVector = MaterialSymbols.Filled.Check,"
pilot-0163,r0205,CarGuo__GSYGithubAppCompose,CarGuo__GSYGithubAppCompose/core/ui/src/main/java/com/shuyu/gsygithubappcompose/core/ui/components/AvatarImage.kt,32.0,AvatarImage,missing_semantics_role,ISSUE,missing_interaction_semantics,adjudicated,FP_DETECTOR,ISSUE,missing_semantics_role,ISSUE,missing_interaction_semantics,"clickable_icon_not_iconbutton,decorative_mislabeled",CATEGORY ONLY: both agree on verdict; pick category,.clickable {,"   19 | fun AvatarImage(
   20 |     url: String,
   21 |     username: String?,
   22 |     modifier: Modifier = Modifier,
   23 |     size: Dp = 40.dp,
   24 | ) {
   25 |     val navigator = LocalNavigator.current
   26 |     SubcomposeAsyncImage(
   27 |         model = url,
   28 |         contentDescription = ""Avatar"",
   29 |         modifier = modifier
   30 |             .size(size)
   31 |             .clip(CircleShape)
   32 |             .clickable {
   33 |                 username?.apply {
   34 |                     navigator.navigate(""person/$this"")
   35 |                 }
   36 |             },
   37 |         contentScale = ContentScale.Crop,
   38 |         loading = {
   39 |             Box(
   40 |                 modifier = Modifier.size(size),
   41 |                 contentAlignment = Alignment.Center
   42 |             ) {
   43 |                 CircularProgressIndicator(modifier = Modifier.size(20.dp))
   44 |             }
   45 |         }
   46 |     )
   47 | }"
pilot-0164,r0081,EventFahrplan__EventFahrplan,EventFahrplan__EventFahrplan/app/src/main/java/nerd/tuxmobil/fahrplan/congress/settings/widgets/EngelsystemShiftsUrlPreference.kt,29.0,EngelsystemShiftsUrlPreference,missing_semantics_role,ISSUE,missing_semantics_role,adjudicated,TP,ISSUE,missing_semantics_role,NO_ISSUE,none,,R2 missing Role.Button on clickable container,.clickable(onClick = onClick),"   17 | 
   18 | @Composable
   19 | internal fun EngelsystemShiftsUrlPreference(
   20 |     engelsystemShiftsUrl: String,
   21 |     showDivider: Boolean = false,
   22 |     onClick: () -> Unit,
   23 | ) {
   24 |     PreferenceItemContainer(showDivider = showDivider) {
   25 |         Column(
   26 |             modifier = Modifier
   27 |                 .fillMaxWidth()
   28 |                 .minimumInteractiveComponentSize()
   29 |                 .clickable(onClick = onClick)
   30 |                 .padding(
   31 |                     horizontal = PREFERENCE_HORIZONTAL_PADDING_DP.dp,
   32 |                     vertical = PREFERENCE_VERTICAL_PADDING_DP.dp,
   33 |                 )
   34 |         ) {
   35 |             Text(
   36 |                 text = stringResource(R.string.preference_title_engelsystem_json_export_url),
   37 |                 style = EventFahrplanTheme.typography.preferenceTitle,
   38 |             )
   39 | 
   40 |             Text(
   41 |                 text = if (engelsystemShiftsUrl.isEmpty()) {
   42 |                     AnnotatedString.fromHtml(
   43 |                         stringResource(
   44 |                             R.string.preference_summary_engelsystem_json_export_url,
   45 |                             stringResource(R.string.engelsystem_alias)
   46 |                         )
   47 |                     )
   48 |                 } else {
   49 |                     // Truncate to keep the key private.
   50 |                     AnnotatedString(""${engelsystemShiftsUrl.dropLast(23)}…"")
   51 |                 },
   52 |                 style = EventFahrplanTheme.typography.bodyMedium,
   53 |             )
   54 |         }
   55 |     }
   56 | }"
pilot-0165,r0032,IacobIonut01__ReFra,IacobIonut01__ReFra/app/src/main/kotlin/com/dot/gallery/cloud/ui/people/PeopleListScreen.kt,254.0,PersonGridItem,missing_semantics_role,ISSUE,missing_semantics_role,adjudicated,TP,ISSUE,missing_semantics_role,NO_ISSUE,none,missing_content_description,R2 missing Role.Button on clickable container,".clickable(onClick = onClick),","  239 | private fun PersonGridItem(
  240 |     person: PersonInfo,
  241 |     onClick: () -> Unit
  242 | ) {
  243 |     Column(
  244 |         horizontalAlignment = Alignment.CenterHorizontally,
  245 |         verticalArrangement = Arrangement.spacedBy(16.dp)
  246 |     ) {
  247 |         if (person.thumbnailUrl != null) {
  248 |             GlideImage(
  249 |                 model = person.thumbnailUrl.toUri(),
  250 |                 contentDescription = person.name,
  251 |                 modifier = Modifier
  252 |                     .size(100.dp)
  253 |                     .clip(CircleShape)
  254 |                     .clickable(onClick = onClick),
  255 |                 contentScale = ContentScale.Crop
  256 |             )
  257 |         } else {
  258 |             Box(
  259 |                 modifier = Modifier
  260 |                     .size(100.dp)
  261 |                     .clip(CircleShape)
  262 |                     .background(MaterialTheme.colorScheme.surfaceVariant)
  263 |                     .clickable(onClick = onClick),
  264 |                 contentAlignment = Alignment.Center
  265 |             ) {
  266 |                 Icon(
  267 |                     Icons.Outlined.Person, null,
  268 |                     modifier = Modifier.size(48.dp),
  269 |                     tint = MaterialTheme.colorScheme.onSurfaceVariant
  270 |                 )
  271 |             }
  272 |         }
  273 |         Text(
  274 |             text = person.name.ifBlank { stringResource(R.string.cloud_people_unknown) },
  275 |             style = MaterialTheme.typography.bodyLarge,
  276 |             textAlign = TextAlign.Center,
  277 |             maxLines = 1,
  278 |             overflow = TextOverflow.Ellipsis
  279 |         )
  280 |     }
  281 | }"
pilot-0166,r0020,FreezeYou__FreezeYou,FreezeYou__FreezeYou/app/src/main/java/cf/playhi/freezeyou/ui/AboutActivity.kt,67.0,AboutScreen,missing_semantics_role,ISSUE,missing_interaction_semantics,adjudicated,FP_DETECTOR,ISSUE,missing_semantics_role,ISSUE,missing_interaction_semantics,missing_interaction_semantics,CATEGORY ONLY: both agree on verdict; pick category,modifier = Modifier.fillMaxWidth().clickable { showWelcomeDialog() },"   44 |     private fun AboutScreen() {
   45 |         val entries = listOf(
   46 |             stringResource(R.string.hToUse),
   47 |             stringResource(R.string.faq),
   48 |             stringResource(R.string.helpTranslate),
   49 |             stringResource(R.string.thanksList),
   50 |             stringResource(R.string.visitWebsite),
   51 |             stringResource(R.string.contactUs),
   52 |             stringResource(R.string.update),
   53 |             stringResource(R.string.thirdPartyOpenSourceLicenses),
   54 |             ""V${VersionUtils.getVersionName(applicationContext)}"" +
   55 |                 ""(${VersionUtils.getVersionCode(applicationContext)})""
   56 |         )
   57 |         Column(Modifier.fillMaxSize().padding(5.dp)) {
   58 |             Column(
   59 |                 modifier = Modifier.fillMaxWidth().padding(50.dp),
   60 |                 horizontalAlignment = Alignment.CenterHorizontally
   61 |             ) {
   62 |                 Text(
   63 |                     text = stringResource(R.string.app_name),
   64 |                     fontSize = 36.sp,
   65 |                     fontWeight = FontWeight.Bold,
   66 |                     textAlign = TextAlign.Center,
   67 |                     modifier = Modifier.fillMaxWidth().clickable { showWelcomeDialog() }
   68 |                 )
   69 |                 Text(
   70 |                     text = ""V ${VersionUtils.getVersionCode(this@AboutActivity)}"",
   71 |                     color = androidx.compose.ui.graphics.Color.Gray,
   72 |                     fontStyle = FontStyle.Italic,
   73 |                     textAlign = TextAlign.Center,
   74 |                     modifier = Modifier.fillMaxWidth().clickable {
   75 |                         requestOpenWebSite(
   76 |                             this@AboutActivity,
   77 |                             ""https://www.zidon.net/"" +
   78 |                                 ""${getString(R.string.correspondingAndAvailableWebsiteUrlLanguageCode)}/changelog/""
   79 |                         )
   80 |                     }
   81 |                 )
   82 |             }
   83 |             LazyColumn(Modifier.fillMaxSize()) {
   84 |                 itemsIndexed(entries) { index, label ->
   85 |                     Text(
   86 |                         text = label,
   87 |                         modifier = Modifier.fillMaxWidth()
   88 |                             .clickable { onEntryClick(index) }
   89 |                             .padding(horizontal = 16.dp, vertical = 14.dp)
   90 |                     )
   91 |                 }
   92 |             }
   93 |         }
   94 |     }
   95 | 
   96 |     private fun onEntryClick(position: Int) {
   97 |         when (position) {
   98 |             0 -> requestOpenWebSite(
   99 |                 this,
  100 |                 ""https://www.zidon.net/${getString(R.string.correspondingAndAvailableWebsiteUrlLanguageCode)}/guide/how-to-use.html""
  101 |             )
  102 |             1 -> requestOpenWebSite(
  103 |                 this,
  104 |                 ""https://www.zidon.net/${getString(R.string.correspondingAndAvailableWebsiteUrlLanguageCode)}/faq/""
  105 |             )
  106 |             2 -> requestOpenWebSite(
  107 |                 this,"
pilot-0167,r0266,NicosNicolaou16__Pokedex_Compose,NicosNicolaou16__Pokedex_Compose/app/src/main/java/com/nicos/pokedex_compose/presentation/generic_compose_views/Toolbar.kt,47.0,CustomToolbar,missing_semantics_role,ISSUE,clickable_icon_not_iconbutton,agreed,TP_OTHER,ISSUE,clickable_icon_not_iconbutton,ISSUE,clickable_icon_not_iconbutton,"missing_content_description,missing_semantics_role",,.clickable { backButton() },"   27 | fun CustomToolbar(title: Int, backButton: (() -> Unit)? = null) {
   28 |     CenterAlignedTopAppBar(
   29 |         title = {
   30 |             Text(
   31 |                 stringResource(title),
   32 |                 style = TextStyle(
   33 |                     color = Color.White,
   34 |                     fontWeight = FontWeight.Bold,
   35 |                     fontSize = 21.sp
   36 |                 )
   37 |             )
   38 |         },
   39 |         navigationIcon = {
   40 |             if (backButton != null)
   41 |                 Image(
   42 |                     painter = painterResource(id = R.drawable.baseline_arrow_back_24),
   43 |                     contentDescription = null,
   44 |                     colorFilter = ColorFilter.tint(color = Color.White),
   45 |                     contentScale = ContentScale.Inside,
   46 |                     modifier = Modifier
   47 |                         .clickable { backButton() }
   48 |                         .fillMaxHeight()
   49 |                         .width(width = 50.dp)
   50 |                 )
   51 |         },
   52 |         colors = TopAppBarDefaults.topAppBarColors(
   53 |             containerColor = GreenLight
   54 |         )
   55 |     )
   56 | }
   57 | 
   58 | @OptIn(ExperimentalMaterial3Api::class)
   59 | @Composable
   60 | fun CustomToolbar(title: String, color: Color = GreenLight, backButton: (() -> Unit)? = null) {
   61 |     CenterAlignedTopAppBar(
   62 |         title = {
   63 |             Text(
   64 |                 title,
   65 |                 style = TextStyle(
   66 |                     color = Color.White,
   67 |                     fontWeight = FontWeight.Bold,
   68 |                     fontSize = 21.sp
   69 |                 )
   70 |             )
   71 |         },
   72 |         navigationIcon = {
   73 |             if (backButton != null)
   74 |                 Image(
   75 |                     painter = painterResource(id = R.drawable.baseline_arrow_back_24),
   76 |                     contentDescription = null,
   77 |                     colorFilter = ColorFilter.tint(color = Color.White),
   78 |                     contentScale = ContentScale.Inside,
   79 |                     modifier = Modifier
   80 |                         .clickable { backButton() }
   81 |                         .fillMaxHeight()
   82 |                         .width(width = 50.dp)
   83 |                 )
   84 |         },
   85 |         colors = TopAppBarDefaults.topAppBarColors(
   86 |             containerColor = color
   87 |         )"
pilot-0168,r0124,Nevodev__Cresto,Nevodev__Cresto/app/src/main/java/com/nevoit/cresto/ui/components/glasense/GlasenseDialog.kt,202.0,GlasenseDialogButton,missing_semantics_role,ISSUE,missing_interaction_semantics,adjudicated,FP_DETECTOR,NO_ISSUE,none,ISSUE,missing_interaction_semantics,,,.clickable(,"  190 |                     launch { alphaAni2.animateTo(1f, tween(300)) }
  191 |                 }
  192 |             }
  193 |         }
  194 | 
  195 |         BackHandler { }
  196 |         Box(modifier = Modifier.fillMaxSize(), contentAlignment = Alignment.Center) {
  197 |             Box(
  198 |                 modifier = Modifier
  199 |                     .fillMaxSize()
  200 |                     .graphicsLayer { alpha = alphaAni2.value }
  201 |                     .background(Color.Black.copy(.4f))
  202 |                     .clickable(
  203 |                         interactionSource = interactionSource,
  204 |                         indication = null,
  205 |                         enabled = true,
  206 |                         onClick = {})
  207 |             )
  208 | 
  209 |             Box(
  210 |                 modifier = modifier
  211 |                     .width(screenWidth - 48.dp * 2)
  212 |                     .drawBehind {
  213 |                         val currentAlpha = alphaAni.value
  214 | 
  215 |                         if (currentAlpha > 0f) {
  216 |                             val paintColor =
  217 |                                 shadowBaseColor.copy(alpha = shadowBaseColor.alpha * currentAlpha)
  218 |                             shadowPaint.color = paintColor.toArgb()
  219 | 
  220 |                             drawIntoCanvas { canvas ->
  221 |                                 canvas.save()
  222 |                                 canvas.translate(0f, shadowDyPx)
  223 | 
  224 |                                 val outline = dialogShape.createOutline(size, layoutDirection, this)
  225 | 
  226 |                                 when (outline) {
  227 |                                     is androidx.compose.ui.graphics.Outline.Rectangle -> {
  228 |                                         canvas.nativeCanvas.drawRect(
  229 |                                             outline.rect.left,
  230 |                                             outline.rect.top,
  231 |                                             outline.rect.right,
  232 |                                             outline.rect.bottom,
  233 |                                             shadowPaint
  234 |                                         )
  235 |                                     }
  236 | 
  237 |                                     is androidx.compose.ui.graphics.Outline.Rounded -> {
  238 |                                         canvas.nativeCanvas.drawRoundRect(
  239 |                                             outline.roundRect.left, outline.roundRect.top,
  240 |                                             outline.roundRect.right, outline.roundRect.bottom,
  241 |                                             outline.roundRect.bottomLeftCornerRadius.x,
  242 |                                             outline.roundRect.bottomLeftCornerRadius.y,"
pilot-0169,r0133,Waboodoo__HTTP-Shortcuts,Waboodoo__HTTP-Shortcuts/HTTPShortcuts/app/src/main/kotlin/ch/rmy/android/http_shortcuts/activities/documentation/DocumentationScreen.kt,200.0,SearchBar,missing_semantics_role,ISSUE,clickable_icon_not_iconbutton,adjudicated,TP_OTHER,ISSUE,clickable_icon_not_iconbutton,NO_ISSUE,none,"missing_semantics_role,touch_target_size",R3 named but roleless raw .clickable; confirm <48dp if downgrading,.clickable(,"  188 |                 text = ""$current/$total"",
  189 |                 maxLines = 1,
  190 |                 fontSize = FontSize.SMALL,
  191 |             )
  192 |         }
  193 | 
  194 |         Row(modifier = Modifier.padding(end = Spacing.SMALL)) {
  195 |             val enabled = results?.second?.let { it > 1 } == true
  196 |             Icon(
  197 |                 painterResource(R.drawable.outline_keyboard_arrow_up_24),
  198 |                 contentDescription = stringResource(R.string.accessibility_search_go_to_previous),
  199 |                 modifier = Modifier
  200 |                     .clickable(
  201 |                         interactionSource = remember { MutableInteractionSource() },
  202 |                         indication = ripple(bounded = false),
  203 |                         enabled = enabled,
  204 |                         onClick = {
  205 |                             onNext(SearchDirection.PREVIOUS)
  206 |                         },
  207 |                     )
  208 |                     .padding(horizontal = Spacing.SMALL)
  209 |                     .runIf(!enabled) {
  210 |                         alpha(0.3f)
  211 |                     },
  212 |             )
  213 |             Icon(
  214 |                 painterResource(R.drawable.outline_keyboard_arrow_down_24),
  215 |                 contentDescription = stringResource(R.string.accessibility_search_go_to_next),
  216 |                 modifier = Modifier
  217 |                     .clickable(
  218 |                         interactionSource = remember { MutableInteractionSource() },
  219 |                         indication = ripple(bounded = false),
  220 |                         enabled = enabled,
  221 |                         onClick = {
  222 |                             onNext(SearchDirection.NEXT)
  223 |                         },
  224 |                     )
  225 |                     .padding(horizontal = Spacing.SMALL)
  226 |                     .runIf(!enabled) {
  227 |                         alpha(0.3f)
  228 |                     },
  229 |             )
  230 |         }
  231 | 
  232 |         LaunchedEffect(Unit) {
  233 |             focusRequester.requestFocus()
  234 |             delay(50.milliseconds)
  235 |             keyboard?.show()
  236 |         }
  237 |     }
  238 | }"
pilot-0170,r0277,iOrchid__android-jetpack-demo,iOrchid__android-jetpack-demo/compose/src/main/java/org/zhiwei/compose/screen/basic/SurfaceShapeClickable.kt,241.0,SurfaceCase,missing_semantics_role,ISSUE,missing_interaction_semantics,adjudicated,TP_OTHER,ISSUE,missing_content_description,ISSUE,missing_semantics_role,missing_semantics_role,CATEGORY ONLY: both agree on verdict; pick category,.clickable(onClick = {,"  229 | 
  230 |     Text(
  231 |         text = ""4、Surface面板可以嵌套，层叠，可实现x、y轴的偏移，以及区域的裁剪效果。"",
  232 |         fontSize = 12.sp,
  233 |         fontWeight = FontWeight.Light
  234 |     )
  235 |     //通过不同的点击区域，来感知surface的裁剪范围
  236 |     val context = LocalContext.current
  237 |     Box(
  238 |         modifier = Modifier
  239 |             .fillMaxWidth()
  240 |             .wrapContentHeight()
  241 |             .clickable(onClick = {
  242 |                 Toast
  243 |                     .makeText(context, ""外层Box容器被点击"", Toast.LENGTH_SHORT)
  244 |                     .show()
  245 |             })
  246 |     ) {
  247 |         //内部surface进行嵌套，偏移和剪裁
  248 |         Surface(
  249 |             modifier = Modifier
  250 |                 .size(150.dp)
  251 |                 .padding(12.dp)
  252 |                 .clickable(onClick = {
  253 |                     Toast
  254 |                         .makeText(context, ""点击了黄色的面板"", Toast.LENGTH_SHORT)
  255 |                         .show()
  256 |                 }),
  257 |             shape = RoundedCornerShape(10.dp),
  258 |             color = Color(0xFFFDD835),
  259 |             shadowElevation = 10.dp,
  260 |         ) {
  261 |             //内部嵌套surface，所以其不会多出外层的surface之外去
  262 |             Surface(
  263 |                 modifier = Modifier
  264 |                     .size(80.dp)
  265 |                     //进行位置偏移
  266 |                     .offset(x = 50.dp, y = (-20).dp)
  267 |                     .clickable(onClick = {
  268 |                         Toast
  269 |                             .makeText(context, ""Blue面板Clicked"", Toast.LENGTH_SHORT)
  270 |                             .show()
  271 |                     }),
  272 |                 shape = RoundedCornerShape(10.dp),
  273 |                 color = Color(0xFF26C6DA),
  274 |                 shadowElevation = 12.dp,
  275 |             ) {}
  276 |         }
  277 |         //之所以使用Box做最外层容器，就是为了这里更好的显示偏移效果，如果是行列排布，就不那么明显。因为Box默认元素左上角。
  278 |         Surface(
  279 |             modifier = Modifier
  280 |                 .size(110.dp)
  281 |                 .padding(12.dp)"
pilot-0171,r0169,Nevodev__Cresto,Nevodev__Cresto/app/src/main/java/com/nevoit/cresto/ui/components/glasense/GlasenseMenu.kt,525.0,CustomSelectiveMenuItem,missing_semantics_role,ISSUE,missing_state_description,agreed,TP_OTHER,ISSUE,missing_state_description,ISSUE,missing_state_description,missing_semantics_role,,.clickable(,"  513 | private fun CustomSelectiveMenuItem(
  514 |     text: String,
  515 |     icon: Painter? = null,
  516 |     isSelected: () -> Boolean,
  517 |     onClick: () -> Unit
  518 | ) {
  519 |     val contentColor = AppColors.content
  520 |     val interactionSource = remember { MutableInteractionSource() }
  521 |     Row(
  522 |         modifier = Modifier
  523 |             .height(48.dp)
  524 |             .fillMaxWidth()
  525 |             .clickable(
  526 |                 interactionSource = interactionSource,
  527 |                 onClick = onClick,
  528 |                 indication = DimIndication()
  529 |             )
  530 |             .padding(horizontal = 16.dp),
  531 |         verticalAlignment = Alignment.CenterVertically,
  532 |         horizontalArrangement = Arrangement.SpaceBetween
  533 |     ) {
  534 |         if (isSelected()) {
  535 |             Icon(
  536 |                 painter = painterResource(R.drawable.ic_checkmark),
  537 |                 contentDescription = text,
  538 |                 tint = AppColors.primary,
  539 |                 modifier = Modifier
  540 |                     .size(24.dp)
  541 |                     .offset(x = (-4).dp)
  542 |             )
  543 |         } else {
  544 |             Spacer(modifier = Modifier.size(24.dp))
  545 |         }
  546 |         Spacer(modifier = Modifier.width(4.dp))
  547 |         Text(
  548 |             text = text,
  549 |             color = contentColor,
  550 |             fontSize = 16.sp,
  551 |             lineHeight = 16.sp,
  552 |             modifier = Modifier.weight(1f)
  553 |         )
  554 |         if (icon != null) {
  555 |             Icon(
  556 |                 painter = icon,
  557 |                 contentDescription = text,
  558 |                 tint = contentColor,
  559 |                 modifier = Modifier.size(24.dp)
  560 |             )
  561 |         }
  562 |     }
  563 | }"
pilot-0172,r0188,Darkrock-Studios__FastTrack,Darkrock-Studios__FastTrack/app/src/main/java/com/darkrockstudios/apps/fasttrack/screens/settings/SettingsScreen.kt,296.0,SettingsActionItem,missing_semantics_role,ISSUE,missing_semantics_role,adjudicated,TP,ISSUE,missing_semantics_role,NO_ISSUE,none,,R2 missing Role.Button on clickable container,modifier = Modifier.clickable { onClick() },"  277 | private fun SettingsActionItem(
  278 | 	@StringRes headline: Int,
  279 | 	@StringRes details: Int,
  280 | 	onClick: () -> Unit
  281 | ) {
  282 | 	ListItem(
  283 | 		headlineContent = {
  284 | 			Text(
  285 | 				text = stringResource(id = headline),
  286 | 				style = MaterialTheme.typography.labelLarge,
  287 | 				fontWeight = FontWeight.Bold
  288 | 			)
  289 | 		},
  290 | 		supportingContent = {
  291 | 			Text(
  292 | 				text = stringResource(id = details),
  293 | 				style = MaterialTheme.typography.bodySmall
  294 | 			)
  295 | 		},
  296 | 		modifier = Modifier.clickable { onClick() }
  297 | 	)
  298 | }"
pilot-0173,r0122,uditbhaskar__Whizzz-The-ChatApp,uditbhaskar__Whizzz-The-ChatApp/core/ui/src/main/kotlin/com/example/whizzz/core/ui/WhizzzProfileGroupedFields.kt,76.0,WhizzzProfileDetailRow,missing_semantics_role,ISSUE,missing_semantics_role,adjudicated,TP,ISSUE,missing_semantics_role,NO_ISSUE,none,,R2 missing Role.Button on clickable container,modifier.clickable(onClick = onClick),"   64 |  */
   65 | @Composable
   66 | fun WhizzzProfileDetailRow(
   67 |     label: String,
   68 |     value: String,
   69 |     modifier: Modifier = Modifier,
   70 |     onClick: (() -> Unit)? = null,
   71 |     valueMaxLines: Int = Int.MAX_VALUE,
   72 |     showChevron: Boolean = false,
   73 | ) {
   74 |     val rowModifier =
   75 |         if (onClick != null) {
   76 |             modifier.clickable(onClick = onClick)
   77 |         } else {
   78 |             modifier
   79 |         }
   80 |     Column(
   81 |         modifier = rowModifier
   82 |             .fillMaxWidth()
   83 |             .padding(horizontal = 16.dp, vertical = 14.dp),
   84 |     ) {
   85 |         Text(
   86 |             text = label,
   87 |             color = WhizzzProfileMuted,
   88 |             fontSize = 14.sp,
   89 |         )
   90 |         Spacer(Modifier.height(6.dp))
   91 |         Row(
   92 |             modifier = Modifier.fillMaxWidth(),
   93 |             verticalAlignment = Alignment.Top,
   94 |         ) {
   95 |             Text(
   96 |                 text = value,
   97 |                 modifier = Modifier.weight(1f),
   98 |                 color = ProfileGroupedValueColor,
   99 |                 fontSize = 17.sp,
  100 |                 maxLines = valueMaxLines,
  101 |                 overflow = TextOverflow.Ellipsis,
  102 |             )
  103 |             if (showChevron) {
  104 |                 Icon(
  105 |                     imageVector = Icons.Default.ChevronRight,
  106 |                     contentDescription = null,
  107 |                     tint = WhizzzProfileMuted,
  108 |                     modifier = Modifier.padding(start = 8.dp, top = 2.dp),
  109 |                 )
  110 |             }
  111 |         }
  112 |     }
  113 | }
  114 | 
  115 | /**
  116 |  * Inset divider between rows inside [WhizzzProfileGroupedList]."
pilot-0174,r0065,OMGSoundboard__android-app,OMGSoundboard__android-app/app/src/main/java/audio/omgsoundboard/presentation/composables/AboutItem.kt,20.0,AboutItem,missing_semantics_role,ISSUE,missing_semantics_role,adjudicated,TP,ISSUE,missing_semantics_role,NO_ISSUE,none,touch_target_size,R2 missing Role.Button on clickable container,".clickable { onClick() },","    8 | import androidx.compose.ui.Alignment
    9 | import androidx.compose.ui.Modifier
   10 | import androidx.compose.ui.res.painterResource
   11 | import androidx.compose.ui.res.stringResource
   12 | import androidx.compose.ui.unit.dp
   13 | 
   14 | 
   15 | @Composable
   16 | fun AboutItem(icon: Int, title: Int, onClick: () -> Unit){
   17 |     Row(
   18 |         modifier = Modifier
   19 |             .padding(horizontal = 16.dp, vertical = 12.dp)
   20 |             .clickable { onClick() },
   21 |         horizontalArrangement = Arrangement.Start,
   22 |         verticalAlignment = Alignment.CenterVertically
   23 |     ) {
   24 | 
   25 |         Icon(
   26 |             painter = painterResource(id = icon),
   27 | 
   28 |             contentDescription = null
   29 |         )
   30 |         Spacer(modifier = Modifier.width(16.dp))
   31 |         Text(
   32 |             text = stringResource(id = title),
   33 |         )
   34 | 
   35 |     }
   36 | }"
pilot-0175,r0273,crome1394__point-forecast,crome1394__point-forecast/forecast-point/app/src/main/java/com/crome/forecastpoint/MainActivity.kt,1111.0,AppDrawer,missing_semantics_role,ISSUE,missing_semantics_role,adjudicated,TP,ISSUE,missing_semantics_role,NO_ISSUE,none,pointerinput_no_semantics,R2 missing Role.Button on clickable container,".clickable(enabled = draggingIndex < 0, onClick = onClick)"," 1099 |                                                 if (to != from) {
 1100 |                                                     val next = order.toMutableList()
 1101 |                                                     val item = next.removeAt(from)
 1102 |                                                     next.add(to, item)
 1103 |                                                     order = next
 1104 |                                                     draggingIndex = to
 1105 |                                                     dragOffsetY -= shift * rowHeightPx
 1106 |                                                 }
 1107 |                                             }
 1108 |                                         },
 1109 |                                     )
 1110 |                                 }
 1111 |                                 .clickable(enabled = draggingIndex < 0, onClick = onClick)
 1112 |                                 .padding(horizontal = 6.dp),
 1113 |                             verticalAlignment = Alignment.CenterVertically,
 1114 |                         ) {
 1115 |                             Icon(
 1116 |                                 Icons.Filled.DragHandle,
 1117 |                                 contentDescription = ""Drag to reorder"",
 1118 |                                 tint = Color(0xFF78909C),
 1119 |                                 modifier = Modifier.size(16.dp),
 1120 |                             )
 1121 |                             Spacer(Modifier.width(4.dp))
 1122 |                             Icon(
 1123 |                                 icon,
 1124 |                                 contentDescription = null,
 1125 |                                 tint = Color.White,
 1126 |                                 modifier = Modifier.size(20.dp),
 1127 |                             )
 1128 |                             Spacer(Modifier.width(10.dp))
 1129 |                             Text(
 1130 |                                 label,
 1131 |                                 color = Color.White,
 1132 |                                 fontSize = 14.sp,
 1133 |                                 modifier = Modifier.weight(1f),
 1134 |                             )
 1135 |                         }
 1136 |                     }
 1137 |                 }
 1138 |             }
 1139 | 
 1140 |             HorizontalDivider(
 1141 |                 color = Color(0xFF37474F),
 1142 |                 modifier = Modifier.padding(vertical = 2.dp),
 1143 |             )
 1144 | 
 1145 |             HorizontalDivider(
 1146 |                 color = Color(0xFF37474F),
 1147 |                 modifier = Modifier.padding(vertical = 2.dp),
 1148 |             )
 1149 | 
 1150 |             // Saved cities: same layout as menu rows above (plain Column, NO verticalScroll).
 1151 |             // Scroll parents cancel long-press before drag can start."
pilot-0176,r0010,zhishengplus__ZhishengWeather,zhishengplus__ZhishengWeather/app/src/main/kotlin/com/zhisheng/weather/ui/LandscapeStandbyScreen.kt,167.0,LandscapeStandbyScreen,missing_semantics_role,ISSUE,missing_interaction_semantics,adjudicated,FP_DETECTOR,ISSUE,missing_semantics_role,ISSUE,missing_interaction_semantics,touch_target_size,CATEGORY ONLY: both agree on verdict; pick category,"modifier = Modifier.clickable(onClick = onRefresh).padding(8.dp),","  155 |                                 color = ZhishengOrange,
  156 |                                 fontWeight = FontWeight.Bold,
  157 |                             )
  158 |                             Text(
  159 |                                 ""ZHISHENG AMBIENT TERMINAL / ${BuildConfig.VERSION_NAME}"",
  160 |                                 style = MaterialTheme.typography.labelSmall,
  161 |                                 color = ZhishengTextTertiary,
  162 |                                 letterSpacing = 2.sp,
  163 |                             )
  164 |                         }
  165 |                         Text(
  166 |                             ""● ${if (uiState.loading) ""SYNC"" else ""LIVE""}"",
  167 |                             modifier = Modifier.clickable(onClick = onRefresh).padding(8.dp),
  168 |                             style = MaterialTheme.typography.labelMedium,
  169 |                             color = if (uiState.loading) ZhishengOrange else ZhishengMint,
  170 |                             letterSpacing = 1.5.sp,
  171 |                         )
  172 |                     }
  173 | 
  174 |                     Row(verticalAlignment = Alignment.Bottom) {
  175 |                         Text(
  176 |                             clock,
  177 |                             fontSize = clockSize,
  178 |                             lineHeight = clockSize,
  179 |                             color = ZhishengText,
  180 |                             fontWeight = FontWeight.Bold,
  181 |                             letterSpacing = (-7).sp,
  182 |                         )
  183 |                         Spacer(Modifier.width(14.dp))
  184 |                         Text(
  185 |                             seconds,
  186 |                             modifier = Modifier.padding(bottom = secondsBaseline),
  187 |                             style = MaterialTheme.typography.headlineSmall,
  188 |                             color = ZhishengCyan,
  189 |                             fontWeight = FontWeight.Bold,
  190 |                         )
  191 |                     }
  192 | 
  193 |                     Column {
  194 |                         Row(verticalAlignment = Alignment.CenterVertically) {
  195 |                             Text(date, style = MaterialTheme.typography.titleLarge, color = ZhishengTextSecondary)
  196 |                             Spacer(Modifier.width(18.dp))
  197 |                             Text(
  198 |                                 uiState.selectedCity?.let { Fmt.coordinates(it.latitude, it.longitude) }.orEmpty(),
  199 |                                 style = MaterialTheme.typography.labelMedium,
  200 |                                 color = ZhishengTextTertiary,
  201 |                                 letterSpacing = 1.sp,
  202 |                             )
  203 |                         }
  204 |                         Spacer(Modifier.height(9.dp))
  205 |                         Box(Modifier.fillMaxWidth().height(1.dp).background(ZhishengCyan.copy(alpha = 0.5f)))
  206 |                     }
  207 |                 }"
pilot-0177,r0138,maxwhipw__marmalade-tts-android,maxwhipw__marmalade-tts-android/app/src/main/java/app/marmalade/tts/ui/screen/AdvancedSettingsScreen.kt,213.0,BenchmarkSection,missing_semantics_role,NO_ISSUE,none,agreed,FP,NO_ISSUE,none,NO_ISSUE,none,missing_semantics_role,,"modifier = Modifier.clickable(onClick = onClick),","  201 | }
  202 | 
  203 | /**
  204 |  * Debug-only entry point to the benchmark surface. Only shown when
  205 |  * `BuildConfig.DEBUG` (gated by AppRoot passing a non-null lambda).
  206 |  * Release builds never render this section.
  207 |  */
  208 | @Composable
  209 | private fun BenchmarkSection(onClick: () -> Unit) {
  210 |     SectionHeader(stringResource(R.string.settings_debug))
  211 | 
  212 |     ListItem(
  213 |         modifier = Modifier.clickable(onClick = onClick),
  214 |         headlineContent = { Text(stringResource(R.string.settings_benchmark)) },
  215 |         supportingContent = {
  216 |             Text(text = stringResource(R.string.settings_benchmark_desc))
  217 |         },
  218 |         trailingContent = {
  219 |             Icon(
  220 |                 imageVector = Icons.AutoMirrored.Filled.KeyboardArrowRight,
  221 |                 contentDescription = null,
  222 |             )
  223 |         },
  224 |         colors = ListItemDefaults.colors(containerColor = MaterialTheme.colorScheme.surface),
  225 |     )
  226 | }
  227 | 
  228 | // Same local copy LicensesScreen keeps — SectionHeader is file-private
  229 | // per screen rather than shared, so screens stay self-contained.
  230 | @Composable
  231 | private fun SectionHeader(label: String) {
  232 |     Text(
  233 |         text = label,
  234 |         style = MaterialTheme.typography.titleSmall,
  235 |         color = MaterialTheme.colorScheme.primary,
  236 |         modifier = Modifier
  237 |             .semantics { heading() }
  238 |             .padding(
  239 |                 start = 16.dp,
  240 |                 end = 16.dp,
  241 |                 top = 16.dp,
  242 |                 bottom = 4.dp,
  243 |             ),
  244 |     )
  245 | }"
pilot-0178,r0143,THEbluefirestudios__memeboard-fdroid,THEbluefirestudios__memeboard-fdroid/app/src/main/java/com/bluefirestudios/memeboard/MainActivity.kt,574.0,SoundButton,missing_semantics_role,ISSUE,clickable_icon_not_iconbutton,adjudicated,TP_OTHER,ISSUE,missing_content_description,ISSUE,clickable_icon_not_iconbutton,"missing_content_description;touch_target_size,missing_semantics_role,touch_target_size",CATEGORY ONLY: both agree on verdict; pick category,".clickable { onRemove() },","  562 |                 )
  563 |             }
  564 |         }
  565 | 
  566 |         if (isEditMode && !isDragged) {
  567 |             Box(
  568 |                 modifier = Modifier
  569 |                     .align(Alignment.TopEnd)
  570 |                     .offset(4.dp, (-4).dp)
  571 |                     .size(24.dp)
  572 |                     .clip(CircleShape)
  573 |                     .background(Color(0xFFFF5252))
  574 |                     .clickable { onRemove() },
  575 |                 contentAlignment = Alignment.Center
  576 |             ) {
  577 |                 Icon(Icons.Default.Close, null, tint = Color.White, modifier = Modifier.size(16.dp))
  578 |             }
  579 |             Box(
  580 |                 modifier = Modifier
  581 |                     .align(Alignment.BottomEnd)
  582 |                     .offset(4.dp, 4.dp)
  583 |                     .size(24.dp)
  584 |                     .clip(CircleShape)
  585 |                     .background(Color(0xFF1976D2))
  586 |                     .clickable { onRename() },
  587 |                 contentAlignment = Alignment.Center
  588 |             ) {
  589 |                 Icon(Icons.Default.Edit, null, tint = Color.White, modifier = Modifier.size(14.dp))
  590 |             }
  591 |         }
  592 |     }
  593 | }"
pilot-0179,r0139,dmzz-yyhyy__LightNovelReader,dmzz-yyhyy__LightNovelReader/api/src/main/kotlin/io/nightfish/lightnovelreader/api/ui/components/SettingsEntry.kt,93.0,SettingsSwitchEntry,missing_semantics_role,ISSUE,missing_state_description,adjudicated,TP_OTHER,ISSUE,missing_state_description,ISSUE,missing_semantics_role,"decorative_mislabeled,missing_semantics_role,missing_state_description;missing_interaction_semantics",CATEGORY ONLY: both agree on verdict; pick category,.clickable(enabled = !disabled) { onCheckedChange(!checked) },"   81 |     painter: Painter? = null,
   82 |     title: String,
   83 |     description: String,
   84 |     checked: Boolean,
   85 |     onCheckedChange: (Boolean) -> Unit,
   86 |     disabled: Boolean = false
   87 | ) {
   88 |     Row(
   89 |         modifier = Modifier
   90 |             .clip(RoundedCornerShape(4.dp))
   91 |             .then(modifier)
   92 |             .fillMaxWidth()
   93 |             .clickable(enabled = !disabled) { onCheckedChange(!checked) }
   94 |             .padding(horizontal = 22.dp)
   95 |             .padding(vertical = 12.dp),
   96 |         verticalAlignment = Alignment.CenterVertically
   97 |     ) {
   98 |         painter?.let {
   99 |             Icon(
  100 |                 modifier = Modifier.padding(end = 22.dp).size(24.dp),
  101 |                 painter = it,
  102 |                 tint = colorScheme.onSurfaceVariant,
  103 |                 contentDescription = ""Icon""
  104 |             )
  105 |         }
  106 | 
  107 |         Column(
  108 |             modifier = Modifier.weight(1f)
  109 |         ) {
  110 |             Text(
  111 |                 text = title,
  112 |                 color = colorScheme.onSurface,
  113 |                 style = typography.headlineSmall
  114 |             )
  115 |             Text(
  116 |                 text = description,
  117 |                 color = colorScheme.onSurfaceVariant,
  118 |                 style = typography.bodyMedium
  119 |             )
  120 |         }
  121 | 
  122 |         Box(
  123 |             modifier = Modifier
  124 |                 .width(60.dp)
  125 |                 .fillMaxHeight(),
  126 |             contentAlignment = Alignment.CenterEnd
  127 |         ) {
  128 |             Switch(
  129 |                 checked = checked,
  130 |                 enabled = !disabled,
  131 |                 onCheckedChange = if (disabled) null else onCheckedChange
  132 |             )
  133 |         }"
pilot-0180,r0097,Hamza417__Peristyle,Hamza417__Peristyle/app/src/main/java/app/simple/peri/ui/commons/MenuItemWithCheckbox.kt,43.0,MenuItemWithCheckbox,missing_semantics_role,ISSUE,missing_semantics_role,agreed,TP,ISSUE,missing_semantics_role,ISSUE,missing_semantics_role,"missing_state_description,missing_state_description;missing_interaction_semantics",,.clickable(,"   29 | fun MenuItemWithCheckbox(
   30 |         text: String,
   31 |         summary: String? = null,
   32 |         isChecked: Boolean = false,
   33 |         onCheckedChange: (Boolean) -> Unit,
   34 |         isDestructive: Boolean = false,
   35 |         @SuppressLint(""ModifierParameter"") modifier: Modifier = Modifier
   36 | ) {
   37 |     val interactionSource = remember { MutableInteractionSource() }
   38 |     val isChecked = remember { mutableStateOf(isChecked) }
   39 | 
   40 |     Row(
   41 |             modifier = modifier
   42 |                 .fillMaxWidth()
   43 |                 .clickable(
   44 |                         interactionSource = interactionSource,
   45 |                         indication = ripple(color = MaterialTheme.colorScheme.primary)
   46 |                 ) {
   47 |                     isChecked.value = !isChecked.value
   48 |                     onCheckedChange(isChecked.value)
   49 |                 }
   50 |                 .padding(horizontal = 4.dp, vertical = 12.dp),
   51 |             verticalAlignment = Alignment.CenterVertically,
   52 |             horizontalArrangement = Arrangement.Start
   53 |     ) {
   54 |         Checkbox(
   55 |                 checked = isChecked.value,
   56 |                 onCheckedChange = {
   57 |                     isChecked.value = it
   58 |                     onCheckedChange(it)
   59 |                 },
   60 |                 modifier = Modifier.size(24.dp)
   61 |         )
   62 | 
   63 |         Spacer(modifier = Modifier.width(16.dp))
   64 | 
   65 |         if (summary != null) {
   66 |             Column {
   67 |                 Text(
   68 |                         text = text,
   69 |                         fontSize = DIALOG_OPTION_FONT_SIZE,
   70 |                         fontWeight = FontWeight.Bold,
   71 |                         color = if (isDestructive) {
   72 |                             MaterialTheme.colorScheme.error
   73 |                         } else {
   74 |                             MaterialTheme.colorScheme.onSurface
   75 |                         },
   76 |                         maxLines = 1,
   77 |                         overflow = TextOverflow.Ellipsis
   78 |                 )
   79 | 
   80 |                 Text(
   81 |                         text = summary,
   82 |                         fontSize = PREF_SUMMARY_SIZE,
   83 |                         fontWeight = FontWeight.Normal,"
pilot-0181,r0051,chmouel__noise-timer,chmouel__noise-timer/app/src/main/kotlin/com/chmouel/noisetimer/MainActivity.kt,312.0,NoiseTimerScreen,missing_state_description,HANDLED,none,adjudicated,FP,NO_ISSUE,none,HANDLED,none,,,.toggleable(,"  300 |                         ) {
  301 |                             Text(stringResource(R.string.set))
  302 |                         }
  303 |                     }
  304 | 
  305 |                     Spacer(Modifier.height(14.dp))
  306 | 
  307 |                     Row(
  308 |                         verticalAlignment = Alignment.CenterVertically,
  309 |                         horizontalArrangement = Arrangement.SpaceBetween,
  310 |                         modifier = Modifier
  311 |                             .fillMaxWidth()
  312 |                             .toggleable(
  313 |                                 value = state.fadeOutEnabled,
  314 |                                 role = Role.Switch,
  315 |                                 onValueChange = { checked -> NoiseEngine.setFadeOutEnabled(checked) },
  316 |                             ),
  317 |                     ) {
  318 |                         Text(stringResource(R.string.fade_out_label))
  319 |                         Switch(
  320 |                             checked = state.fadeOutEnabled,
  321 |                             onCheckedChange = null,
  322 |                             colors = SwitchDefaults.colors(checkedTrackColor = accent),
  323 |                         )
  324 |                     }
  325 |                 }
  326 |             }
  327 | 
  328 |             Spacer(Modifier.height(28.dp))
  329 | 
  330 |             if (state.isPlaying && state.timerMinutes > 0) {
  331 |                 Text(
  332 |                     text = formatMillis(state.remainingMillis),
  333 |                     style = MaterialTheme.typography.displayLarge,
  334 |                     color = accent,
  335 |                 )
  336 |             } else {
  337 |                 Text(
  338 |                     text = stringResource(R.string.no_timer),
  339 |                     style = MaterialTheme.typography.bodyMedium,
  340 |                     color = MaterialTheme.colorScheme.onSurfaceVariant,
  341 |                 )
  342 |             }
  343 | 
  344 |             Spacer(Modifier.height(24.dp))
  345 |         }
  346 |     }
  347 | }
  348 | 
  349 | @Composable
  350 | private fun NoiseCard(
  351 |     type: NoiseType,
  352 |     selected: Boolean,"
pilot-0182,r0109,demosten-com__SrednaBG,demosten-com__SrednaBG/android/app/src/main/kotlin/com/demosten/srednabg/app/ui/screens/SettingsScreen.kt,136.0,SettingsScreen,missing_state_description,ISSUE,missing_merge_descendants,adjudicated,FP_DETECTOR,ISSUE,missing_merge_descendants,ISSUE,missing_interaction_semantics,missing_merge_descendants,CATEGORY ONLY: both agree on verdict; pick category,Switch(,"  124 |         ) {
  125 |             Column(modifier = Modifier.weight(1f)) {
  126 |                 Text(
  127 |                     text = stringResource(R.string.setting_voice_alerts),
  128 |                     style = MaterialTheme.typography.titleMedium,
  129 |                 )
  130 |                 Text(
  131 |                     text = stringResource(R.string.setting_voice_alerts_desc),
  132 |                     style = MaterialTheme.typography.bodyMedium,
  133 |                     color = MaterialTheme.colorScheme.onSurfaceVariant,
  134 |                 )
  135 |             }
  136 |             Switch(
  137 |                 checked = voiceEnabled,
  138 |                 onCheckedChange = { viewModel.setVoiceEnabled(it) },
  139 |             )
  140 |         }
  141 | 
  142 |         Spacer(modifier = Modifier.height(12.dp))
  143 | 
  144 |         // Periodic voice updates — sub-toggle under Voice alerts
  145 |         Row(
  146 |             modifier = Modifier.fillMaxWidth(),
  147 |             verticalAlignment = Alignment.CenterVertically,
  148 |         ) {
  149 |             Column(modifier = Modifier.weight(1f)) {
  150 |                 Text(
  151 |                     text = stringResource(R.string.setting_periodic_updates),
  152 |                     style = MaterialTheme.typography.titleMedium,
  153 |                 )
  154 |                 Text(
  155 |                     text = stringResource(R.string.setting_periodic_updates_desc),
  156 |                     style = MaterialTheme.typography.bodyMedium,
  157 |                     color = MaterialTheme.colorScheme.onSurfaceVariant,
  158 |                 )
  159 |             }
  160 |             Switch(
  161 |                 checked = periodicVoiceUpdates,
  162 |                 onCheckedChange = { viewModel.setPeriodicVoiceUpdates(it) },
  163 |                 enabled = voiceEnabled,
  164 |             )
  165 |         }
  166 | 
  167 |         Spacer(modifier = Modifier.height(12.dp))
  168 | 
  169 |         // Only-when-over-limit — nested under Periodic voice updates
  170 |         Row(
  171 |             modifier = Modifier.fillMaxWidth().padding(start = 16.dp),
  172 |             verticalAlignment = Alignment.CenterVertically,
  173 |         ) {
  174 |             Column(modifier = Modifier.weight(1f)) {
  175 |                 Text(
  176 |                     text = stringResource(R.string.setting_overspeed_only),"
pilot-0183,r0015,zhishengplus__ZhishengWeather,zhishengplus__ZhishengWeather/app/src/main/kotlin/com/zhisheng/weather/ui/SettingsScreen.kt,1118.0,ToggleRow,missing_state_description,HANDLED,none,adjudicated,FP,NO_ISSUE,none,HANDLED,none,,,".toggleable(value = checked, role = Role.Switch) { onToggle() }"," 1106 |                     )
 1107 |                 }
 1108 |             }
 1109 |         }
 1110 |     }
 1111 | }
 1112 | 
 1113 | @Composable
 1114 | private fun ToggleRow(label: String, hint: String, checked: Boolean, onToggle: () -> Unit) {
 1115 |     Row(
 1116 |         modifier = Modifier.fillMaxWidth()
 1117 |             // 单一 toggleable 事件源：Switch 只负责绘制，避免父子点击同时触发。
 1118 |             .toggleable(value = checked, role = Role.Switch) { onToggle() }
 1119 |             .padding(horizontal = 16.dp, vertical = 8.dp),
 1120 |         verticalAlignment = Alignment.CenterVertically,
 1121 |     ) {
 1122 |         Column(Modifier.weight(1f)) {
 1123 |             Text(label, style = MaterialTheme.typography.titleSmall, color = ZhishengText)
 1124 |             Text(hint, style = MaterialTheme.typography.labelSmall, color = ZhishengTextTertiary)
 1125 |         }
 1126 |         Switch(
 1127 |             checked = checked,
 1128 |             onCheckedChange = null,
 1129 |             colors = SwitchDefaults.colors(
 1130 |                 checkedThumbColor = ZhishengBg,
 1131 |                 checkedTrackColor = ZhishengMint,
 1132 |                 uncheckedThumbColor = ZhishengTextTertiary,
 1133 |                 uncheckedTrackColor = ZhishengCardBorder,
 1134 |                 uncheckedBorderColor = ZhishengCardBorder,
 1135 |             ),
 1136 |         )
 1137 |     }
 1138 | }
 1139 | 
 1140 | @Composable
 1141 | private fun ModuleOrderEditor(
 1142 |     order: List<HomeModule>,
 1143 |     onMove: (from: Int, to: Int) -> Unit,
 1144 | ) {
 1145 |     order.forEachIndexed { index, module ->
 1146 |         Row(
 1147 |             modifier = Modifier.fillMaxWidth().padding(start = 16.dp, end = 8.dp, top = 8.dp, bottom = 8.dp),
 1148 |             verticalAlignment = Alignment.CenterVertically,
 1149 |         ) {
 1150 |             Text(
 1151 |                 ""%02d"".format(index + 1),
 1152 |                 style = MaterialTheme.typography.labelSmall,
 1153 |                 color = ZhishengOrange,
 1154 |                 fontWeight = FontWeight.Bold,
 1155 |             )
 1156 |             Spacer(Modifier.width(10.dp))
 1157 |             Column(Modifier.weight(1f)) {
 1158 |                 Text(module.cn, style = MaterialTheme.typography.titleSmall, color = ZhishengText)"
pilot-0184,r0104,iOrchid__android-jetpack-demo,iOrchid__android-jetpack-demo/compose/src/main/java/org/zhiwei/compose/screen/basic/material3/WidgetScreen.kt,343.0,UI_Radio,missing_state_description,ISSUE,missing_interaction_semantics,adjudicated,FP_DETECTOR,ISSUE,missing_semantics_role,ISSUE,missing_interaction_semantics,missing_merge_descendants,CATEGORY ONLY: both agree on verdict; pick category,"RadioButton(selected = isRadioSelected, onClick = { isRadioSelected = !isRadioSelected })","  331 | 
  332 | }
  333 | 
  334 | @Composable
  335 | private fun UI_Radio() {
  336 |     Title_Text(title = ""RadioButton"")
  337 |     Title_Sub_Text(title = ""RadioButton可单个使用，一般也是用在radioGroup中组合使用"")
  338 |     //在compose中，每个基础控件都是细颗粒度的，通过多样化组合来实现想要的效果
  339 |     var isRadioSelected by remember { mutableStateOf(true) }
  340 |     Title_Desc_Text(desc = ""常规使用，启用与禁用的状态，及点击选中，颜色配置等"")
  341 |     Row(modifier = Modifier.fillMaxWidth(), horizontalArrangement = Arrangement.SpaceEvenly) {
  342 |         // 可用状态
  343 |         RadioButton(selected = isRadioSelected, onClick = { isRadioSelected = !isRadioSelected })
  344 |         RadioButton(
  345 |             selected = !isRadioSelected,
  346 |             onClick = { isRadioSelected = !isRadioSelected },
  347 |             colors = RadioButtonDefaults.colors(
  348 |                 selectedColor = Color(0xffE91E63),
  349 |                 unselectedColor = Color(0xffFFEB3B),
  350 |                 disabledSelectedColor = Color(0XFF607D8B),
  351 |                 disabledUnselectedColor = Color(0XFF997D8B),
  352 |             )
  353 |         )
  354 |         // 禁用状态
  355 |         RadioButton(
  356 |             enabled = false,
  357 |             selected = false,
  358 |             onClick = {},
  359 |             colors = RadioButtonDefaults.colors(
  360 |                 disabledSelectedColor = Color(0XFF607D8B)
  361 |             )
  362 |         )
  363 |         RadioButton(
  364 |             enabled = false,
  365 |             selected = true,
  366 |             onClick = {},
  367 |             colors = RadioButtonDefaults.colors(
  368 |                 disabledSelectedColor = Color(0xff607D8B)
  369 |             )
  370 |         )
  371 |     }
  372 |     Title_Sub_Text(title = ""二选一效果RadioGroup"")
  373 |     Title_Desc_Text(desc = ""点击切换选择"")
  374 |     Spacer(Modifier.height(8.dp))
  375 |     //演示 二选一
  376 |     var state by remember { mutableStateOf(true) }
  377 |     Row(
  378 |         Modifier
  379 |             .selectableGroup()
  380 |             .padding(8.dp)
  381 |     ) {
  382 |         RadioButton(
  383 |             selected = state,"
pilot-0185,r0123,hwki__SimpleBitcoinWidget,hwki__SimpleBitcoinWidget/bitcoin/src/main/java/com/brentpanther/bitcoinwidget/ui/settings/SettingsComponents.kt,385.0,RadioDialogItem,missing_state_description,HANDLED,none,adjudicated,FP,NO_ISSUE,none,HANDLED,none,,,RadioButton(,"  368 | private fun RadioDialogItem(
  369 |     item: String,
  370 |     selected: Boolean,
  371 |     onClick: () -> Unit
  372 | ) {
  373 |     Row(
  374 |         Modifier
  375 |             .fillMaxWidth()
  376 |             .height(48.dp)
  377 |             .selectable(
  378 |                 selected = selected,
  379 |                 onClick = onClick,
  380 |                 role = Role.RadioButton
  381 |             )
  382 |             .padding(horizontal = 20.dp),
  383 |         verticalAlignment = Alignment.CenterVertically
  384 |     ) {
  385 |         RadioButton(
  386 |             selected = selected,
  387 |             onClick = null
  388 |         )
  389 |         Text(
  390 |             text = item,
  391 |             style = MaterialTheme.typography.bodyLarge,
  392 |             modifier = Modifier.padding(start = 16.dp)
  393 |         )
  394 |     }
  395 | }"
pilot-0186,r0064,norsehorse-dev__BurnPonyAndroid,norsehorse-dev__BurnPonyAndroid/app/src/main/kotlin/com/burnpony/app/ui/compose/ComposeScreen.kt,520.0,ToggleRow,missing_state_description,ISSUE,missing_merge_descendants,adjudicated,FP_DETECTOR,ISSUE,missing_merge_descendants,ISSUE,missing_interaction_semantics,missing_merge_descendants,CATEGORY ONLY: both agree on verdict; pick category,Switch(,"  508 |     Text(
  509 |         text,
  510 |         style = MaterialTheme.typography.bodySmall,
  511 |         color = BurnPonyTheme.dim,
  512 |     )
  513 | }
  514 | 
  515 | @Composable
  516 | private fun ToggleRow(label: String, checked: Boolean, onCheckedChange: (Boolean) -> Unit) {
  517 |     Row(verticalAlignment = Alignment.CenterVertically, modifier = Modifier.fillMaxWidth()) {
  518 |         Text(label, color = BurnPonyTheme.ink)
  519 |         Spacer(Modifier.weight(1f))
  520 |         Switch(
  521 |             checked = checked,
  522 |             onCheckedChange = onCheckedChange,
  523 |             colors = SwitchDefaults.colors(
  524 |                 checkedTrackColor = BurnPonyTheme.ember,
  525 |                 checkedThumbColor = BurnPonyTheme.buttonInk,
  526 |             ),
  527 |         )
  528 |     }
  529 | }
  530 | 
  531 | @Composable
  532 | private fun ChoiceRow(
  533 |     choices: List<Pair<Int, Int>>,
  534 |     selected: Int,
  535 |     onSelect: (Int) -> Unit,
  536 | ) {
  537 |     Row(
  538 |         modifier = Modifier
  539 |             .fillMaxWidth()
  540 |             .horizontalScroll(rememberScrollState()),
  541 |         horizontalArrangement = Arrangement.spacedBy(8.dp),
  542 |     ) {
  543 |         for ((labelRes, value) in choices) {
  544 |             val isSelected = value == selected
  545 |             Text(
  546 |                 text = stringResource(labelRes),
  547 |                 style = MaterialTheme.typography.bodySmall,
  548 |                 color = if (isSelected) BurnPonyTheme.buttonInk else BurnPonyTheme.ink,
  549 |                 modifier = Modifier
  550 |                     .background(
  551 |                         if (isSelected) BurnPonyTheme.ember else BurnPonyTheme.fieldBackground,
  552 |                         RoundedCornerShape(8.dp),
  553 |                     )
  554 |                     .clickable { onSelect(value) }
  555 |                     .padding(horizontal = 10.dp, vertical = 6.dp),
  556 |             )
  557 |         }
  558 |     }
  559 | }
  560 | "
pilot-0187,r0070,norsehorse-dev__AgePonyAndroid,norsehorse-dev__AgePonyAndroid/app/src/main/java/com/agepony/app/ui/identities/IdentitiesScreen.kt,570.0,GenerateSecurityKey,missing_state_description,ISSUE,missing_merge_descendants,adjudicated,FP_DETECTOR,ISSUE,missing_merge_descendants,ISSUE,missing_interaction_semantics,missing_merge_descendants,CATEGORY ONLY: both agree on verdict; pick category,"Switch(checked = useP256, onCheckedChange = { useP256 = it })","  541 | private fun GenerateSecurityKey(vault: Vault, onDone: () -> Unit, onCancel: () -> Unit) {
  542 |     val activity = LocalContext.current as? FragmentActivity
  543 |     var name by rememberSaveable { mutableStateOf("""") }
  544 |     var useP256 by rememberSaveable { mutableStateOf(false) }
  545 |     var busy by remember { mutableStateOf(false) }
  546 |     var error by remember { mutableStateOf<String?>(null) }
  547 |     val scope = rememberCoroutineScope()
  548 |     var pin by rememberSaveable { mutableStateOf("""") }
  549 |     var needsPin by remember { mutableStateOf(false) }
  550 | 
  551 |     Column(
  552 |         Modifier.fillMaxSize().padding(24.dp),
  553 |         verticalArrangement = Arrangement.spacedBy(16.dp),
  554 |     ) {
  555 |         Text(""Security key"", style = MaterialTheme.typography.titleLarge, color = MaterialTheme.colorScheme.primary)
  556 |         Text(
  557 |             ""Enrolls a FIDO security key (YubiKey, Token2) as a signing identity over NFC. "" +
  558 |                 ""The private key never leaves the key."",
  559 |             style = MaterialTheme.typography.bodyMedium,
  560 |             color = MaterialTheme.colorScheme.onSurfaceVariant,
  561 |         )
  562 |         OutlinedTextField(
  563 |             value = name,
  564 |             onValueChange = { name = it },
  565 |             label = { Text(""Name"") },
  566 |             singleLine = true,
  567 |             modifier = Modifier.fillMaxWidth(),
  568 |         )
  569 |         Row(verticalAlignment = Alignment.CenterVertically) {
  570 |             Switch(checked = useP256, onCheckedChange = { useP256 = it })
  571 |             Text(""Use NIST P-256 (default is Ed25519)"", modifier = Modifier.padding(start = 12.dp))
  572 |         }
  573 |         if (needsPin) {
  574 |             OutlinedTextField(
  575 |                 value = pin,
  576 |                 onValueChange = { pin = it },
  577 |                 label = { Text(""Security key PIN"") },
  578 |                 singleLine = true,
  579 |                 visualTransformation = PasswordVisualTransformation(),
  580 |                 keyboardOptions = KeyboardOptions(keyboardType = KeyboardType.NumberPassword),
  581 |                 modifier = Modifier.fillMaxWidth(),
  582 |             )
  583 |         }
  584 |         Text(
  585 |             ""When you tap Enroll, hold your security key to the back of the phone until it finishes. "" +
  586 |                 ""If the key has a PIN, you'll be asked for it first."",
  587 |             style = MaterialTheme.typography.bodySmall,
  588 |             color = MaterialTheme.colorScheme.onSurfaceVariant,
  589 |         )
  590 |         if (error != null) {
  591 |             Text(error!!, style = MaterialTheme.typography.bodySmall, color = MaterialTheme.colorScheme.error)
  592 |         }
  593 |         Row(horizontalArrangement = Arrangement.spacedBy(12.dp)) {
  594 |             Button(
  595 |                 onClick = {
  596 |                     val act = activity ?: run { error = ""Couldn't access the screen for NFC.""; return@Button }
  597 |                     if (busy) return@Button
  598 |                     busy = true; error = null
  599 |                     scope.launch {
  600 |                         try {
  601 |                             val stored = withContext(Dispatchers.IO) {
  602 |                                 val service = SecurityKeyService(act)
  603 |                                 val algo = if (useP256) SecurityKeyService.Algorithm.ECDSA_P256
  604 |                                 else SecurityKeyService.Algorithm.ED25519
  605 |                                 service.enroll(name.trim().ifBlank { ""security key"" }, algo, pin = pin.ifBlank { null })
  606 |                             }
  607 |                             vault.addIdentity(stored)
  608 |                             busy = false
  609 |                             onDone()
  610 |                         } catch (e: SecurityKeyService.PinRequiredException) {"
pilot-0188,r0276,maxwhipw__marmalade-tts-android,maxwhipw__marmalade-tts-android/app/src/main/java/app/marmalade/tts/ui/screen/AdvancedSettingsScreen.kt,187.0,DeveloperEnginesSection,missing_state_description,HANDLED,none,adjudicated,FP,NO_ISSUE,none,HANDLED,none,,,modifier = Modifier.toggleable(,"  175 |  * both build types so an interested user can reveal them — the default value
  176 |  * differs (on in debug, off in release), wired through
  177 |  * [app.marmalade.tts.data.SettingsRepository.showDeveloperEngines].
  178 |  */
  179 | @Composable
  180 | private fun DeveloperEnginesSection(
  181 |     checked: Boolean,
  182 |     onCheckedChange: (Boolean) -> Unit,
  183 | ) {
  184 |     SectionHeader(stringResource(R.string.settings_developer))
  185 | 
  186 |     ListItem(
  187 |         modifier = Modifier.toggleable(
  188 |             value = checked,
  189 |             role = Role.Switch,
  190 |             onValueChange = onCheckedChange,
  191 |         ),
  192 |         headlineContent = { Text(stringResource(R.string.settings_show_developer_engines)) },
  193 |         supportingContent = {
  194 |             Text(text = stringResource(R.string.settings_show_developer_engines_desc))
  195 |         },
  196 |         trailingContent = {
  197 |             Switch(checked = checked, onCheckedChange = null)
  198 |         },
  199 |         colors = ListItemDefaults.colors(containerColor = MaterialTheme.colorScheme.surface),
  200 |     )
  201 | }
  202 | 
  203 | /**
  204 |  * Debug-only entry point to the benchmark surface. Only shown when
  205 |  * `BuildConfig.DEBUG` (gated by AppRoot passing a non-null lambda).
  206 |  * Release builds never render this section.
  207 |  */
  208 | @Composable
  209 | private fun BenchmarkSection(onClick: () -> Unit) {
  210 |     SectionHeader(stringResource(R.string.settings_debug))
  211 | 
  212 |     ListItem(
  213 |         modifier = Modifier.clickable(onClick = onClick),
  214 |         headlineContent = { Text(stringResource(R.string.settings_benchmark)) },
  215 |         supportingContent = {
  216 |             Text(text = stringResource(R.string.settings_benchmark_desc))
  217 |         },
  218 |         trailingContent = {
  219 |             Icon(
  220 |                 imageVector = Icons.AutoMirrored.Filled.KeyboardArrowRight,
  221 |                 contentDescription = null,
  222 |             )
  223 |         },
  224 |         colors = ListItemDefaults.colors(containerColor = MaterialTheme.colorScheme.surface),
  225 |     )
  226 | }
  227 | "
pilot-0189,r0296,shardulvs__pdfinspector-android,shardulvs__pdfinspector-android/app/src/main/java/SVS/pdfinspector/ui/ElementEditSheet.kt,140.0,ElementEditSheet,missing_state_description,ISSUE,missing_merge_descendants,adjudicated,FP_DETECTOR,ISSUE,missing_merge_descendants,ISSUE,missing_interaction_semantics,missing_merge_descendants,CATEGORY ONLY: both agree on verdict; pick category,Checkbox(,"  128 |                     color = MaterialTheme.colorScheme.onSurfaceVariant,
  129 |                 )
  130 |             }
  131 | 
  132 |             if (caps.canText) {
  133 |                 OutlinedTextField(
  134 |                     value = text,
  135 |                     onValueChange = { text = it },
  136 |                     label = { Text(""Text"") },
  137 |                     modifier = Modifier.fillMaxWidth(),
  138 |                 )
  139 |                 Row(verticalAlignment = Alignment.CenterVertically) {
  140 |                     Checkbox(
  141 |                         checked = useFallback,
  142 |                         onCheckedChange = { on ->
  143 |                             useFallback = on
  144 |                             if (on && fontId == null) fontId = AUTO_FONT_ID
  145 |                         },
  146 |                     )
  147 |                     Text(""Use fallback font"")
  148 |                 }
  149 |                 if (useFallback) {
  150 |                     FontPicker(
  151 |                         options = target.fontOptions,
  152 |                         selectedId = fontId ?: AUTO_FONT_ID,
  153 |                         onSelect = { fontId = it },
  154 |                         onAddCustom = { importLauncher.launch(""*/*"") },
  155 |                     )
  156 |                 }
  157 |                 Text(
  158 |                     if (useFallback) {
  159 |                         ""Auto picks the closest match to the original font. Pick "" +
  160 |                             ""another or add your own from the list.""
  161 |                     } else {
  162 |                         ""Re-encoded with the element's own font, swapping to an "" +
  163 |                             ""exact match only when one is recognised.""
  164 |                     },
  165 |                     style = MaterialTheme.typography.bodySmall,
  166 |                     color = MaterialTheme.colorScheme.onSurfaceVariant,
  167 |                 )
  168 |             }
  169 | 
  170 |             Row(
  171 |                 modifier = Modifier.fillMaxWidth(),
  172 |                 horizontalArrangement = Arrangement.spacedBy(12.dp, Alignment.End),
  173 |             ) {
  174 |                 TextButton(onClick = onDismiss) { Text(""Cancel"") }
  175 |                 Button(onClick = {
  176 |                     onApply(
  177 |                         buildRequest(
  178 |                             target, x, y, w, h, fill, stroke, text,
  179 |                             if (useFallback) fontId ?: AUTO_FONT_ID else null,
  180 |                         ),"
pilot-0190,r0274,DigitaleGesellschaft__EventFahrplan,DigitaleGesellschaft__EventFahrplan/app/src/main/java/nerd/tuxmobil/fahrplan/congress/settings/widgets/SwitchPreference.kt,34.0,SwitchPreference,missing_state_description,HANDLED,none,adjudicated,FP,NO_ISSUE,none,HANDLED,none,,,.toggleable(,"   20 | internal fun SwitchPreference(
   21 |     title: String,
   22 |     checked: Boolean,
   23 |     onCheckedChange: (Boolean) -> Unit,
   24 |     modifier: Modifier = Modifier,
   25 |     subtitle: String? = null,
   26 | ) {
   27 |     val interactionSource = remember { MutableInteractionSource() }
   28 | 
   29 |     Row(
   30 |         verticalAlignment = CenterVertically,
   31 |         modifier = modifier
   32 |             .fillMaxWidth()
   33 |             .minimumInteractiveComponentSize()
   34 |             .toggleable(
   35 |                 value = checked,
   36 |                 interactionSource = interactionSource,
   37 |                 indication = ripple(),
   38 |                 role = Role.Switch,
   39 |                 onValueChange = onCheckedChange,
   40 |             )
   41 |             .padding(
   42 |                 horizontal = PREFERENCE_HORIZONTAL_PADDING_DP.dp,
   43 |                 vertical = PREFERENCE_VERTICAL_PADDING_DP.dp,
   44 |             )
   45 |     ) {
   46 |         PreferenceText(
   47 |             title = title,
   48 |             subtitle = subtitle,
   49 |             modifier = Modifier.weight(1f),
   50 |         )
   51 | 
   52 |         // The ripple effect is displayed on the Row. Don't show a separate one on the Switch.
   53 |         WithoutRipple {
   54 |             Switch(
   55 |                 checked = checked,
   56 |                 onCheckedChange = null,
   57 |                 // Clicks on the row will highlight the switch thumb
   58 |                 interactionSource = interactionSource,
   59 |                 modifier = Modifier.padding(start = 16.dp),
   60 |             )
   61 |         }
   62 |     }
   63 | }"
pilot-0191,r0247,norsehorse-dev__BurnPonyAndroid,norsehorse-dev__BurnPonyAndroid/app/src/main/kotlin/com/burnpony/app/ui/settings/SettingsScreen.kt,421.0,ProxyModeRow,missing_state_description,ISSUE,missing_state_description,adjudicated,TP,ISSUE,missing_semantics_role,ISSUE,missing_state_description,missing_interaction_semantics,CATEGORY ONLY: both agree on verdict; pick category,RadioButton(,"  408 | private fun ProxyModeRow(
  409 |     id: String,
  410 |     labelRes: Int,
  411 |     selected: String,
  412 |     onSelect: (String) -> Unit,
  413 | ) {
  414 |     Row(
  415 |         modifier = Modifier
  416 |             .fillMaxWidth()
  417 |             .clickable(role = Role.RadioButton) { onSelect(id) }
  418 |             .padding(vertical = 2.dp),
  419 |         verticalAlignment = Alignment.CenterVertically,
  420 |     ) {
  421 |         RadioButton(
  422 |             selected = selected == id,
  423 |             onClick = { onSelect(id) },
  424 |             colors = RadioButtonDefaults.colors(
  425 |                 selectedColor = BurnPonyTheme.ember,
  426 |                 unselectedColor = BurnPonyTheme.dim,
  427 |             ),
  428 |         )
  429 |         Text(stringResource(labelRes), color = BurnPonyTheme.ink)
  430 |     }
  431 | }
  432 | 
  433 | @Composable
  434 | private fun SectionPanel(header: String?, content: @Composable () -> Unit) {
  435 |     Column(verticalArrangement = Arrangement.spacedBy(8.dp)) {
  436 |         if (header != null) {
  437 |             Text(
  438 |                 header.uppercase(),
  439 |                 style = MaterialTheme.typography.labelSmall,
  440 |                 color = BurnPonyTheme.dim,
  441 |                 modifier = Modifier.padding(start = 4.dp),
  442 |             )
  443 |         }
  444 |         Column(
  445 |             modifier = Modifier
  446 |                 .fillMaxWidth()
  447 |                 .background(BurnPonyTheme.panel, RoundedCornerShape(12.dp))
  448 |                 .padding(14.dp),
  449 |             verticalArrangement = Arrangement.spacedBy(10.dp),
  450 |         ) {
  451 |             content()
  452 |         }
  453 |     }
  454 | }"
pilot-0192,r0285,EventFahrplan__EventFahrplan,EventFahrplan__EventFahrplan/app/src/main/java/nerd/tuxmobil/fahrplan/congress/settings/widgets/SwitchPreference.kt,39.0,SwitchPreference,missing_state_description,HANDLED,none,adjudicated,FP,NO_ISSUE,none,HANDLED,none,,,.toggleable(,"   20 | internal fun SwitchPreference(
   21 |     title: String,
   22 |     checked: Boolean,
   23 |     onCheckedChange: (Boolean) -> Unit,
   24 |     modifier: Modifier = Modifier,
   25 |     subtitle: String? = null,
   26 |     showDivider: Boolean = false,
   27 | ) {
   28 |     val interactionSource = remember { MutableInteractionSource() }
   29 | 
   30 |     PreferenceItemContainer(
   31 |         modifier = modifier,
   32 |         showDivider = showDivider,
   33 |     ) {
   34 |         Row(
   35 |             verticalAlignment = CenterVertically,
   36 |             modifier = Modifier
   37 |                 .fillMaxWidth()
   38 |                 .minimumInteractiveComponentSize()
   39 |                 .toggleable(
   40 |                     value = checked,
   41 |                     interactionSource = interactionSource,
   42 |                     indication = ripple(),
   43 |                     role = Role.Switch,
   44 |                     onValueChange = onCheckedChange,
   45 |                 )
   46 |                 .padding(
   47 |                     horizontal = PREFERENCE_HORIZONTAL_PADDING_DP.dp,
   48 |                     vertical = PREFERENCE_VERTICAL_PADDING_DP.dp,
   49 |                 )
   50 |         ) {
   51 |             PreferenceText(
   52 |                 title = title,
   53 |                 subtitle = subtitle,
   54 |                 modifier = Modifier.weight(1f),
   55 |             )
   56 | 
   57 |             // The ripple effect is displayed on the Row. Don't show a separate one on the Switch.
   58 |             WithoutRipple {
   59 |                 Switch(
   60 |                     checked = checked,
   61 |                     onCheckedChange = null,
   62 |                     // Clicks on the row will highlight the switch thumb
   63 |                     interactionSource = interactionSource,
   64 |                     modifier = Modifier.padding(start = 16.dp),
   65 |                 )
   66 |             }
   67 |         }
   68 |     }
   69 | }"
pilot-0193,r0059,isotjs__todosian-app,isotjs__todosian-app/app/src/main/java/com/isotjs/todosian/ui/settings/SettingsScreen.kt,489.0,SettingsScreen,missing_state_description,ISSUE,missing_merge_descendants,adjudicated,FP_DETECTOR,ISSUE,missing_merge_descendants,ISSUE,missing_interaction_semantics,missing_merge_descendants,CATEGORY ONLY: both agree on verdict; pick category,Switch(,"  477 |                             headlineContent = { Text(text = stringResource(R.string.settings_dynamic_color)) },
  478 |                             supportingContent = {
  479 |                                 Text(
  480 |                                     text = if (dynamicEnabled) {
  481 |                                         stringResource(R.string.settings_dynamic_color_subtitle)
  482 |                                     } else {
  483 |                                         stringResource(R.string.settings_dynamic_color_unavailable)
  484 |                                     },
  485 |                                 )
  486 |                             },
  487 |                             leadingContent = { Icon(imageVector = Icons.Filled.ViewDay, contentDescription = null) },
  488 |                             trailingContent = {
  489 |                                 Switch(
  490 |                                     checked = settings.dynamicColorEnabled,
  491 |                                     onCheckedChange = { appSettingsRepository.setDynamicColorEnabled(it) },
  492 |                                     enabled = dynamicEnabled,
  493 |                                 )
  494 |                             },
  495 |                             colors = ListItemDefaults.colors(containerColor = Color.Transparent),
  496 |                         )
  497 |                     }
  498 |                 }
  499 | 
  500 |                 item {
  501 |                     SectionTitle(text = stringResource(R.string.settings_behaviour))
  502 |                 }
  503 |                 item {
  504 |                     Card(
  505 |                         shape = MaterialTheme.shapes.medium,
  506 |                         colors = CardDefaults.cardColors(containerColor = MaterialTheme.colorScheme.surfaceContainer),
  507 |                     ) {
  508 |                         ListItem(
  509 |                             headlineContent = { Text(text = stringResource(R.string.settings_show_daily_focus)) },
  510 |                             supportingContent = { Text(text = stringResource(R.string.settings_show_daily_focus_subtitle)) },
  511 |                             leadingContent = { Icon(imageVector = Icons.Filled.Info, contentDescription = null) },
  512 |                             trailingContent = {
  513 |                                 Switch(
  514 |                                     checked = settings.showDailyFocus,
  515 |                                     onCheckedChange = { appSettingsRepository.setShowDailyFocus(it) },
  516 |                                 )
  517 |                             },
  518 |                             colors = ListItemDefaults.colors(containerColor = Color.Transparent),
  519 |                         )
  520 | 
  521 |                         HorizontalDivider(color = MaterialTheme.colorScheme.outlineVariant.copy(alpha = 0.4f))
  522 | 
  523 |                         if (settings.showDailyFocus) {
  524 |                             ListItem(
  525 |                                 headlineContent = { Text(text = stringResource(R.string.settings_daily_focus_mode)) },
  526 |                                 supportingContent = { Text(text = dailyFocusModeLabel(settings.dailyFocusMode)) },
  527 |                                 leadingContent = { Icon(imageVector = Icons.Filled.Info, contentDescription = null) },
  528 |                                 trailingContent = {
  529 |                                     Icon("
pilot-0194,r0074,Nyabsi__VRCAA,Nyabsi__VRCAA/app/src/main/java/cc/sovellus/vrcaa/ui/components/dialog/FavoriteDialog.kt,130.0,FavoriteDialog,missing_state_description,ISSUE,missing_semantics_role,agreed,FP_DETECTOR,ISSUE,missing_semantics_role,ISSUE,missing_semantics_role,missing_interaction_semantics,,"RadioButton(selected = it == selectedGroup.value, onClick = {","  118 |                         val displayName = groupMetadata[it]?.displayName ?: groupMetadata[it]?.name ?: it
  119 |                         val currentSize = groupMetadata[it]?.size ?: 0
  120 | 
  121 |                         Row(
  122 |                             Modifier
  123 |                                 .fillMaxWidth()
  124 |                                 .selectable(
  125 |                                     selected = (it == selectedGroup.value),
  126 |                                     onClick = { selectedGroup.value = it }),
  127 |                             horizontalArrangement = Arrangement.Start,
  128 |                             verticalAlignment = Alignment.CenterVertically
  129 |                         ) {
  130 |                             RadioButton(selected = it == selectedGroup.value, onClick = {
  131 |                                 selectedGroup.value = it
  132 |                             })
  133 |                             Text(text = ""$displayName ($currentSize/$maximumFavorites)"")
  134 |                         }
  135 |                     }
  136 |                 }
  137 |             }
  138 |         },
  139 |         onDismissRequest = {
  140 |             onDismiss()
  141 |         },
  142 |         confirmButton = {
  143 |             TextButton(
  144 |                 onClick = {
  145 |                     coroutineScope.launch {
  146 |                         val result = if (selectedGroup.value.contains(""vrcPlusWorld"")) {
  147 |                             FavoriteManager.addFavorite(IFavorites.FavoriteType.FAVORITE_VRC_PLUS_WORLD, id, selectedGroup.value, metadata)
  148 |                         } else {
  149 |                             FavoriteManager.addFavorite(type, id, selectedGroup.value, metadata)
  150 |                         }
  151 | 
  152 |                         if (result) {
  153 |                             Toast.makeText(
  154 |                                 context,
  155 |                                 context.getString(R.string.favorite_toast_favorite_added).format(metadata.name),
  156 |                                 Toast.LENGTH_SHORT
  157 |                             ).show()
  158 |                         } else {
  159 |                             Toast.makeText(
  160 |                                 context,
  161 |                                 context.getString(R.string.favorite_toast_favorite_added_failed).format(metadata.name),
  162 |                                 Toast.LENGTH_SHORT
  163 |                             ).show()
  164 |                         }
  165 | 
  166 |                         onConfirmation()
  167 |                     }
  168 |                 }
  169 |             ) {
  170 |                 Text(stringResource(R.string.favorite_dialog_button_add))"
pilot-0195,r0091,gininaba__AIPOSPasswordManager,gininaba__AIPOSPasswordManager/app/src/main/java/com/aipos/aipospm/ui/screens/PasswordGeneratorScreen.kt,379.0,ToggleRow,missing_state_description,ISSUE,missing_merge_descendants,adjudicated,FP_DETECTOR,ISSUE,missing_merge_descendants,ISSUE,missing_interaction_semantics,missing_merge_descendants,CATEGORY ONLY: both agree on verdict; pick category,Switch(,"  363 | private fun ToggleRow(
  364 |     label: String,
  365 |     checked: Boolean,
  366 |     onCheckedChange: (Boolean) -> Unit
  367 | ) {
  368 |     Row(
  369 |         modifier = Modifier
  370 |             .fillMaxWidth()
  371 |             .padding(vertical = 4.dp),
  372 |         horizontalArrangement = Arrangement.SpaceBetween,
  373 |         verticalAlignment = Alignment.CenterVertically
  374 |     ) {
  375 |         Text(
  376 |             text = label,
  377 |             style = MaterialTheme.typography.bodyLarge
  378 |         )
  379 |         Switch(
  380 |             checked = checked,
  381 |             onCheckedChange = onCheckedChange
  382 |         )
  383 |     }
  384 | }"
pilot-0196,r0129,alorma__Compose-Settings,alorma__Compose-Settings/samples/shared/src/commonMain/kotlin/com/alorma/compose/settings/sample/shared/SettingsScreenExpressive.kt,,SettingsCheckboxSampleSectionExpressive,missing_state_description,UNSURE,none,adjudicated,UNSURE,UNSURE,none,NO_ISSUE,none,,,,"  129 | private fun SettingsCheckboxSampleSectionExpressive(
  130 |   colors: ListItemColors,
  131 | ) {
  132 |   SampleSection(
  133 |     title = ""SettingsCheckbox (Expressive)"",
  134 |     verticalArrangement = Arrangement.spacedBy(ListItemDefaults.SegmentedGap),
  135 |   ) {
  136 |     val state = remember { mutableStateOf(false) }
  137 |     SettingsCheckbox(
  138 |       state = state.value,
  139 |       colors = colors,
  140 |       shapes = ListItemDefaults.segmentedShapes(0, 2),
  141 |       title = { Text(text = ""Checkbox"") },
  142 |       subtitle = { Text(text = ""Checkbox subtitle"") },
  143 |       onCheckedChange = { state.value = it },
  144 |     )
  145 |     SettingsCheckbox(
  146 |       state = !state.value,
  147 |       colors = colors,
  148 |       shapes = ListItemDefaults.segmentedShapes(1, 2),
  149 |       title = { Text(text = ""Checkbox"") },
  150 |       subtitle = { Text(text = ""Checkbox subtitle"") },
  151 |       onCheckedChange = { state.value = !it },
  152 |     )
  153 |   }
  154 | }
  155 | 
  156 | @OptIn(ExperimentalMaterial3ExpressiveApi::class)
  157 | @Composable
  158 | private fun SettingsRadioButtonSampleSectionExpressive(
  159 |   colors: ListItemColors,
  160 | ) {
  161 |   SampleSection(
  162 |     title = ""SettingsRadioButton (Expressive)"",
  163 |     verticalArrangement = Arrangement.spacedBy(ListItemDefaults.SegmentedGap),
  164 |   ) {
  165 |     val state = remember { mutableStateOf<String?>(null) }
  166 | 
  167 |     SampleData.items.forEachIndexed { index, sampleItem ->
  168 |       SettingsRadioButton(
  169 |         state = state.value == sampleItem.key,
  170 |         colors = colors,
  171 |         shapes = ListItemDefaults.segmentedShapes(index, SampleData.items.size),
  172 |         title = { Text(text = sampleItem.title) },
  173 |         subtitle = { Text(text = sampleItem.description) },
  174 |         onClick = { state.value = sampleItem.key },
  175 |       )
  176 |     }
  177 |   }
  178 | }
  179 | 
  180 | @OptIn(ExperimentalMaterial3ExpressiveApi::class)
  181 | @Composable"
pilot-0197,r0007,braniik__slate,braniik__slate/app/src/main/java/com/braniik/slate/ui/drawer/list/ListEditDialog.kt,120.0,ListEditDialog,missing_state_description,ISSUE,missing_merge_descendants,adjudicated,FP_DETECTOR,ISSUE,missing_merge_descendants,ISSUE,missing_interaction_semantics,missing_merge_descendants,CATEGORY ONLY: both agree on verdict; pick category,Switch(,"  108 |             colors = sliderColors,
  109 |             modifier = Modifier.fillMaxWidth()
  110 |         )
  111 | 
  112 |         Spacer(Modifier.height(12.dp))
  113 | 
  114 |         Row(
  115 |             verticalAlignment = Alignment.CenterVertically,
  116 |             horizontalArrangement = Arrangement.SpaceBetween,
  117 |             modifier = Modifier.fillMaxWidth()
  118 |         ) {
  119 |             OptionLabel(""show icon"")
  120 |             Switch(
  121 |                 checked = showIcon,
  122 |                 onCheckedChange = { showIcon = it },
  123 |                 colors = switchColors
  124 |             )
  125 |         }
  126 |     }
  127 | }"
pilot-0198,r0119,dononcharles__NiceToast,dononcharles__NiceToast/app/src/main/java/com/dononcharles/nicetoastapp/MainActivity.kt,383.0,MainScreen,missing_state_description,ISSUE,missing_merge_descendants,adjudicated,FP_DETECTOR,ISSUE,missing_merge_descendants,ISSUE,missing_interaction_semantics,missing_merge_descendants,CATEGORY ONLY: both agree on verdict; pick category,Switch(,"  347 | fun MainScreen(
  348 |     modifier: Modifier = Modifier,
  349 |     fontFamily: FontFamily,
  350 |     useCustom: Boolean,
  351 |     isDarkMode: Boolean,
  352 |     onDarkModeChecked: (Boolean) -> Unit,
  353 |     fullBackground: Boolean,
  354 |     onFullBackgroundChecked: (Boolean) -> Unit,
  355 |     onSwitchChange: (Boolean) -> Unit,
  356 |     onSuccessClick: () -> Unit,
  357 |     onErrorClick: () -> Unit,
  358 |     onWarningClick: () -> Unit,
  359 |     onInfoClick: () -> Unit,
  360 |     onDeleteClick: () -> Unit,
  361 |     onNoInternetClick: () -> Unit,
  362 |     useCompose: Boolean,
  363 |     onComposeSwitchChange: (Boolean) -> Unit
  364 | ) {
  365 |     Box(
  366 |         modifier = modifier
  367 |             .fillMaxSize()
  368 |             .background(color = MaterialTheme.colorScheme.background),
  369 |     ) {
  370 |         val scrollState = rememberScrollState()
  371 | 
  372 |         Column(
  373 |             horizontalAlignment = Alignment.CenterHorizontally,
  374 |             modifier = Modifier
  375 |                 .padding(start = 72.dp, end = 72.dp, bottom = 32.dp)
  376 |                 .verticalScroll(scrollState)
  377 |         ) {
  378 |             Row(
  379 |                 modifier = Modifier
  380 |                     .fillMaxWidth(),
  381 |                 verticalAlignment = Alignment.CenterVertically
  382 |             ) {
  383 |                 Switch(
  384 |                     checked = useCompose,
  385 |                     onCheckedChange = onComposeSwitchChange
  386 |                 )
  387 |                 Text(text = stringResource(R.string.use_compose), modifier = Modifier.padding(start = 8.dp), color = MaterialTheme.colorScheme.onBackground)
  388 |             }
  389 | 
  390 |             Row(
  391 |                 modifier = Modifier
  392 |                     .fillMaxWidth(),
  393 |                 verticalAlignment = Alignment.CenterVertically
  394 |             ) {
  395 |                 Switch(
  396 |                     checked = useCustom,
  397 |                     onCheckedChange = onSwitchChange
  398 |                 )
  399 |                 Text(text = stringResource(R.string.custom_colors), modifier = Modifier.padding(start = 8.dp), color = MaterialTheme.colorScheme.onBackground)
  400 |             }
  401 | 
  402 |             Row(
  403 |                 modifier = Modifier.fillMaxWidth(),
  404 |                 verticalAlignment = Alignment.CenterVertically
  405 |             ) {
  406 |                 Checkbox(
  407 |                     checked = fullBackground,
  408 |                     onCheckedChange = onFullBackgroundChecked
  409 |                 )
  410 |                 Text(text = stringResource(R.string.full_background), modifier = Modifier.padding(start = 8.dp), color = MaterialTheme.colorScheme.onBackground)
  411 |             }
  412 | 
  413 |             Row(
  414 |                 modifier = Modifier.fillMaxWidth(),
  415 |                 verticalAlignment = Alignment.CenterVertically
  416 |             ) {
  417 |                 Checkbox(
  418 |                     checked = isDarkMode,
  419 |                     onCheckedChange = onDarkModeChecked
  420 |                 )
  421 |                 Text(text = stringResource(R.string.dark_mode), modifier = Modifier.padding(start = 8.dp), color = MaterialTheme.colorScheme.onBackground)
  422 |             }
  423 | "
pilot-0199,r0159,odaridavid__WeatherApp,odaridavid__WeatherApp/app/src/main/java/com/github/odaridavid/weatherapp/designsystem/organism/BottomSheets.kt,146.0,SingleSelectBottomSheet,missing_state_description,ISSUE,missing_merge_descendants,adjudicated,FP_DETECTOR,ISSUE,missing_semantics_role,ISSUE,missing_interaction_semantics,missing_merge_descendants,CATEGORY ONLY: both agree on verdict; pick category,RadioButton(,"  110 | fun SingleSelectBottomSheet(
  111 |     title: String,
  112 |     items: List<BottomSheetItem>,
  113 |     selectedItem: BottomSheetItem,
  114 |     sheetState: SheetState,
  115 |     onSaveState: (BottomSheetItem) -> Unit,
  116 |     onDismiss: (() -> Unit)? = null,
  117 | ) {
  118 |     val scope = rememberCoroutineScope()
  119 |     ModalBottomSheet(
  120 |         onDismissRequest = {
  121 |             scope.launch {
  122 |                 sheetState.hide()
  123 |             }
  124 |             if (onDismiss != null) {
  125 |                 onDismiss()
  126 |             }
  127 |         },
  128 |         sheetState = sheetState,
  129 | //        windowInsets = WindowInsets.navigationBars,
  130 |     ) {
  131 |         Column(
  132 |             modifier = Modifier.fillMaxWidth()
  133 |         ) {
  134 |             SmallHeadline(
  135 |                 text = title,
  136 |                 modifier = Modifier.padding(
  137 |                     vertical = WeatherAppTheme.dimens.small,
  138 |                     horizontal = WeatherAppTheme.dimens.medium
  139 |                 )
  140 |             )
  141 | 
  142 |             val selectedItemsState = remember { mutableStateOf(selectedItem) }
  143 |             LazyColumn(Modifier.weight(1f, false)) {
  144 |                 items(items) { item ->
  145 |                     Row {
  146 |                         RadioButton(
  147 |                             selected = selectedItemsState.value.id == item.id,
  148 |                             onClick = {
  149 |                                 selectedItemsState.value = item.copy(isSelected = true)
  150 |                             }
  151 |                         )
  152 |                         MediumBody(
  153 |                             text = item.name,
  154 |                             modifier = Modifier.padding(
  155 |                                 horizontal = WeatherAppTheme.dimens.small,
  156 |                                 vertical = WeatherAppTheme.dimens.medium
  157 |                             )
  158 |                         )
  159 |                     }
  160 |                 }
  161 |             }
  162 |             SingleSelectSaveButtonSection(
  163 |                 sheetState = sheetState,
  164 |                 coroutineScope = scope,
  165 |                 onSaveState = onSaveState,
  166 |                 selectedItemState = selectedItemsState,
  167 |             )
  168 |         }
  169 |     }
  170 | }
  171 | 
  172 | @OptIn(ExperimentalMaterial3Api::class)
  173 | @Composable
  174 | fun SingleSelectSaveButtonSection(
  175 |     sheetState: SheetState,
  176 |     coroutineScope: CoroutineScope,
  177 |     onSaveState: (BottomSheetItem) -> Unit,
  178 |     selectedItemState: MutableState<BottomSheetItem>,
  179 | ) {
  180 |     SaveButton(
  181 |         sheetState = sheetState,
  182 |         coroutineScope = coroutineScope,
  183 |     ) {
  184 |         onSaveState(selectedItemState.value)
  185 |     }
  186 | }"
pilot-0200,r0235,norsehorse-dev__AgePonyAndroid,norsehorse-dev__AgePonyAndroid/app/src/main/java/com/agepony/app/ui/sign/SignFileFlow.kt,263.0,SigningKeyRow,missing_state_description,ISSUE,missing_semantics_role,agreed,FP_DETECTOR,ISSUE,missing_semantics_role,ISSUE,missing_semantics_role,missing_interaction_semantics,,"RadioButton(selected = selected, onClick = onSelect)","  251 |     }
  252 | }
  253 | 
  254 | @Composable
  255 | private fun SigningKeyRow(identity: StoredIdentity, selected: Boolean, onSelect: () -> Unit) {
  256 |     Row(
  257 |         Modifier
  258 |             .fillMaxWidth()
  259 |             .selectable(selected = selected, onClick = onSelect)
  260 |             .padding(vertical = 8.dp),
  261 |         verticalAlignment = Alignment.CenterVertically,
  262 |     ) {
  263 |         RadioButton(selected = selected, onClick = onSelect)
  264 |         Column(Modifier.padding(start = 4.dp)) {
  265 |             Text(identity.name, style = MaterialTheme.typography.bodyLarge)
  266 |             Text(
  267 |                 signingTypeLabel(identity.type),
  268 |                 style = MaterialTheme.typography.bodySmall,
  269 |                 color = MaterialTheme.colorScheme.onSurfaceVariant,
  270 |             )
  271 |         }
  272 |     }
  273 | }
  274 | 
  275 | private fun signingTypeLabel(type: StoredIdentityType): String = when (type) {
  276 |     StoredIdentityType.SSH_ED25519 -> ""SSH Ed25519 · in-app key""
  277 |     StoredIdentityType.SSH_RSA -> ""SSH RSA · in-app key""
  278 |     StoredIdentityType.HARDWARE_KEY -> ""Hardware key · signs in the device keystore""
  279 |     StoredIdentityType.SK_ED25519 -> ""Security key · Ed25519 over NFC""
  280 |     StoredIdentityType.SK_ECDSA_P256 -> ""Security key · ECDSA P-256 over NFC""
  281 |     else -> """"
  282 | }"
pilot-0201,r0181,msusman1__Amadz,msusman1__Amadz/app/src/main/java/com/talsk/amadz/ui/home/KeyPad.kt,251.0,RowScope.DialButton,pointerinput_no_semantics,ISSUE,pointerinput_no_semantics,agreed,TP,ISSUE,pointerinput_no_semantics,ISSUE,pointerinput_no_semantics,,,detectTapGestures(,"  231 | fun RowScope.DialButton(
  232 |     title: Char,
  233 |     subtitle: String,
  234 |     onTapDown: (Char) -> Unit,
  235 |     onTapUp: () -> Unit
  236 | ) {
  237 |     val interactionSource = remember { MutableInteractionSource() }
  238 | 
  239 |     Column(
  240 |         modifier = Modifier
  241 |             .weight(1f)
  242 |             .height(56.dp)
  243 |             .background(
  244 |                 shape = RoundedCornerShape(16.dp),
  245 |                 color = MaterialTheme.colorScheme.background,
  246 | 
  247 |                 )
  248 |             .clip(RoundedCornerShape(16.dp))
  249 |             .indication(interactionSource, LocalIndication.current)
  250 |             .pointerInput(Unit) {
  251 |                 detectTapGestures(
  252 |                     onPress = { offset ->
  253 |                         val press = PressInteraction.Press(offset)
  254 |                         interactionSource.emit(press)
  255 |                         onTapDown(title)
  256 |                         tryAwaitRelease()
  257 |                         interactionSource.emit(PressInteraction.Release(press))
  258 |                         onTapUp()
  259 |                     }
  260 |                 )
  261 |             },
  262 |         verticalArrangement = Arrangement.Center,
  263 |         horizontalAlignment = Alignment.CenterHorizontally
  264 |     ) {
  265 |         Text(
  266 |             text = title.toString(),
  267 |             style = MaterialTheme.typography.headlineMedium,
  268 |             fontWeight = FontWeight.Bold,
  269 |             color = MaterialTheme.colorScheme.onBackground
  270 |         )
  271 |         Text(
  272 |             text = subtitle, style = MaterialTheme.typography.bodySmall,
  273 |             color = MaterialTheme.colorScheme.onBackground
  274 |         )
  275 |     }
  276 | }"
pilot-0202,r0242,wisnukurniawan__Compose-Expense,wisnukurniawan__Compose-Expense/app/src/main/java/com/wisnu/kurniawan/wallee/features/transaction/detail/ui/TransactionDetailScreen.kt,7.0,TransactionDetailScreen,pointerinput_no_semantics,NO_ISSUE,none,adjudicated,FP,UNSURE,none,NO_ISSUE,none,,,import androidx.compose.foundation.gestures.detectTapGestures,"    1 | package com.wisnu.kurniawan.wallee.features.transaction.detail.ui
    2 | 
    3 | import androidx.appcompat.app.AppCompatActivity
    4 | import androidx.compose.foundation.BorderStroke
    5 | import androidx.compose.foundation.background
    6 | import androidx.compose.foundation.clickable
    7 | import androidx.compose.foundation.gestures.detectTapGestures
    8 | import androidx.compose.foundation.interaction.MutableInteractionSource
    9 | import androidx.compose.foundation.layout.Arrangement
   10 | import androidx.compose.foundation.layout.Box
   11 | import androidx.compose.foundation.layout.PaddingValues
   12 | import androidx.compose.foundation.layout.Row
   13 | import androidx.compose.foundation.layout.Spacer
   14 | import androidx.compose.foundation.layout.fillMaxSize
   15 | import androidx.compose.foundation.layout.fillMaxWidth
   16 | import androidx.compose.foundation.layout.height
   17 | import androidx.compose.foundation.layout.imePadding
   18 | import androidx.compose.foundation.layout.navigationBarsPadding
   19 | import androidx.compose.foundation.layout.padding
   20 | import androidx.compose.foundation.layout.size
   21 | import androidx.compose.foundation.layout.width
   22 | import androidx.compose.foundation.lazy.LazyColumn
   23 | import androidx.compose.foundation.lazy.grid.GridCells
   24 | import androidx.compose.foundation.lazy.grid.LazyVerticalGrid
   25 | import androidx.compose.foundation.lazy.grid.items
   26 | import androidx.compose.foundation.shape.RoundedCornerShape
   27 | import androidx.compose.foundation.text.KeyboardActions
   28 | import androidx.compose.foundation.text.KeyboardOptions
   29 | import androidx.compose.material.Chip
   30 | import androidx.compose.material.ChipDefaults
   31 | import androidx.compose.material.ExperimentalMaterialApi
   32 | import androidx.compose.material3.Text
   33 | import androidx.compose.material3.TextButton
   34 | import androidx.compose.material.icons.Icons
   35 | import androidx.compose.material.icons.rounded.ChevronRight
   36 | import androidx.compose.material3.DatePicker
   37 | import androidx.compose.material3.DatePickerDefaults
   38 | import androidx.compose.material3.DatePickerDialog
   39 | import androidx.compose.material3.DisplayMode
   40 | import androidx.compose.material3.ExperimentalMaterial3Api
   41 | import androidx.compose.material3.LocalContentColor
   42 | import androidx.compose.material3.MaterialTheme
   43 | import androidx.compose.material3.SelectableDates
   44 | import androidx.compose.material3.rememberDatePickerState
   45 | import androidx.compose.runtime.Composable
   46 | import androidx.compose.runtime.CompositionLocalProvider
   47 | import androidx.compose.runtime.derivedStateOf"
pilot-0203,r0194,DaKlok__BibleLockScreen,DaKlok__BibleLockScreen/app/src/main/java/com/daklok/biblelockscreen/ColorPickerDialog.kt,186.0,ColorPickerDialog,pointerinput_no_semantics,ISSUE,pointerinput_no_semantics,agreed,TP,ISSUE,pointerinput_no_semantics,ISSUE,pointerinput_no_semantics,,,detectTapGestures { handle(it) },"  174 |                         modifier = Modifier
  175 |                             .size(160.dp)
  176 |                             .clip(CircleShape)
  177 |                             .pointerInput(valueState) {
  178 |                                 val sz = size.width.toFloat()
  179 |                                 val cx = sz / 2f; val r = sz / 2f
  180 |                                 fun handle(pos: Offset) {
  181 |                                     val dx = pos.x - cx; val dy = pos.y - cx
  182 |                                     val dist = sqrt(dx * dx + dy * dy).coerceAtMost(r)
  183 |                                     val h = ((atan2(dy, dx) * 180f / PI.toFloat()) + 360f) % 360f
  184 |                                     setHsv(h, dist / r, valueState, fromWheel = true)
  185 |                                 }
  186 |                                 detectTapGestures { handle(it) }
  187 |                             }
  188 |                             .pointerInput(valueState) {
  189 |                                 val sz = size.width.toFloat()
  190 |                                 val cx = sz / 2f; val r = sz / 2f
  191 |                                 detectDragGestures { change, _ ->
  192 |                                     val pos = change.position
  193 |                                     val dx  = pos.x - cx; val dy = pos.y - cx
  194 |                                     val dist = sqrt(dx * dx + dy * dy).coerceAtMost(r)
  195 |                                     val h = ((atan2(dy, dx) * 180f / PI.toFloat()) + 360f) % 360f
  196 |                                     setHsv(h, dist / r, valueState, fromWheel = true)
  197 |                                 }
  198 |                             }
  199 |                     ) {
  200 |                         Canvas(modifier = Modifier.fillMaxSize()) {
  201 |                             drawColorWheel(valueState)
  202 |                             // cursor
  203 |                             val cx2  = size.width  / 2f
  204 |                             val cy2  = size.height / 2f
  205 |                             val r2   = minOf(cx2, cy2)
  206 |                             val ang  = hueState * PI.toFloat() / 180f
  207 |                             val dotX = cx2 + satState * r2 * cos(ang)
  208 |                             val dotY = cy2 + satState * r2 * sin(ang)
  209 |                             drawCircle(Color.White,        radius = 10f, center = Offset(dotX, dotY))
  210 |                             drawCircle(currentColor,       radius = 7f,  center = Offset(dotX, dotY))
  211 |                         }
  212 |                     }
  213 | 
  214 |                     Column(
  215 |                         modifier            = Modifier.weight(1f),
  216 |                         verticalArrangement = Arrangement.spacedBy(8.dp)
  217 |                     ) {
  218 |                         // Swatch
  219 |                         Box(
  220 |                             modifier = Modifier
  221 |                                 .fillMaxWidth()
  222 |                                 .height(44.dp)
  223 |                                 .clip(RoundedCornerShape(10.dp))
  224 |                                 .background(currentColor)
  225 |                                 .border(
  226 |                                     0.5.dp,"
pilot-0204,r0001,android__androidify,android__androidify/feature/camera/src/main/java/com/android/developers/androidify/camera/CameraViewfinder.kt,64.0,CameraViewfinder,pointerinput_no_semantics,ISSUE,pointerinput_no_semantics,agreed,TP,ISSUE,pointerinput_no_semantics,ISSUE,pointerinput_no_semantics,,,detectTapGestures { tapCoords ->,"   49 | internal fun CameraViewfinder(
   50 |     surfaceRequest: SurfaceRequest,
   51 |     autofocusUiState: AutofocusUiState,
   52 |     tapToFocus: (tapCoords: Offset) -> Unit,
   53 |     onScaleZoom: (zoomScaleFactor: Float) -> Unit,
   54 |     modifier: Modifier = Modifier,
   55 | ) {
   56 |     val onScaleCurrentZoom by rememberUpdatedState(onScaleZoom)
   57 |     val currentTapToFocus by rememberUpdatedState(tapToFocus)
   58 |     val coordinateTransformer = remember { MutableCoordinateTransformer() }
   59 |     CameraXViewfinder(
   60 |         surfaceRequest = surfaceRequest,
   61 |         coordinateTransformer = coordinateTransformer,
   62 |         modifier = modifier
   63 |             .pointerInput(coordinateTransformer) {
   64 |                 detectTapGestures { tapCoords ->
   65 |                     with(coordinateTransformer) {
   66 |                         currentTapToFocus(tapCoords.transform())
   67 |                     }
   68 |                 }
   69 |             }
   70 |             .transformable(
   71 |                 rememberTransformableState(
   72 |                     onTransformation = { _, zoomChange, _, _ ->
   73 |                         onScaleCurrentZoom(zoomChange)
   74 |                     },
   75 |                 ),
   76 |             ),
   77 |     )
   78 | 
   79 |     if (autofocusUiState is AutofocusUiState.Specified) {
   80 |         // Show the autofocus indicator while the autofocus routine is running
   81 |         val showAutofocusIndicator = autofocusUiState.status == AutofocusUiState.Status.RUNNING
   82 |         // Map coordinates from surface coordinates back to screen coordinates
   83 |         val tapCoords =
   84 |             remember(coordinateTransformer.transformMatrix, autofocusUiState.surfaceCoordinates) {
   85 |                 Matrix().run {
   86 |                     setFrom(coordinateTransformer.transformMatrix)
   87 |                     invert()
   88 |                     map(autofocusUiState.surfaceCoordinates)
   89 |                 }
   90 |             }
   91 |         AnimatedVisibility(
   92 |             visible = showAutofocusIndicator,
   93 |             enter = fadeIn(),
   94 |             exit = fadeOut(),
   95 |             modifier = Modifier
   96 |                 .offset { tapCoords.round() }
   97 |                 .offset(-TAP_TO_FOCUS_INDICATOR_SIZE / 2, -TAP_TO_FOCUS_INDICATOR_SIZE / 2),
   98 |         ) {
   99 |             Spacer(
  100 |                 Modifier
  101 |                     .border(
  102 |                         2.dp,
  103 |                         when (autofocusUiState.status) {
  104 |                             AutofocusUiState.Status.SUCCESS -> LimeGreen"
pilot-0205,r0204,ArcaDone__AwesomeUI,ArcaDone__AwesomeUI/sharedUI/src/commonMain/kotlin/com/arcadone/awesomeui/components/chart/RadarChart.kt,413.0,RadarChartMultiCanvas,pointerinput_no_semantics,ISSUE,pointerinput_no_semantics,agreed,TP,ISSUE,pointerinput_no_semantics,ISSUE,pointerinput_no_semantics,,,detectTapGestures { tapOffset ->,"  395 | private fun RadarChartMultiCanvas(
  396 |     axisLabels: List<RadarAxisLabel>,
  397 |     series: List<RadarSeries>,
  398 |     style: RadarChartStyle,
  399 |     selectedSeriesIndex: Int?,
  400 |     selectedPointIndex: Int?,
  401 |     onPointTap: (Int, Int) -> Unit,
  402 | ) {
  403 |     val axisCount = axisLabels.size
  404 |     val angleStep = 2 * PI / axisCount
  405 |     val density = LocalDensity.current
  406 |     val hitRadiusPx = with(density) { style.hitRadius.toPx() }
  407 |     val chartSizePx = with(density) { style.chartSize.toPx() }
  408 | 
  409 |     Box(
  410 |         modifier = Modifier
  411 |             .size(style.chartSize)
  412 |             .pointerInput(series, axisLabels) {
  413 |                 detectTapGestures { tapOffset ->
  414 |                     val centerX = chartSizePx / 2
  415 |                     val centerY = chartSizePx / 2
  416 |                     val radius = chartSizePx / 2 * 0.85f
  417 | 
  418 |                     // Check each series and point for hit
  419 |                     for (seriesIndex in series.indices.reversed()) {
  420 |                         val values = series[seriesIndex].values
  421 |                         for (pointIndex in 0 until minOf(values.size, axisCount)) {
  422 |                             val angle = -PI / 2 + angleStep * pointIndex
  423 |                             val value = values[pointIndex].coerceIn(0f, 1f)
  424 |                             val r = radius * value
  425 |                             val pointX = centerX + r * cos(angle).toFloat()
  426 |                             val pointY = centerY + r * sin(angle).toFloat()
  427 | 
  428 |                             val distance = sqrt(
  429 |                                 (tapOffset.x - pointX).pow(2) +
  430 |                                     (tapOffset.y - pointY).pow(2),
  431 |                             )
  432 | 
  433 |                             if (distance <= hitRadiusPx) {
  434 |                                 onPointTap(seriesIndex, pointIndex)
  435 |                                 return@detectTapGestures
  436 |                             }
  437 |                         }
  438 |                     }
  439 |                     // Tap outside any point - deselect
  440 |                     onPointTap(-1, -1)
  441 |                 }
  442 |             }
  443 |             .drawBehind {
  444 |                 val centerX = size.width / 2
  445 |                 val centerY = size.height / 2
  446 |                 val radius = size.minDimension / 2 * 0.85f
  447 | 
  448 |                 // Draw grid circles
  449 |                 for (i in 1..style.gridLevels) {
  450 |                     val r = radius * i / style.gridLevels
  451 |                     drawCircle(
  452 |                         color = style.gridColor.copy(alpha = 0.15f),
  453 |                         radius = r,"
pilot-0206,r0259,braniik__slate,braniik__slate/app/src/main/java/com/braniik/slate/ui/drawer/list/HomeList.kt,200.0,VerticalListItem,pointerinput_no_semantics,ISSUE,pointerinput_no_semantics,agreed,TP,ISSUE,pointerinput_no_semantics,ISSUE,pointerinput_no_semantics,,,detectTapGestures(,"  176 | private fun VerticalListItem(
  177 |     homeApp: HomeScreenApp,
  178 |     info: AppInfo,
  179 |     mode: HomeMode,
  180 |     dragOffsetPx: Float,
  181 |     onTap: (HomeScreenApp) -> Unit,
  182 |     onLongPress: (HomeScreenApp) -> Unit,
  183 |     onDragStart: () -> Unit,
  184 |     onDrag: (Float) -> Unit,
  185 |     onDragEnd: () -> Unit,
  186 |     modifier: Modifier = Modifier
  187 | ) {
  188 |     val canDrag = mode == HomeMode.EDITING
  189 |     val currentOnDragStart by rememberUpdatedState(onDragStart)
  190 |     val currentOnDrag by rememberUpdatedState(onDrag)
  191 |     val currentOnDragEnd by rememberUpdatedState(onDragEnd)
  192 | 
  193 |     Row(
  194 |         verticalAlignment = Alignment.CenterVertically,
  195 |         modifier = modifier
  196 |             .fillMaxWidth()
  197 |             .then(deleteBorder(mode))
  198 |             .offset { IntOffset(0, dragOffsetPx.toInt()) }
  199 |             .pointerInput(homeApp.key) {
  200 |                 detectTapGestures(
  201 |                     onLongPress = { onLongPress(homeApp) },
  202 |                     onTap = { onTap(homeApp) }
  203 |                 )
  204 |             }
  205 |             .then(
  206 |                 if (canDrag) {
  207 |                     Modifier.pointerInput(homeApp.key) {
  208 |                         detectDragGestures(
  209 |                             onDragStart = { currentOnDragStart() },
  210 |                             onDrag = { change, amount ->
  211 |                                 change.consume()
  212 |                                 currentOnDrag(amount.y)
  213 |                             },
  214 |                             onDragEnd = { currentOnDragEnd() },
  215 |                             onDragCancel = { currentOnDragEnd() }
  216 |                         )
  217 |                     }
  218 |                 } else Modifier
  219 |             )
  220 |             .padding(vertical = 10.dp, horizontal = 4.dp)
  221 |     ) {
  222 |         if (homeApp.showLabel) {
  223 |             val iconSize = homeApp.listIconSizeDp.dp
  224 |             Image(
  225 |                 bitmap = rememberAppIcon(info, homeApp.listIconSizeDp),
  226 |                 contentDescription = info.label,
  227 |                 modifier = Modifier
  228 |                     .size(iconSize)
  229 |                     .rotate(homeApp.rotationDeg)
  230 |                     .clip(iconShapeFor(homeApp.iconShape))
  231 |             )
  232 |             Spacer(Modifier.width(16.dp))
  233 |         }
  234 | 
  235 |         Text(
  236 |             text = info.label,
  237 |             fontSize = homeApp.listTextSizeSp.sp,
  238 |             color = LocalWallpaperTextColor.current,
  239 |             maxLines = 1,
  240 |             overflow = TextOverflow.Ellipsis,"
pilot-0207,r0120,modelorona__TapLock,modelorona__TapLock/app/src/main/java/com/ah/taplock/SettingsComponents.kt,208.0,DoubleTapTestArea,pointerinput_no_semantics,ISSUE,pointerinput_no_semantics,agreed,TP,ISSUE,pointerinput_no_semantics,ISSUE,pointerinput_no_semantics,,,detectTapGestures {,"  186 | fun DoubleTapTestArea(timeoutMs: Int) {
  187 |     val detector = remember { DoubleTapDetector() }
  188 |     var showSuccess by remember { mutableStateOf(false) }
  189 |     val borderColor = if (showSuccess) Color(0xFF4CAF50) else MaterialTheme.colorScheme.outline
  190 | 
  191 |     LaunchedEffect(showSuccess) {
  192 |         if (showSuccess) {
  193 |             delay(1000)
  194 |             showSuccess = false
  195 |         }
  196 |     }
  197 | 
  198 |     Box(
  199 |         modifier = Modifier
  200 |             .fillMaxWidth()
  201 |             .height(80.dp)
  202 |             .border(
  203 |                 width = 2.dp,
  204 |                 color = borderColor,
  205 |                 shape = RoundedCornerShape(12.dp)
  206 |             )
  207 |             .pointerInput(timeoutMs) {
  208 |                 detectTapGestures {
  209 |                     if (detector.onTap(timeoutMs)) {
  210 |                         showSuccess = true
  211 |                     }
  212 |                 }
  213 |             },
  214 |         contentAlignment = Alignment.Center
  215 |     ) {
  216 |         if (showSuccess) {
  217 |             Row(
  218 |                 horizontalArrangement = Arrangement.spacedBy(8.dp),
  219 |                 verticalAlignment = Alignment.CenterVertically
  220 |             ) {
  221 |                 Icon(
  222 |                     Icons.Filled.Check,
  223 |                     contentDescription = null,
  224 |                     tint = Color(0xFF4CAF50),
  225 |                     modifier = Modifier.size(24.dp)
  226 |                 )
  227 |                 Text(
  228 |                     stringResource(R.string.tap_test_success),
  229 |                     color = Color(0xFF4CAF50),
  230 |                     style = MaterialTheme.typography.bodyLarge
  231 |                 )
  232 |             }
  233 |         } else {
  234 |             Text(
  235 |                 stringResource(R.string.tap_test_label),
  236 |                 style = MaterialTheme.typography.bodyMedium,
  237 |                 color = MaterialTheme.colorScheme.onSurfaceVariant
  238 |             )
  239 |         }
  240 |     }
  241 | }
  242 | 
  243 | @OptIn(ExperimentalMaterial3Api::class)
  244 | @Composable
  245 | fun TapModeSelector(
  246 |     label: String,
  247 |     mode: TapZoneMode,
  248 |     onModeChange: (TapZoneMode) -> Unit,"
pilot-0208,r0229,OMGSoundboard__android-app,OMGSoundboard__android-app/app/src/main/java/audio/omgsoundboard/presentation/composables/CategoryItem.kt,54.0,CategoryItem,pointerinput_no_semantics,ISSUE,pointerinput_no_semantics,agreed,TP,ISSUE,pointerinput_no_semantics,ISSUE,pointerinput_no_semantics,,,detectTapGestures(,"   35 | fun CategoryItem(
   36 |     item: Category,
   37 |     index: Int,
   38 |     onDropMenu: (Offset) -> Unit,
   39 | ) {
   40 |     val interactionSource = remember { MutableInteractionSource() }
   41 |     val scope = rememberCoroutineScope()
   42 |     var layoutCoordinates: LayoutCoordinates? = null
   43 | 
   44 |     Surface(
   45 |         modifier = Modifier
   46 |             .fillMaxWidth()
   47 |             .height(60.dp)
   48 |             .padding(bottom = 6.dp)
   49 |             .onGloballyPositioned { coordinates ->
   50 |                 layoutCoordinates = coordinates
   51 |             }
   52 |             .indication(interactionSource, LocalIndication.current)
   53 |             .pointerInput(Unit) {
   54 |                 detectTapGestures(
   55 |                     onLongPress = { offset ->
   56 |                         scope.launch {
   57 |                             val press = PressInteraction.Press(offset)
   58 |                             interactionSource.emit(press)
   59 |                             layoutCoordinates?.let { cords ->
   60 |                                 val globalOffset = cords.localToWindow(offset)
   61 |                                 onDropMenu(globalOffset)
   62 |                             }
   63 |                             interactionSource.emit(PressInteraction.Release(press))
   64 |                         }
   65 |                     }
   66 |                 )
   67 |             },
   68 |         color = MaterialTheme.colorScheme.surfaceVariant,
   69 |         shape = RoundedCornerShape(0.dp),
   70 |     ) {
   71 |         Row(
   72 |             horizontalArrangement = Arrangement.Start,
   73 |             verticalAlignment = Alignment.CenterVertically
   74 |         ) {
   75 |             Box(
   76 |                 modifier = Modifier
   77 |                     .background(
   78 |                         if (index % 2 == 0) {
   79 |                             MaterialTheme.colorScheme.tertiary
   80 |                         } else {
   81 |                             MaterialTheme.colorScheme.primary
   82 |                         }
   83 |                     )
   84 |                     .width(3.dp)
   85 |                     .height(60.dp)
   86 |             )
   87 |             Text(
   88 |                 modifier = Modifier.padding(vertical = 8.dp, horizontal = 16.dp),
   89 |                 text = item.name,
   90 |             )
   91 |         }
   92 |     }
   93 | }"
pilot-0209,r0172,braniik__slate,braniik__slate/app/src/main/java/com/braniik/slate/ui/drawer/list/HomeList.kt,273.0,HorizontalListItem,pointerinput_no_semantics,ISSUE,pointerinput_no_semantics,agreed,TP,ISSUE,pointerinput_no_semantics,ISSUE,pointerinput_no_semantics,,,detectTapGestures(,"  247 | private fun HorizontalListItem(
  248 |     homeApp: HomeScreenApp,
  249 |     info: AppInfo,
  250 |     mode: HomeMode,
  251 |     dragOffsetPx: Float,
  252 |     onTap: (HomeScreenApp) -> Unit,
  253 |     onLongPress: (HomeScreenApp) -> Unit,
  254 |     onDragStart: () -> Unit,
  255 |     onDrag: (Float) -> Unit,
  256 |     onDragEnd: () -> Unit,
  257 |     modifier: Modifier = Modifier
  258 | ) {
  259 |     val canDrag = mode == HomeMode.EDITING
  260 |     val currentOnDragStart by rememberUpdatedState(onDragStart)
  261 |     val currentOnDrag by rememberUpdatedState(onDrag)
  262 |     val currentOnDragEnd by rememberUpdatedState(onDragEnd)
  263 | 
  264 |     val iconSize = homeApp.listIconSizeDp.dp
  265 | 
  266 |     Column(
  267 |         horizontalAlignment = Alignment.CenterHorizontally,
  268 |         verticalArrangement = Arrangement.spacedBy(6.dp),
  269 |         modifier = modifier
  270 |             .then(deleteBorder(mode))
  271 |             .offset { IntOffset(dragOffsetPx.toInt(), 0) }
  272 |             .pointerInput(homeApp.key) {
  273 |                 detectTapGestures(
  274 |                     onLongPress = { onLongPress(homeApp) },
  275 |                     onTap = { onTap(homeApp) }
  276 |                 )
  277 |             }
  278 |             .then(
  279 |                 if (canDrag) {
  280 |                     Modifier.pointerInput(homeApp.key) {
  281 |                         detectDragGestures(
  282 |                             onDragStart = { currentOnDragStart() },
  283 |                             onDrag = { change, amount ->
  284 |                                 change.consume()
  285 |                                 currentOnDrag(amount.x)
  286 |                             },
  287 |                             onDragEnd = { currentOnDragEnd() },
  288 |                             onDragCancel = { currentOnDragEnd() }
  289 |                         )
  290 |                     }
  291 |                 } else Modifier
  292 |             )
  293 |             .padding(horizontal = 12.dp, vertical = 10.dp)
  294 |     ) {
  295 |         if (homeApp.showLabel) {
  296 |             Image(
  297 |                 bitmap = rememberAppIcon(info, homeApp.listIconSizeDp),
  298 |                 contentDescription = info.label,
  299 |                 modifier = Modifier
  300 |                     .size(iconSize)
  301 |                     .rotate(homeApp.rotationDeg)
  302 |                     .clip(iconShapeFor(homeApp.iconShape))
  303 |             )
  304 |         }
  305 | 
  306 |         Text(
  307 |             text = info.label,
  308 |             fontSize = homeApp.listTextSizeSp.sp,
  309 |             color = LocalWallpaperTextColor.current,
  310 |             maxLines = 1,
  311 |             overflow = TextOverflow.Ellipsis,
  312 |             textAlign = TextAlign.Center
  313 |         )"
pilot-0210,r0206,crome1394__point-forecast,crome1394__point-forecast/forecast-point/app/src/main/java/com/crome/forecastpoint/MainActivity.kt,1073.0,AppDrawer,pointerinput_no_semantics,ISSUE,pointerinput_no_semantics,agreed,TP,ISSUE,pointerinput_no_semantics,ISSUE,pointerinput_no_semantics,,,detectDragGesturesAfterLongPress(," 1061 |                                 .zIndex(if (isDragging) 2f else 0f)
 1062 |                                 .offset {
 1063 |                                     IntOffset(
 1064 |                                         x = 0,
 1065 |                                         y = if (isDragging) dragOffsetY.roundToInt() else 0,
 1066 |                                     )
 1067 |                                 }
 1068 |                                 .background(
 1069 |                                     if (isDragging) Color(0xFF37474F) else Color.Transparent,
 1070 |                                 )
 1071 |                                 .pointerInput(Unit) {
 1072 |                                     // Stable key() + Unit keeps the gesture alive across reorders
 1073 |                                     detectDragGesturesAfterLongPress(
 1074 |                                         onDragStart = {
 1075 |                                             val idx = order.indexOf(id)
 1076 |                                             if (idx < 0) return@detectDragGesturesAfterLongPress
 1077 |                                             draggingIndex = idx
 1078 |                                             dragOffsetY = 0f
 1079 |                                             dragStartOrder = order
 1080 |                                         },
 1081 |                                         onDragCancel = {
 1082 |                                             order = dragStartOrder
 1083 |                                             draggingIndex = -1
 1084 |                                             dragOffsetY = 0f
 1085 |                                         },
 1086 |                                         onDragEnd = {
 1087 |                                             draggingIndex = -1
 1088 |                                             dragOffsetY = 0f
 1089 |                                             onNavOrderChange(order)
 1090 |                                         },
 1091 |                                         onDrag = { change, dragAmount ->
 1092 |                                             change.consume()
 1093 |                                             val from = draggingIndex
 1094 |                                             if (from < 0) return@detectDragGesturesAfterLongPress
 1095 |                                             dragOffsetY += dragAmount.y
 1096 |                                             val shift = (dragOffsetY / rowHeightPx).toInt()
 1097 |                                             if (shift != 0) {
 1098 |                                                 val to = (from + shift).coerceIn(0, order.lastIndex)
 1099 |                                                 if (to != from) {
 1100 |                                                     val next = order.toMutableList()
 1101 |                                                     val item = next.removeAt(from)
 1102 |                                                     next.add(to, item)
 1103 |                                                     order = next
 1104 |                                                     draggingIndex = to
 1105 |                                                     dragOffsetY -= shift * rowHeightPx
 1106 |                                                 }
 1107 |                                             }
 1108 |                                         },
 1109 |                                     )
 1110 |                                 }
 1111 |                                 .clickable(enabled = draggingIndex < 0, onClick = onClick)
 1112 |                                 .padding(horizontal = 6.dp),
 1113 |                             verticalAlignment = Alignment.CenterVertically,"
pilot-0211,r0145,marosseleng__compose-material3-datetime-pickers,marosseleng__compose-material3-datetime-pickers/datetimepickers/src/main/java/com/marosseleng/compose/material3/datetimepickers/time/ui/TimePicker.kt,740.0,TouchRegisteringDial,pointerinput_no_semantics,ISSUE,pointerinput_no_semantics,agreed,TP,ISSUE,pointerinput_no_semantics,ISSUE,pointerinput_no_semantics,,,detectTapGestures {,"  728 |                 val windowBounds = it.boundsInWindow()
  729 |                 centerX = windowBounds.size.width / 2f
  730 |                 centerY = windowBounds.size.height / 2f
  731 |             }
  732 |             .pointerInput(Unit) {
  733 |                 detectDragGestures(onDragEnd = onTouchStop, onDragCancel = onTouchStop) { change, _ ->
  734 |                     touchX = change.position.x
  735 |                     touchY = change.position.y
  736 |                     onAngleAndDistanceRatioChange(angleFloat, distanceFromCenterRatio)
  737 |                 }
  738 |             }
  739 |             .pointerInput(Unit) {
  740 |                 detectTapGestures {
  741 |                     touchX = it.x
  742 |                     touchY = it.y
  743 |                     onAngleAndDistanceRatioChange(angleFloat, distanceFromCenterRatio)
  744 |                     onTouchStop()
  745 |                 }
  746 |             }
  747 |             .background(LocalTimePickerColors.current.dialBackgroundColor),
  748 |         content = content,
  749 |     )
  750 | }
  751 | 
  752 | /**
  753 |  * Represents the single hour/minute number.
  754 |  *
  755 |  * @param isSelected whether this value is selected.
  756 |  * @param value value to print. `null` if there is just a dot (for minutes that are not multipliers of 5).
  757 |  */
  758 | @Composable
  759 | internal fun BoxScope.HourNumber(
  760 |     isSelected: Boolean,
  761 |     value: Int?,
  762 |     modifier: Modifier = Modifier,
  763 | ) {
  764 |     // TODO: try to draw the boundary
  765 |     val foregroundColor = if (isSelected) {
  766 |         LocalTimePickerColors.current.dialNumberSelectedTextColor
  767 |     } else {
  768 |         LocalTimePickerColors.current.dialNumberUnselectedTextColor
  769 |     }
  770 |     val backgroundColor = if (isSelected) {
  771 |         LocalTimePickerColors.current.dialNumberSelectedBackgroundColor
  772 |     } else {
  773 |         LocalTimePickerColors.current.dialNumberUnselectedBackgroundColor
  774 |     }
  775 |     Box(
  776 |         modifier = modifier
  777 |             .background(backgroundColor)
  778 |             .zIndex(if (isSelected) -1f else 0f),
  779 |         contentAlignment = Alignment.Center,
  780 |     ) {"
pilot-0212,r0018,android__nowinandroid,android__nowinandroid/core/designsystem/src/main/kotlin/com/google/samples/apps/nowinandroid/core/designsystem/component/scrollbar/Scrollbar.kt,23.0,onScroll,pointerinput_no_semantics,NO_ISSUE,none,adjudicated,FP,UNSURE,none,NO_ISSUE,none,,,import androidx.compose.foundation.gestures.detectTapGestures,"   11 |  * distributed under the License is distributed on an ""AS IS"" BASIS,
   12 |  * WITHOUT WARRANTIES OR CONDITIONS OF ANY KIND, either express or implied.
   13 |  * See the License for the specific language governing permissions and
   14 |  * limitations under the License.
   15 |  */
   16 | 
   17 | package com.google.samples.apps.nowinandroid.core.designsystem.component.scrollbar
   18 | 
   19 | import androidx.compose.foundation.gestures.Orientation
   20 | import androidx.compose.foundation.gestures.Orientation.Horizontal
   21 | import androidx.compose.foundation.gestures.Orientation.Vertical
   22 | import androidx.compose.foundation.gestures.detectHorizontalDragGestures
   23 | import androidx.compose.foundation.gestures.detectTapGestures
   24 | import androidx.compose.foundation.gestures.detectVerticalDragGestures
   25 | import androidx.compose.foundation.hoverable
   26 | import androidx.compose.foundation.interaction.DragInteraction
   27 | import androidx.compose.foundation.interaction.MutableInteractionSource
   28 | import androidx.compose.foundation.interaction.PressInteraction
   29 | import androidx.compose.foundation.layout.Box
   30 | import androidx.compose.foundation.layout.fillMaxHeight
   31 | import androidx.compose.foundation.layout.fillMaxWidth
   32 | import androidx.compose.runtime.Composable
   33 | import androidx.compose.runtime.Immutable
   34 | import androidx.compose.runtime.LaunchedEffect
   35 | import androidx.compose.runtime.getValue
   36 | import androidx.compose.runtime.mutableFloatStateOf
   37 | import androidx.compose.runtime.mutableLongStateOf
   38 | import androidx.compose.runtime.mutableStateOf
   39 | import androidx.compose.runtime.remember
   40 | import androidx.compose.runtime.setValue
   41 | import androidx.compose.runtime.snapshotFlow
   42 | import androidx.compose.ui.Modifier
   43 | import androidx.compose.ui.geometry.Offset
   44 | import androidx.compose.ui.input.pointer.PointerInputChange
   45 | import androidx.compose.ui.input.pointer.pointerInput
   46 | import androidx.compose.ui.layout.Layout
   47 | import androidx.compose.ui.layout.layout
   48 | import androidx.compose.ui.layout.onGloballyPositioned
   49 | import androidx.compose.ui.layout.positionInRoot
   50 | import androidx.compose.ui.unit.Dp
   51 | import androidx.compose.ui.unit.IntOffset
   52 | import androidx.compose.ui.unit.IntSize
   53 | import androidx.compose.ui.unit.dp
   54 | import androidx.compose.ui.util.packFloats
   55 | import androidx.compose.ui.util.unpackFloat1
   56 | import androidx.compose.ui.util.unpackFloat2
   57 | import kotlinx.coroutines.TimeoutCancellationException
   58 | import kotlinx.coroutines.delay
   59 | import kotlinx.coroutines.withTimeout
   60 | import kotlin.math.max
   61 | import kotlin.math.min
   62 | import kotlin.math.roundToInt
   63 | "
pilot-0213,r0230,dmzz-yyhyy__LightNovelReader,dmzz-yyhyy__LightNovelReader/app/src/main/kotlin/indi/dmzz_yyhyy/lightnovelreader/ui/components/ElasticContainer.kt,51.0,ElasticPressContainer,pointerinput_no_semantics,NO_ISSUE,none,agreed,FP,NO_ISSUE,none,NO_ISSUE,none,,,detectTapGestures(,"   22 | fun ElasticPressContainer(
   23 |     pagerState: PagerState,
   24 |     modifier: Modifier = Modifier,
   25 |     content: @Composable BoxScope.() -> Unit
   26 | ) {
   27 |     var pressed by remember { mutableStateOf(false) }
   28 |     val targetScale =
   29 |         when {
   30 |             pressed -> 0.98f
   31 |             pagerState.isScrollInProgress -> 0.97f
   32 |             else -> 1f
   33 |         }
   34 | 
   35 |     val scale by animateFloatAsState(
   36 |         targetValue = targetScale,
   37 |         animationSpec = spring(
   38 |             dampingRatio = 0.55f,
   39 |             stiffness = Spring.StiffnessLow
   40 |         ),
   41 |         label = ""scale""
   42 |     )
   43 | 
   44 |     Box(
   45 |         modifier = modifier
   46 |             .graphicsLayer {
   47 |                 scaleX = scale
   48 |                 scaleY = scale
   49 |             }
   50 |             .pointerInput(Unit) {
   51 |                 detectTapGestures(
   52 |                     onPress = {
   53 |                         pressed = true
   54 |                         try {
   55 |                             tryAwaitRelease()
   56 |                         } finally {
   57 |                             pressed = false
   58 |                         }
   59 |                     }
   60 |                 )
   61 |             },
   62 |         content = content
   63 |     )
   64 | }"
pilot-0214,r0161,cvc953__localplayer,cvc953__localplayer/app/src/main/java/com/cvc953/localplayer/ui/components/SquigglyProgressBar.kt,117.0,SquigglyProgressBar,pointerinput_no_semantics,ISSUE,pointerinput_no_semantics,agreed,TP,ISSUE,pointerinput_no_semantics,ISSUE,pointerinput_no_semantics,,,detectTapGestures(,"  105 |             Stroke(
  106 |                 width = strokeWidthPx,
  107 |                 cap = StrokeCap.Round,
  108 |                 join = StrokeJoin.Round,
  109 |             )
  110 |         }
  111 | 
  112 |     Box(
  113 |         modifier =
  114 |             modifier
  115 |                 .height(BAR_HEIGHT.dp)
  116 |                 .pointerInput(duration) {
  117 |                     detectTapGestures(
  118 |                         onTap = { offset ->
  119 |                             if (duration <= 0L) return@detectTapGestures
  120 |                             val fraction = (offset.x / size.width).coerceIn(0f, 1f)
  121 |                             onSeek((fraction * duration).toLong())
  122 |                         },
  123 |                     )
  124 |                 }.pointerInput(duration) {
  125 |                     detectHorizontalDragGestures(
  126 |                         onDragStart = { offset ->
  127 |                             if (duration <= 0L) return@detectHorizontalDragGestures
  128 |                             onSeekStart()
  129 |                             val fraction = (offset.x / size.width).coerceIn(0f, 1f)
  130 |                             onSeek((fraction * duration).toLong())
  131 |                         },
  132 |                         onHorizontalDrag = { change, _ ->
  133 |                             if (duration <= 0L) return@detectHorizontalDragGestures
  134 |                             change.consume()
  135 |                             val fraction = (change.position.x / size.width).coerceIn(0f, 1f)
  136 |                             onSeek((fraction * duration).toLong())
  137 |                         },
  138 |                         onDragEnd = {
  139 |                             onSeekEnd()
  140 |                         },
  141 |                         onDragCancel = {
  142 |                             onSeekEnd()
  143 |                         },
  144 |                     )
  145 |                 },
  146 |     ) {
  147 |         Canvas(modifier = Modifier.fillMaxSize()) {
  148 |             val phaseOffset = phaseOffsetNormalized * waveLengthPx
  149 |             val amplitudePx = lineAmplitudePx * heightFraction
  150 |             val totalProgressPx = size.width * progress.coerceIn(0f, 1f)
  151 |             val waveStart = -phaseOffset - waveLengthPx / 5f
  152 | 
  153 |             path.rewind()
  154 |             buildWavePath(
  155 |                 path = path,
  156 |                 waveStart = waveStart,
  157 |                 waveEnd = size.width,"
pilot-0215,r0292,ArcaDone__AwesomeUI,ArcaDone__AwesomeUI/sharedUI/src/commonMain/kotlin/com/arcadone/awesomeui/components/chart/progreessionchart/ProgressionChartVariant.kt,403.0,LineChartItem,pointerinput_no_semantics,ISSUE,pointerinput_no_semantics,agreed,TP,ISSUE,pointerinput_no_semantics,ISSUE,pointerinput_no_semantics,,,detectTapGestures { tapOffset ->,"  391 |                 screenPosition = pointOnPath,
  392 |             )
  393 |         }
  394 |     }
  395 | 
  396 |     Box(modifier = modifier) {
  397 |         // Main chart canvas
  398 |         Box(
  399 |             modifier = Modifier
  400 |                 .matchParentSize()
  401 |                 .pointerInput(data, interactive) {
  402 |                     if (!interactive) return@pointerInput
  403 |                     detectTapGestures { tapOffset ->
  404 |                         updateSelection(
  405 |                             tapX = tapOffset.x,
  406 |                             width = size.width.toFloat(),
  407 |                             height = size.height.toFloat(),
  408 |                         )
  409 |                     }
  410 |                 }
  411 |                 .pointerInput(data, interactive) {
  412 |                     if (!interactive) return@pointerInput
  413 |                     detectDragGestures(
  414 |                         onDragStart = { offset ->
  415 |                             isDragging = true
  416 |                             updateSelection(
  417 |                                 tapX = offset.x,
  418 |                                 width = size.width.toFloat(),
  419 |                                 height = size.height.toFloat(),
  420 |                             )
  421 |                         },
  422 |                         onDragEnd = {
  423 |                             isDragging = false
  424 |                         },
  425 |                         onDragCancel = {
  426 |                             isDragging = false
  427 |                         },
  428 |                         onDrag = { change, _ ->
  429 |                             change.consume()
  430 |                             updateSelection(
  431 |                                 tapX = change.position.x,
  432 |                                 width = size.width.toFloat(),
  433 |                                 height = size.height.toFloat(),
  434 |                             )
  435 |                         },
  436 |                     )
  437 |                 }
  438 |                 .drawWithContent {
  439 |                     val width = size.width
  440 |                     val height = size.height
  441 | 
  442 |                     // Grid lines
  443 |                     for (i in 1..style.gridLines) {"
pilot-0216,r0035,crome1394__point-forecast,crome1394__point-forecast/forecast-point/app/src/main/java/com/crome/forecastpoint/ui/screens/SettingsScreen.kt,768.0,HourlyTabConfigEditor,pointerinput_no_semantics,ISSUE,pointerinput_no_semantics,agreed,TP,ISSUE,pointerinput_no_semantics,ISSUE,pointerinput_no_semantics,,,detectDragGesturesAfterLongPress(,"  756 |                                 isDragging -> Color(0xFF37474F)
  757 |                                 !item.enabled -> Color(0xFF1A2226)
  758 |                                 else -> SurfaceDark
  759 |                             },
  760 |                         )
  761 |                         .border(
  762 |                             width = 1.dp,
  763 |                             color = accent.copy(alpha = if (item.enabled) 0.45f else 0.2f),
  764 |                             shape = RoundedCornerShape(8.dp),
  765 |                         )
  766 |                         // Stable key — do NOT depend on index/items or the gesture cancels on swap
  767 |                         .pointerInput(Unit) {
  768 |                             detectDragGesturesAfterLongPress(
  769 |                                 onDragStart = {
  770 |                                     val idx = items.indexOfFirst { it.id == item.id }
  771 |                                     if (idx < 0) return@detectDragGesturesAfterLongPress
  772 |                                     draggingIndex = idx
  773 |                                     dragOffsetY = 0f
  774 |                                 },
  775 |                                 onDragCancel = {
  776 |                                     draggingIndex = -1
  777 |                                     dragOffsetY = 0f
  778 |                                 },
  779 |                                 onDragEnd = {
  780 |                                     draggingIndex = -1
  781 |                                     dragOffsetY = 0f
  782 |                                 },
  783 |                                 onDrag = { change, dragAmount ->
  784 |                                     change.consume()
  785 |                                     val from = draggingIndex
  786 |                                     if (from < 0) return@detectDragGesturesAfterLongPress
  787 |                                     dragOffsetY += dragAmount.y
  788 |                                     val shift = (dragOffsetY / rowHeightPx).toInt()
  789 |                                     if (shift != 0) {
  790 |                                         val to = (from + shift).coerceIn(0, items.lastIndex)
  791 |                                         if (to != from) {
  792 |                                             val next = items.toMutableList()
  793 |                                             val moved = next.removeAt(from)
  794 |                                             next.add(to, moved)
  795 |                                             items = next
  796 |                                             onConfigChange(next)
  797 |                                             draggingIndex = to
  798 |                                             dragOffsetY -= shift * rowHeightPx
  799 |                                         }
  800 |                                     }
  801 |                                 },
  802 |                             )
  803 |                         }
  804 |                         .padding(end = 6.dp, top = 2.dp, bottom = 2.dp),
  805 |                     verticalAlignment = Alignment.CenterVertically,
  806 |                 ) {
  807 |                     Box(
  808 |                         Modifier"
pilot-0217,r0223,zhishengplus__ZhishengWeather,zhishengplus__ZhishengWeather/app/src/main/kotlin/com/zhisheng/weather/ui/RadarScreen.kt,841.0,RadarScrubber,pointerinput_no_semantics,ISSUE,pointerinput_no_semantics,agreed,TP,ISSUE,pointerinput_no_semantics,ISSUE,pointerinput_no_semantics,,,.pointerInput(frames) { detectTapGestures { offset -> onSelect(indexAt(offset.x)) } },"  821 | private fun RadarScrubber(
  822 |     frames: List<RadarFrame>,
  823 |     nowIndex: Int,
  824 |     selectedIndex: Int,
  825 |     utcOffsetSeconds: Int?,
  826 |     onSelect: (Int) -> Unit,
  827 | ) {
  828 |     val palette = LocalZhishengPalette.current
  829 |     var trackWidthPx by remember { mutableFloatStateOf(1f) }
  830 |     fun indexAt(x: Float): Int {
  831 |         if (frames.isEmpty() || trackWidthPx <= 0f) return 0
  832 |         return (x / trackWidthPx * frames.size).toInt().coerceIn(0, frames.lastIndex)
  833 |     }
  834 |     // 分界刻度：过去/未来两段的交界，「现在」用橙色标记
  835 |     val boundaryTick = (nowIndex + 1).coerceIn(0, frames.size)
  836 |     val hasFutureSegment = boundaryTick < frames.size
  837 |     Column(Modifier.fillMaxWidth()) {
  838 |         Box(
  839 |             Modifier.fillMaxWidth().height(42.dp)
  840 |                 .onSizeChanged { trackWidthPx = it.width.toFloat() }
  841 |                 .pointerInput(frames) { detectTapGestures { offset -> onSelect(indexAt(offset.x)) } }
  842 |                 .pointerInput(frames) {
  843 |                     detectHorizontalDragGestures(
  844 |                         onDragStart = { offset -> onSelect(indexAt(offset.x)) },
  845 |                         onHorizontalDrag = { change, _ -> onSelect(indexAt(change.position.x)) },
  846 |                     )
  847 |                 },
  848 |         ) {
  849 |             Canvas(Modifier.fillMaxSize()) {
  850 |                 val n = frames.size.coerceAtLeast(1)
  851 |                 val midY = size.height / 2f
  852 |                 drawLine(palette.cardBorder, Offset(0f, midY), Offset(size.width, midY), 3f)
  853 |                 if (hasFutureSegment) {
  854 |                     // 过去段：mint 已播放填充；未来段：cyan 已播放填充
  855 |                     val boundaryX = boundaryTick / n.toFloat() * size.width
  856 |                     val pastFillEnd = if (selectedIndex <= nowIndex) {
  857 |                         (selectedIndex + 1f) / n * size.width
  858 |                     } else {
  859 |                         boundaryX
  860 |                     }
  861 |                     drawLine(
  862 |                         palette.mint.copy(alpha = 0.45f),
  863 |                         Offset(0f, midY),
  864 |                         Offset(pastFillEnd, midY),
  865 |                         6f,
  866 |                         cap = StrokeCap.Butt,
  867 |                     )
  868 |                     if (selectedIndex > nowIndex) {
  869 |                         val futureFillEnd = (selectedIndex + 1f) / n * size.width
  870 |                         drawLine(
  871 |                             palette.cyan.copy(alpha = 0.40f),
  872 |                             Offset(boundaryX, midY),
  873 |                             Offset(futureFillEnd, midY),
  874 |                             6f,
  875 |                             cap = StrokeCap.Butt,
  876 |                         )
  877 |                     }
  878 |                 } else {
  879 |                     val fillEnd = (selectedIndex + 1f) / n * size.width
  880 |                     drawLine(
  881 |                         palette.mint.copy(alpha = 0.45f),"
pilot-0218,r0245,Darkrock-Studios__hammer-editor,Darkrock-Studios__hammer-editor/composeUi/src/commonMain/kotlin/com/darkrockstudios/apps/hammer/common/storyeditor/OutlineOverviewUi.kt,133.0,OutlineOverviewContent,pointerinput_no_semantics,NO_ISSUE,none,agreed,FP,NO_ISSUE,none,NO_ISSUE,none,,,detectTapGestures(onTap = { onDismiss() }),"   98 | fun OutlineOverviewContent(
   99 | 	component: OutlineOverview,
  100 | 	onDismiss: () -> Unit,
  101 | ) {
  102 | 	val state by component.state.subscribeAsState()
  103 | 
  104 | 	val chapters = remember(state.overview) { groupByChapter(state.overview) }
  105 | 	val totalScenes = remember(chapters) { chapters.sumOf { it.scenes.size } }
  106 | 	val totalChapters = chapters.count { it.chapter != null }
  107 | 
  108 | 	val listState = rememberLazyListState()
  109 | 	val coroutineScope = rememberCoroutineScope()
  110 | 
  111 | 	val activeChapterIndex by remember(chapters.size) {
  112 | 		derivedStateOf {
  113 | 			if (chapters.isEmpty()) 0
  114 | 			else (listState.firstVisibleItemIndex - FRONTISPIECE_ITEM_COUNT)
  115 | 				.coerceIn(0, chapters.size - 1)
  116 | 		}
  117 | 	}
  118 | 
  119 | 	val scrollToChapter: (Int) -> Unit = { idx ->
  120 | 		coroutineScope.launch {
  121 | 			listState.animateScrollToItem(idx + FRONTISPIECE_ITEM_COUNT)
  122 | 		}
  123 | 	}
  124 | 
  125 | 	val projectName = remember(state.overview) {
  126 | 		state.overview.firstOrNull()?.projectName()
  127 | 	}
  128 | 
  129 | 	Box(
  130 | 		modifier = Modifier
  131 | 			.fillMaxSize()
  132 | 			.pointerInput(Unit) {
  133 | 				detectTapGestures(onTap = { onDismiss() })
  134 | 			},
  135 | 		contentAlignment = Alignment.Center,
  136 | 	) {
  137 | 		BoxWithConstraints(
  138 | 			modifier = Modifier.fillMaxSize(),
  139 | 			contentAlignment = Alignment.Center,
  140 | 		) {
  141 | 			val isWide = maxWidth >= WideThreshold
  142 | 
  143 | 			Column(
  144 | 				modifier = Modifier
  145 | 					.padding(if (isWide) Ui.Padding.XXL else 0.dp)
  146 | 					.widthIn(max = 1080.dp)
  147 | 					.heightIn(max = 880.dp)
  148 | 					.fillMaxWidth()
  149 | 					.fillMaxHeight()
  150 | 					.background(MaterialTheme.colorScheme.surface)
  151 | 					.border(
  152 | 						width = Dp.Hairline,
  153 | 						color = MaterialTheme.colorScheme.outlineVariant,
  154 | 						shape = RectangleShape,
  155 | 					)
  156 | 					.pointerInput(Unit) {
  157 | 						detectTapGestures(onTap = {})
  158 | 					},
  159 | 			) {
  160 | 				Masthead(
  161 | 					chapterCount = totalChapters,
  162 | 					sceneCount = totalScenes,
  163 | 					isWide = isWide,
  164 | 					onClose = onDismiss,
  165 | 				)
  166 | 
  167 | 				HdFolioDivider()
  168 | 
  169 | 				if (chapters.isEmpty()) {
  170 | 					EmptyOutline(modifier = Modifier.weight(1f))
  171 | 				} else if (isWide) {
  172 | 					Row(
  173 | 						modifier = Modifier"
pilot-0219,r0013,Nevodev__Cresto,Nevodev__Cresto/app/src/main/java/com/nevoit/cresto/ui/components/glasense/GlasenseSwitch.kt,214.0,GlasenseSwitch,pointerinput_no_semantics,ISSUE,pointerinput_no_semantics,agreed,TP,ISSUE,pointerinput_no_semantics,ISSUE,pointerinput_no_semantics,touch_target_size,,detectTapGestures(,"  202 |         }
  203 | 
  204 |         LaunchedEffect(checked) {
  205 |             physicsController.sync(checked)
  206 |         }
  207 | 
  208 |         BoxWithConstraints(
  209 |             modifier = Modifier
  210 |                 .height(28.dp)
  211 |                 .width(46.dp)
  212 |                 .pointerInput(enabled) {
  213 |                     if (enabled) {
  214 |                         detectTapGestures(
  215 |                             onPress = {
  216 |                                 physicsController.press()
  217 | 
  218 |                                 val success = tryAwaitRelease()
  219 | 
  220 |                                 if (success) {
  221 |                                     haptic.performHapticFeedback(HapticFeedbackType.ToggleOn)
  222 |                                     currentOnCheckedChange(!currentChecked)
  223 |                                     scope.launch {
  224 |                                         delay(200.milliseconds)
  225 |                                         if (!physicsController.isSyncing) {
  226 |                                             physicsController.release()
  227 |                                         }
  228 |                                     }
  229 |                                 } else {
  230 |                                     physicsController.release()
  231 |                                 }
  232 |                             }
  233 |                         )
  234 |                     }
  235 |                 },
  236 |         ) {
  237 |             val canvasWidth = constraints.maxWidth.toFloat()
  238 |             val canvasHeight = constraints.maxHeight.toFloat()
  239 |             Canvas(
  240 |                 modifier = Modifier
  241 |                     .alpha(0f)
  242 |                     .layerBackdrop(trackBackdrop)
  243 |                     .fillMaxSize()
  244 |             ) {
  245 |                 translate(left = startPadding, top = startPadding) {
  246 |                     drawTrack(
  247 |                         width = canvasWidth - startPadding * 2,
  248 |                         height = canvasHeight - startPadding * 2,
  249 |                         color = trackColorAnimation,
  250 |                         density = density
  251 |                     )
  252 |                 }
  253 |             }
  254 |             Box("
pilot-0220,r0200,DaKlok__BibleLockScreen,DaKlok__BibleLockScreen/app/src/main/java/com/daklok/biblelockscreen/ColorPickerDialog.kt,186.0,ColorPickerDialog,pointerinput_no_semantics,ISSUE,pointerinput_no_semantics,agreed,TP,ISSUE,pointerinput_no_semantics,ISSUE,pointerinput_no_semantics,,,detectTapGestures { handle(it) },"  174 |                         modifier = Modifier
  175 |                             .size(160.dp)
  176 |                             .clip(CircleShape)
  177 |                             .pointerInput(valueState) {
  178 |                                 val sz = size.width.toFloat()
  179 |                                 val cx = sz / 2f; val r = sz / 2f
  180 |                                 fun handle(pos: Offset) {
  181 |                                     val dx = pos.x - cx; val dy = pos.y - cx
  182 |                                     val dist = sqrt(dx * dx + dy * dy).coerceAtMost(r)
  183 |                                     val h = ((atan2(dy, dx) * 180f / PI.toFloat()) + 360f) % 360f
  184 |                                     setHsv(h, dist / r, valueState, fromWheel = true)
  185 |                                 }
  186 |                                 detectTapGestures { handle(it) }
  187 |                             }
  188 |                             .pointerInput(valueState) {
  189 |                                 val sz = size.width.toFloat()
  190 |                                 val cx = sz / 2f; val r = sz / 2f
  191 |                                 detectDragGestures { change, _ ->
  192 |                                     val pos = change.position
  193 |                                     val dx  = pos.x - cx; val dy = pos.y - cx
  194 |                                     val dist = sqrt(dx * dx + dy * dy).coerceAtMost(r)
  195 |                                     val h = ((atan2(dy, dx) * 180f / PI.toFloat()) + 360f) % 360f
  196 |                                     setHsv(h, dist / r, valueState, fromWheel = true)
  197 |                                 }
  198 |                             }
  199 |                     ) {
  200 |                         Canvas(modifier = Modifier.fillMaxSize()) {
  201 |                             drawColorWheel(valueState)
  202 |                             // cursor
  203 |                             val cx2  = size.width  / 2f
  204 |                             val cy2  = size.height / 2f
  205 |                             val r2   = minOf(cx2, cy2)
  206 |                             val ang  = hueState * PI.toFloat() / 180f
  207 |                             val dotX = cx2 + satState * r2 * cos(ang)
  208 |                             val dotY = cy2 + satState * r2 * sin(ang)
  209 |                             drawCircle(Color.White,        radius = 10f, center = Offset(dotX, dotY))
  210 |                             drawCircle(currentColor,       radius = 7f,  center = Offset(dotX, dotY))
  211 |                         }
  212 |                     }
  213 | 
  214 |                     Column(
  215 |                         modifier            = Modifier.weight(1f),
  216 |                         verticalArrangement = Arrangement.spacedBy(8.dp)
  217 |                     ) {
  218 |                         // Swatch
  219 |                         Box(
  220 |                             modifier = Modifier
  221 |                                 .fillMaxWidth()
  222 |                                 .height(44.dp)
  223 |                                 .clip(RoundedCornerShape(10.dp))
  224 |                                 .background(currentColor)
  225 |                                 .border(
  226 |                                     0.5.dp,"
pilot-0221,r0248,itsluminous__ClearSMS,itsluminous__ClearSMS/app/src/main/kotlin/app/clearsms/ui/inbox/InboxScreen.kt,610.0,SortingProgressBanner,progress_no_semantics,HANDLED,none,adjudicated,FP,HANDLED,progress_no_semantics,NO_ISSUE,none,,,LinearProgressIndicator(,"  593 | private fun SortingProgressBanner(
  594 |     banner: SortingBanner,
  595 |     modifier: Modifier = Modifier,
  596 | ) {
  597 |     Surface(
  598 |         shape = MaterialTheme.shapes.medium,
  599 |         color = MaterialTheme.colorScheme.secondaryContainer,
  600 |         modifier = modifier.fillMaxWidth(),
  601 |     ) {
  602 |         Column(modifier = Modifier.padding(horizontal = 16.dp, vertical = 12.dp)) {
  603 |             Text(
  604 |                 text = stringResource(R.string.inbox_sorting_banner),
  605 |                 style = MaterialTheme.typography.bodyMedium,
  606 |                 color = MaterialTheme.colorScheme.onSecondaryContainer,
  607 |             )
  608 |             Spacer(Modifier.height(8.dp))
  609 |             if (banner.total > 0) {
  610 |                 LinearProgressIndicator(
  611 |                     progress = { banner.processed.toFloat() / banner.total },
  612 |                     modifier = Modifier.fillMaxWidth(),
  613 |                 )
  614 |             } else {
  615 |                 LinearProgressIndicator(modifier = Modifier.fillMaxWidth())
  616 |             }
  617 |         }
  618 |     }
  619 | }
  620 | 
  621 | /**
  622 |  * Right-aligned ""Unread"" view-mode switch shown above the pill row. A labeled
  623 |  * [Switch] (not a [FilterChip]) so it reads as a mode toggle that composes
  624 |  * with the pills, rather than one more mutually-exclusive category; the label
  625 |  * carries the total unread count the old pill's badge used to show. Labeled,
  626 |  * so it needs no long-press tooltip.
  627 |  */
  628 | @Composable
  629 | private fun UnreadToggleRow(
  630 |     unreadOnly: Boolean,
  631 |     totalUnread: Int,
  632 |     onToggleUnread: () -> Unit,
  633 | ) {
  634 |     Row(
  635 |         modifier = Modifier.fillMaxWidth().padding(horizontal = 16.dp),
  636 |         horizontalArrangement = Arrangement.End,
  637 |     ) {
  638 |         Row(
  639 |             // One semantics node (Switch's own onCheckedChange is null below):
  640 |             // TalkBack reads ""Unread · N, switch, on/off"" as a single control.
  641 |             modifier =
  642 |                 Modifier.toggleable(
  643 |                     value = unreadOnly,
  644 |                     role = Role.Switch,
  645 |                     onValueChange = { onToggleUnread() },
  646 |                 ),
  647 |             verticalAlignment = Alignment.CenterVertically,
  648 |             horizontalArrangement = Arrangement.spacedBy(8.dp),
  649 |         ) {
  650 |             Text("
pilot-0222,r0016,nikbulavin__flick,nikbulavin__flick/core/ui/src/main/kotlin/ru/resodostudio/flick/core/ui/UiState.kt,32.0,LoadingState,progress_no_semantics,HANDLED,none,adjudicated,FP,ISSUE,progress_no_semantics,NO_ISSUE,none,,R1 framework supplies progress role; no label -> other_issues,CircularProgressIndicator(),"   20 | import com.airbnb.lottie.compose.LottieAnimation
   21 | import com.airbnb.lottie.compose.LottieCompositionSpec
   22 | import com.airbnb.lottie.compose.LottieConstants
   23 | import com.airbnb.lottie.compose.animateLottieCompositionAsState
   24 | import com.airbnb.lottie.compose.rememberLottieComposition
   25 | 
   26 | @Composable
   27 | fun LoadingState() {
   28 |     Box(
   29 |         modifier = Modifier.fillMaxSize(),
   30 |         contentAlignment = Alignment.Center
   31 |     ) {
   32 |         CircularProgressIndicator()
   33 |     }
   34 | }
   35 | 
   36 | @Composable
   37 | fun EmptyState(message: String?, animationId: Int) {
   38 | 
   39 |     val lottieComposition by rememberLottieComposition(LottieCompositionSpec.RawRes(animationId))
   40 |     val progress by animateLottieCompositionAsState(
   41 |         composition = lottieComposition,
   42 |         iterations = LottieConstants.IterateForever
   43 |     )
   44 | 
   45 |     Box(
   46 |         modifier = Modifier
   47 |             .padding(PaddingValues(16.dp))
   48 |             .fillMaxSize(),
   49 |         contentAlignment = Alignment.Center
   50 |     ) {
   51 |         Column(
   52 |             modifier = Modifier.fillMaxSize(),
   53 |             horizontalAlignment = Alignment.CenterHorizontally,
   54 |             verticalArrangement = Arrangement.Center
   55 |         ) {
   56 |             LottieAnimation(
   57 |                 modifier = Modifier.size(200.dp),
   58 |                 composition = lottieComposition,
   59 |                 progress = { progress }
   60 |             )
   61 |             Text(
   62 |                 text = message.toString(),
   63 |                 maxLines = 4,
   64 |                 style = MaterialTheme.typography.bodyMedium,
   65 |                 textAlign = TextAlign.Center,
   66 |                 overflow = TextOverflow.Ellipsis
   67 |             )
   68 |         }
   69 |     }
   70 | }"
pilot-0223,r0157,yassineAbou__Clock,yassineAbou__Clock/app/src/main/java/com/yassineabou/clock/util/components/BackgroundIndicator.kt,24.0,BackgroundIndicator,progress_no_semantics,HANDLED,none,adjudicated,FP,HANDLED,progress_no_semantics,NO_ISSUE,none,,,"strokeWidth: Dp = ProgressIndicatorDefaults.StrokeWidth,","   12 | import androidx.compose.ui.tooling.preview.Preview
   13 | import androidx.compose.ui.unit.Dp
   14 | import com.yassineabou.clock.ui.theme.ClockTheme
   15 | import com.yassineabou.clock.ui.theme.PrimaryLightAlpha
   16 | 
   17 | @Composable
   18 | fun BackgroundIndicator(
   19 |     /*@FloatRange(from = 0.0, to = 1.0)*/
   20 |     progress: Float,
   21 |     modifier: Modifier = Modifier,
   22 |     foregroundColor: Color = MaterialTheme.colorScheme.primary,
   23 |     backgroundColor: Color = MaterialTheme.colorScheme.primary.copy(alpha = PrimaryLightAlpha),
   24 |     strokeWidth: Dp = ProgressIndicatorDefaults.StrokeWidth,
   25 | ) {
   26 |     Box(modifier) {
   27 |         CircularProgressIndicator(
   28 |             progress = progress,
   29 |             modifier = Modifier.fillMaxSize(),
   30 |             color = foregroundColor,
   31 |             strokeWidth = strokeWidth,
   32 |         )
   33 |         CircularProgressIndicator(
   34 |             progress = 1f,
   35 |             modifier = Modifier.fillMaxSize(),
   36 |             color = backgroundColor,
   37 |             strokeWidth = strokeWidth,
   38 |         )
   39 |     }
   40 | }
   41 | 
   42 | @Preview(
   43 |     name = ""Light mode"",
   44 |     uiMode = Configuration.UI_MODE_NIGHT_NO,
   45 | )
   46 | @Preview(
   47 |     name = ""Dark mode"",
   48 |     uiMode = Configuration.UI_MODE_NIGHT_YES,
   49 | )
   50 | @Composable
   51 | private fun ScreenContentPreview() {
   52 |     ClockTheme {
   53 |         Surface {
   54 |             BackgroundIndicator(progress = .6f)
   55 |         }
   56 |     }
   57 | }"
pilot-0224,r0153,RisorseArtificiali__anti-vocale,RisorseArtificiali__anti-vocale/app/src/main/java/com/antivocale/app/ui/dialogs/AddAppPreferenceDialog.kt,131.0,AddAppPreferenceDialog,progress_no_semantics,HANDLED,none,adjudicated,FP,ISSUE,progress_no_semantics,NO_ISSUE,none,,R1 framework supplies progress role; no label -> other_issues,CircularProgressIndicator(),"  119 |                 )
  120 | 
  121 |                 HorizontalDivider()
  122 | 
  123 |                 // App list
  124 |                 if (isLoading) {
  125 |                     Box(
  126 |                         modifier = Modifier
  127 |                             .fillMaxWidth()
  128 |                             .height(200.dp),
  129 |                         contentAlignment = Alignment.Center
  130 |                     ) {
  131 |                         CircularProgressIndicator()
  132 |                     }
  133 |                 } else if (filteredApps.isEmpty()) {
  134 |                     Box(
  135 |                         modifier = Modifier
  136 |                             .fillMaxWidth()
  137 |                             .height(200.dp),
  138 |                         contentAlignment = Alignment.Center
  139 |                     ) {
  140 |                         Text(
  141 |                             text = if (searchQuery.isBlank()) stringResource(R.string.per_app_settings_no_apps) else stringResource(R.string.per_app_settings_no_matching_apps),
  142 |                             style = MaterialTheme.typography.bodyMedium,
  143 |                             color = MaterialTheme.colorScheme.onSurfaceVariant
  144 |                         )
  145 |                     }
  146 |                 } else {
  147 |                     LazyColumn(
  148 |                         modifier = Modifier.height(400.dp),
  149 |                         verticalArrangement = Arrangement.spacedBy(4.dp)
  150 |                     ) {
  151 |                         items(filteredApps) { app ->
  152 |                             AppListItem(
  153 |                                 appName = app.appName,
  154 |                                 packageName = app.packageName,
  155 |                                 icon = app.icon,
  156 |                                 onClick = {
  157 |                                     onAppSelected(app.packageName, app.appName)
  158 |                                     onDismiss()
  159 |                                 }
  160 |                             )
  161 |                         }
  162 |                     }
  163 |                 }
  164 |             }
  165 |         },
  166 |         confirmButton = {},
  167 |         dismissButton = {}
  168 |     )
  169 | }
  170 | 
  171 | /**"
pilot-0225,r0094,iOrchid__android-jetpack-demo,iOrchid__android-jetpack-demo/compose/src/main/java/org/zhiwei/compose/screen/basic/material3/WidgetScreen.kt,159.0,UI_ProgressIndicator,progress_no_semantics,HANDLED,none,adjudicated,FP,ISSUE,progress_no_semantics,NO_ISSUE,none,,R1 framework supplies progress role; no label -> other_issues,private fun UI_ProgressIndicator() {,"  147 |     Snackbar(
  148 |         action = { Text(text = ""Action"") },
  149 |         shape = CutCornerShape(topStart = 10.dp, topEnd = 8.dp),
  150 |         containerColor = Color(0XFFF19790),
  151 |         actionContentColor = Color.Green,
  152 |     ) {
  153 |         //这里是个box容器布局类型，只显示最后一个compose的控件
  154 |         Text(text = ""切角snackbar"")
  155 |     }
  156 | }
  157 | 
  158 | @Composable
  159 | private fun UI_ProgressIndicator() {
  160 |     Title_Text(title = ""ProgressIndicator"")
  161 |     Title_Sub_Text(title = ""1、ProgressIndicator就是传统view中的progressBar，进度提示条/圈"")
  162 |     Title_Desc_Text(desc = ""Indeterminate progress 默认进度progress是0的时候"")
  163 |     CircularProgressIndicator()
  164 |     Spacer(modifier = Modifier.height(8.dp))
  165 |     LinearProgressIndicator()
  166 |     Spacer(modifier = Modifier.height(8.dp))
  167 |     Title_Desc_Text(desc = ""Determinate 有确切的进度"")
  168 |     //在compose中，数据变化都是state的，
  169 |     val progress = progressFlow.collectAsState(initial = 0)
  170 |     CircularProgressIndicator(
  171 |         progress = { progress.value / 100f },
  172 |         color = Color(0XFFFA7E23),
  173 |         strokeWidth = 4.dp,
  174 |         trackColor = Color(0XFF1BA784),
  175 |     )
  176 |     Spacer(modifier = Modifier.height(8.dp))
  177 |     Title_Desc_Text(desc = ""注意观察进度条的变化，使用flow数据流"")
  178 |     LinearProgressIndicator(
  179 |         progress = { progress.value / 100f },
  180 |         color = Color(0XFFF6AD8F),
  181 |         trackColor = Color(0XFF9BAE86),
  182 |     )
  183 |     Spacer(modifier = Modifier.height(8.dp))
  184 |     Title_Desc_Text(desc = ""进度条变化动画形式"")
  185 | 
  186 |     var progressAnimated by remember { mutableFloatStateOf(0.1f) }
  187 |     val animatedProgress by animateFloatAsState(
  188 |         targetValue = progressAnimated,
  189 |         animationSpec = ProgressIndicatorDefaults.ProgressAnimationSpec,
  190 |         label = """"
  191 |     )
  192 |     Row(verticalAlignment = Alignment.CenterVertically) {
  193 |         OutlinedButton(
  194 |             onClick = { if (progressAnimated < 1f) progressAnimated += 0.1f }
  195 |         ) {
  196 |             Text(""变长～"")
  197 |         }
  198 |         Spacer(Modifier.requiredWidth(30.dp))
  199 |         LinearProgressIndicator(progress = { animatedProgress })"
pilot-0226,r0106,cvc953__localplayer,cvc953__localplayer/app/src/main/java/com/cvc953/localplayer/ui/screens/ArtistsScreen.kt,178.0,ArtistsScreen,progress_no_semantics,HANDLED,none,adjudicated,FP,ISSUE,progress_no_semantics,NO_ISSUE,none,,R1 framework supplies progress role; no label -> other_issues,CircularProgressIndicator(color = MaterialTheme.colorScheme.primary),"  166 | 
  167 |     val listState = rememberLazyListState()
  168 |     val gridState = rememberLazyGridState()
  169 |     val scope = rememberCoroutineScope()
  170 |     var currentScrollLetter by remember { mutableStateOf<String?>(null) }
  171 | 
  172 |     if (isScanning) {
  173 |         Column(
  174 |             modifier = Modifier.Companion.fillMaxSize(),
  175 |             verticalArrangement = Arrangement.Center,
  176 |             horizontalAlignment = Alignment.Companion.CenterHorizontally,
  177 |         ) {
  178 |             CircularProgressIndicator(color = MaterialTheme.colorScheme.primary)
  179 |             Spacer(modifier = Modifier.Companion.height(16.dp))
  180 |             Text(stringResource(R.string.scanning_songs), color = MaterialTheme.colorScheme.onBackground)
  181 |         }
  182 |         return
  183 |     }
  184 | 
  185 |     Box(
  186 |         modifier = Modifier.Companion.fillMaxSize().background(MaterialTheme.colorScheme.background),
  187 |     ) {
  188 |         Column(modifier = Modifier.Companion.fillMaxSize()) {
  189 |             Row(
  190 |                 modifier = Modifier.Companion.fillMaxWidth().padding(16.dp),
  191 |                 verticalAlignment = Alignment.Companion.CenterVertically,
  192 |             ) {
  193 |                 Text(
  194 |                     text = stringResource(R.string.artists_title),
  195 |                     fontSize = 28.sp,
  196 |                     fontWeight = FontWeight.Companion.Bold,
  197 |                     color = MaterialTheme.colorScheme.onBackground,
  198 |                     maxLines = 1,
  199 |                     modifier = Modifier.Companion.weight(1f),
  200 |                 )
  201 | 
  202 |                 Box {
  203 |                     IconButton(onClick = { sortMenuExpanded = true }) {
  204 |                         Icon(
  205 |                             Icons.Default.Sort,
  206 |                             contentDescription = stringResource(R.string.action_sort),
  207 |                             tint = MaterialTheme.colorScheme.onBackground,
  208 |                         )
  209 |                     }
  210 |                     DropdownMenu(
  211 |                         expanded = sortMenuExpanded,
  212 |                         onDismissRequest = { sortMenuExpanded = false },
  213 |                         containerColor = MaterialTheme.extendedColors.surfaceSheet,
  214 |                     ) {
  215 |                         DropdownMenuItem(
  216 |                             text = {
  217 |                                 Text(
  218 |                                     stringResource(R.string.sort_title_asc),"
pilot-0227,r0006,kursatkumsuz__movie,kursatkumsuz__movie/core/component/src/main/java/com/kursatkumsuz/component/LoadingPage.kt,33.0,LoadingPage,progress_no_semantics,HANDLED,none,adjudicated,FP,ISSUE,progress_no_semantics,NO_ISSUE,none,,R1 framework supplies progress role; no label -> other_issues,CircularProgressIndicator(Modifier.padding(top = 10.dp)),"   19 | fun LoadingPage() {
   20 |     Column(
   21 |         modifier = Modifier
   22 |             .fillMaxSize()
   23 |             .background(Color.Black),
   24 |         verticalArrangement = Arrangement.Center,
   25 |         horizontalAlignment = Alignment.CenterHorizontally
   26 |     ) {
   27 |         Text(
   28 |             text = ""Loading"",
   29 |             color = MaterialTheme.colorScheme.primary,
   30 |             maxLines = 1,
   31 |             overflow = TextOverflow.Ellipsis
   32 |         )
   33 |         CircularProgressIndicator(Modifier.padding(top = 10.dp))
   34 |     }
   35 | }"
pilot-0228,r0240,christianrowlands__android-network-survey,christianrowlands__android-network-survey/networksurvey/src/main/java/com/craxiom/networksurvey/ui/oui/OuiLookupScreen.kt,271.0,LoadingCard,progress_no_semantics,HANDLED,none,adjudicated,FP,ISSUE,progress_no_semantics,NO_ISSUE,none,,R1 framework supplies progress role; no label -> other_issues,CircularProgressIndicator(,"  259 |         }
  260 |     }
  261 | }
  262 | 
  263 | @Composable
  264 | private fun LoadingCard(query: String) {
  265 |     SurfaceCard {
  266 |         MacDisplay(query)
  267 |         Row(
  268 |             verticalAlignment = Alignment.CenterVertically,
  269 |             horizontalArrangement = Arrangement.spacedBy(10.dp),
  270 |         ) {
  271 |             CircularProgressIndicator(
  272 |                 modifier = Modifier.size(14.dp),
  273 |                 strokeWidth = 2.dp,
  274 |                 color = MaterialTheme.colorScheme.primary,
  275 |             )
  276 |             Text(
  277 |                 text = stringResource(R.string.oui_lookup_loading_label),
  278 |                 style = MaterialTheme.typography.bodySmall,
  279 |                 color = MaterialTheme.colorScheme.onSurfaceVariant,
  280 |             )
  281 |         }
  282 |     }
  283 | }"
pilot-0229,r0101,reactivedroid__TvFlix,reactivedroid__TvFlix/app/src/main/java/com/android/tvflix/main/MainActivity.kt,531.0,CenterLoader,progress_no_semantics,HANDLED,none,adjudicated,FP,ISSUE,progress_no_semantics,NO_ISSUE,none,,R1 framework supplies progress role; no label -> other_issues,CircularProgressIndicator(color = colorResource(id = R.color.colorAccent)),"  519 |                 }
  520 |                 if (rows[rowIndex].size == 1) {
  521 |                     Spacer(modifier = Modifier.weight(1f))
  522 |                 }
  523 |             }
  524 |         }
  525 |     }
  526 | }
  527 | 
  528 | @Composable
  529 | private fun CenterLoader(modifier: Modifier = Modifier.fillMaxSize()) {
  530 |     Box(modifier = modifier, contentAlignment = Alignment.Center) {
  531 |         CircularProgressIndicator(color = colorResource(id = R.color.colorAccent))
  532 |     }
  533 | }
  534 | 
  535 | @Composable
  536 | private fun CenterError(
  537 |     text: String,
  538 |     showRetry: Boolean = false,
  539 |     onRetry: (() -> Unit)? = null
  540 | ) {
  541 |     Box(
  542 |         modifier = Modifier
  543 |             .fillMaxSize()
  544 |             .padding(16.dp),
  545 |         contentAlignment = Alignment.Center
  546 |     ) {
  547 |         Column(horizontalAlignment = Alignment.CenterHorizontally) {
  548 |             Text(text = text, color = colorResource(id = R.color.red))
  549 |             if (showRetry && onRetry != null) {
  550 |                 Spacer(modifier = Modifier.height(8.dp))
  551 |                 Button(
  552 |                     onClick = onRetry,
  553 |                     modifier = Modifier.testTag(""retry"")
  554 |                 ) {
  555 |                     Text(text = stringResource(id = R.string.retry))
  556 |                 }
  557 |             }
  558 |         }
  559 |     }
  560 | }"
pilot-0230,r0048,RisorseArtificiali__anti-vocale,RisorseArtificiali__anti-vocale/app/src/main/java/com/antivocale/app/ui/components/ModelVariantCard.kt,365.0,DownloadProgressView,progress_no_semantics,HANDLED,none,adjudicated,FP,HANDLED,progress_no_semantics,HANDLED,none,,CATEGORY ONLY: both agree on verdict; pick category,LinearProgressIndicator(,"  341 | internal fun DownloadProgressView(
  342 |     downloadState: DownloadState,
  343 |     downloadProgress: Float,
  344 |     showExtractingFileSize: Boolean = false
  345 | ) {
  346 |     when (val state = downloadState) {
  347 |         is DownloadState.Downloading -> {
  348 |             // TASK-384: talkback reads the same percentage the sighted UI shows
  349 |             val percentText = ""${(downloadProgress * 100).toInt()}%""
  350 |             Column(verticalArrangement = Arrangement.spacedBy(4.dp)) {
  351 |                 Row(
  352 |                     modifier = Modifier.fillMaxWidth(),
  353 |                     horizontalArrangement = Arrangement.SpaceBetween
  354 |                 ) {
  355 |                     // Locale-safe: weight + ellipsis keeps the percentage anchored (TASK-345)
  356 |                     Text(
  357 |                         stringResource(R.string.download_status_downloading),
  358 |                         style = MaterialTheme.typography.bodySmall,
  359 |                         maxLines = 1,
  360 |                         overflow = TextOverflow.Ellipsis,
  361 |                         modifier = Modifier.weight(1f)
  362 |                     )
  363 |                     Text(percentText, style = MaterialTheme.typography.bodySmall)
  364 |                 }
  365 |                 LinearProgressIndicator(
  366 |                     progress = { downloadProgress },
  367 |                     modifier = Modifier.fillMaxWidth().semantics { stateDescription = percentText }
  368 |                 )
  369 |                 Text(
  370 |                     text = formatFileSize(state.bytesDownloaded) +
  371 |                         if (state.totalBytes > 0) "" / ${formatFileSize(state.totalBytes)}"" else """",
  372 |                     style = MaterialTheme.typography.labelSmall,
  373 |                     color = MaterialTheme.colorScheme.onSurfaceVariant
  374 |                 )
  375 |                 DownloadRateEta(state)
  376 |             }
  377 |         }
  378 |         is DownloadState.Extracting -> {
  379 |             // TASK-384: talkback reads the same status label the sighted UI shows
  380 |             val extractingLabel =
  381 |                 state.fileName.takeIf { it.isNotEmpty() }
  382 |                     ?: stringResource(R.string.download_status_extracting_files)
  383 |             Column(verticalArrangement = Arrangement.spacedBy(4.dp)) {
  384 |                 LinearProgressIndicator(
  385 |                     progress = { downloadProgress },
  386 |                     modifier = Modifier.fillMaxWidth().semantics { stateDescription = extractingLabel }
  387 |                 )
  388 |                 if (showExtractingFileSize && state.currentFileSize > 0) {
  389 |                     Row(
  390 |                         modifier = Modifier.fillMaxWidth(),
  391 |                         horizontalArrangement = Arrangement.SpaceBetween
  392 |                     ) {
  393 |                         // Locale-safe: weight + ellipsis keeps the byte counter anchored (TASK-345)
  394 |                         Text(
  395 |                             stringResource(R.string.download_status_extracting, state.fileName.takeIf { it.isNotEmpty() } ?: stringResource(R.string.download_status_file_progress, state.fileIndex, state.totalFiles)),
  396 |                             style = MaterialTheme.typography.bodySmall,
  397 |                             maxLines = 1,
  398 |                             overflow = TextOverflow.Ellipsis,
  399 |                             modifier = Modifier.weight(1f)
  400 |                         )
  401 |                         Text(
  402 |                             ""${formatFileSize(state.bytesExtracted)} / ${formatFileSize(state.currentFileSize)}"",
  403 |                             style = MaterialTheme.typography.labelSmall,
  404 |                             color = MaterialTheme.colorScheme.onSurfaceVariant
  405 |                         )"
pilot-0231,r0073,isotjs__todosian-app,isotjs__todosian-app/app/src/main/java/com/isotjs/todosian/ui/components/TodosianComponents.kt,56.0,TodosianLinearProgress,progress_no_semantics,HANDLED,none,adjudicated,FP,HANDLED,progress_no_semantics,NO_ISSUE,none,,,LinearProgressIndicator(,"   44 |         color = MaterialTheme.colorScheme.primary,
   45 |         modifier = modifier
   46 |             .padding(top = 16.dp, bottom = 8.dp),
   47 |     )
   48 | }
   49 | 
   50 | @Composable
   51 | fun TodosianLinearProgress(
   52 |     progress: Float,
   53 |     modifier: Modifier = Modifier,
   54 | ) {
   55 |     val shape = RoundedCornerShape(TodosianDimens.ProgressHeight / 2)
   56 |     LinearProgressIndicator(
   57 |         progress = { progress.coerceIn(0f, 1f) },
   58 |         color = MaterialTheme.colorScheme.primary,
   59 |         trackColor = MaterialTheme.colorScheme.surfaceContainerHighest,
   60 |         modifier = modifier
   61 |             .height(TodosianDimens.ProgressHeight)
   62 |             .clip(shape),
   63 |     )
   64 | }"
pilot-0232,r0050,MoatazBadawy__Mawaqeet-Todo_and_Habits,MoatazBadawy__Mawaqeet-Todo_and_Habits/todos/ui/view/src/main/java/com/moataz/todos/ui/view/component/Loading.kt,14.0,Loading,progress_no_semantics,HANDLED,none,adjudicated,FP,ISSUE,progress_no_semantics,NO_ISSUE,none,color_contrast,R1 framework supplies progress role; no label -> other_issues,CircularProgressIndicator(color = Color.Black),"    2 | 
    3 | import androidx.compose.foundation.layout.Box
    4 | import androidx.compose.foundation.layout.fillMaxSize
    5 | import androidx.compose.material.CircularProgressIndicator
    6 | import androidx.compose.runtime.Composable
    7 | import androidx.compose.ui.Alignment
    8 | import androidx.compose.ui.Modifier
    9 | import androidx.compose.ui.graphics.Color
   10 | 
   11 | @Composable
   12 | fun Loading() {
   13 |     Box(modifier = Modifier.fillMaxSize(), contentAlignment = Alignment.Center) {
   14 |         CircularProgressIndicator(color = Color.Black)
   15 |     }
   16 | }"
pilot-0233,r0061,AhmadHassan-BTed__Parchment,AhmadHassan-BTed__Parchment/app/src/main/java/ted/parchment/reader/ui/components/PdfThumbnail.kt,99.0,PdfThumbnail,progress_no_semantics,HANDLED,none,adjudicated,FP,ISSUE,progress_no_semantics,NO_ISSUE,none,,R1 framework supplies progress role; no label -> other_issues,CircularProgressIndicator(,"   87 |         Image(
   88 |             bitmap = bitmap!!.asImageBitmap(),
   89 |             contentDescription = null,
   90 |             contentScale = ContentScale.Crop,
   91 |             modifier = Modifier.fillMaxSize()
   92 |         )
   93 |     } else {
   94 |         Box(
   95 |             modifier = Modifier.fillMaxSize(),
   96 |             contentAlignment = Alignment.Center
   97 |         ) {
   98 |             if (isLoading) {
   99 |                 CircularProgressIndicator(
  100 |                     modifier = Modifier.size(24.dp),
  101 |                     strokeWidth = 2.dp,
  102 |                     color = MaterialTheme.colorScheme.primary
  103 |                 )
  104 |             } else {
  105 |                 Box(
  106 |                     modifier = Modifier
  107 |                         .size(48.dp)
  108 |                         .clip(RoundedCornerShape(50))
  109 |                         .background(MaterialTheme.colorScheme.secondaryContainer),
  110 |                     contentAlignment = Alignment.Center
  111 |                 ) {
  112 |                     Icon(
  113 |                         imageVector = Icons.Default.Description,
  114 |                         contentDescription = null,
  115 |                         modifier = Modifier.size(24.dp),
  116 |                         tint = MaterialTheme.colorScheme.onSecondaryContainer
  117 |                     )
  118 |                 }
  119 |             }
  120 |         }
  121 |     }
  122 | }"
pilot-0234,r0005,RisorseArtificiali__anti-vocale,RisorseArtificiali__anti-vocale/app/src/main/java/com/antivocale/app/ui/components/ModelVariantCard.kt,365.0,DownloadProgressView,progress_no_semantics,HANDLED,none,adjudicated,FP,HANDLED,progress_no_semantics,HANDLED,none,,CATEGORY ONLY: both agree on verdict; pick category,LinearProgressIndicator(,"  341 | internal fun DownloadProgressView(
  342 |     downloadState: DownloadState,
  343 |     downloadProgress: Float,
  344 |     showExtractingFileSize: Boolean = false
  345 | ) {
  346 |     when (val state = downloadState) {
  347 |         is DownloadState.Downloading -> {
  348 |             // TASK-384: talkback reads the same percentage the sighted UI shows
  349 |             val percentText = ""${(downloadProgress * 100).toInt()}%""
  350 |             Column(verticalArrangement = Arrangement.spacedBy(4.dp)) {
  351 |                 Row(
  352 |                     modifier = Modifier.fillMaxWidth(),
  353 |                     horizontalArrangement = Arrangement.SpaceBetween
  354 |                 ) {
  355 |                     // Locale-safe: weight + ellipsis keeps the percentage anchored (TASK-345)
  356 |                     Text(
  357 |                         stringResource(R.string.download_status_downloading),
  358 |                         style = MaterialTheme.typography.bodySmall,
  359 |                         maxLines = 1,
  360 |                         overflow = TextOverflow.Ellipsis,
  361 |                         modifier = Modifier.weight(1f)
  362 |                     )
  363 |                     Text(percentText, style = MaterialTheme.typography.bodySmall)
  364 |                 }
  365 |                 LinearProgressIndicator(
  366 |                     progress = { downloadProgress },
  367 |                     modifier = Modifier.fillMaxWidth().semantics { stateDescription = percentText }
  368 |                 )
  369 |                 Text(
  370 |                     text = formatFileSize(state.bytesDownloaded) +
  371 |                         if (state.totalBytes > 0) "" / ${formatFileSize(state.totalBytes)}"" else """",
  372 |                     style = MaterialTheme.typography.labelSmall,
  373 |                     color = MaterialTheme.colorScheme.onSurfaceVariant
  374 |                 )
  375 |                 DownloadRateEta(state)
  376 |             }
  377 |         }
  378 |         is DownloadState.Extracting -> {
  379 |             // TASK-384: talkback reads the same status label the sighted UI shows
  380 |             val extractingLabel =
  381 |                 state.fileName.takeIf { it.isNotEmpty() }
  382 |                     ?: stringResource(R.string.download_status_extracting_files)
  383 |             Column(verticalArrangement = Arrangement.spacedBy(4.dp)) {
  384 |                 LinearProgressIndicator(
  385 |                     progress = { downloadProgress },
  386 |                     modifier = Modifier.fillMaxWidth().semantics { stateDescription = extractingLabel }
  387 |                 )
  388 |                 if (showExtractingFileSize && state.currentFileSize > 0) {
  389 |                     Row(
  390 |                         modifier = Modifier.fillMaxWidth(),
  391 |                         horizontalArrangement = Arrangement.SpaceBetween
  392 |                     ) {
  393 |                         // Locale-safe: weight + ellipsis keeps the byte counter anchored (TASK-345)
  394 |                         Text(
  395 |                             stringResource(R.string.download_status_extracting, state.fileName.takeIf { it.isNotEmpty() } ?: stringResource(R.string.download_status_file_progress, state.fileIndex, state.totalFiles)),
  396 |                             style = MaterialTheme.typography.bodySmall,
  397 |                             maxLines = 1,
  398 |                             overflow = TextOverflow.Ellipsis,
  399 |                             modifier = Modifier.weight(1f)
  400 |                         )
  401 |                         Text(
  402 |                             ""${formatFileSize(state.bytesExtracted)} / ${formatFileSize(state.currentFileSize)}"",
  403 |                             style = MaterialTheme.typography.labelSmall,
  404 |                             color = MaterialTheme.colorScheme.onSurfaceVariant
  405 |                         )"
pilot-0235,r0047,miaowmiaow__fragmject,miaowmiaow__fragmject/core/ui/src/main/java/com/example/fragmject/core/ui/components/LoadingContent.kt,27.0,LoadingContent,progress_no_semantics,HANDLED,none,adjudicated,FP,ISSUE,progress_no_semantics,NO_ISSUE,none,,R1 framework supplies progress role; no label -> other_issues,CircularProgressIndicator(,"   14 | fun LoadingContent(
   15 |     isLoading: Boolean,
   16 |     modifier: Modifier = Modifier,
   17 |     innerPadding: PaddingValues = PaddingValues(),
   18 |     content: @Composable () -> Unit
   19 | ) {
   20 |     Box(
   21 |         modifier = modifier
   22 |             .fillMaxSize()
   23 |             .padding(innerPadding)
   24 |     ) {
   25 |         content()
   26 |         if (isLoading) {
   27 |             CircularProgressIndicator(
   28 |                 modifier = Modifier.align(Alignment.Center),
   29 |                 color = MaterialTheme.colorScheme.onSecondaryContainer
   30 |             )
   31 |         }
   32 |     }
   33 | }"
pilot-0236,r0280,beradeep__aiyo,beradeep__aiyo/ui/src/main/java/com/beradeep/aiyo/ui/screens/components/ModelSelectionSheet.kt,89.0,ModelSelectionSheet,progress_no_semantics,HANDLED,none,adjudicated,FP,ISSUE,progress_no_semantics,NO_ISSUE,none,,R1 framework supplies progress role; no label -> other_issues,"LinearProgressIndicator(Modifier.fillMaxWidth(), strokeCap = StrokeCap.Square)","   77 |             )
   78 |             Spacer(modifier = Modifier.height(12.dp))
   79 |             TextField(
   80 |                 modifier = Modifier.padding(horizontal = 16.dp),
   81 |                 value = searchText,
   82 |                 onValueChange = { searchText = it },
   83 |                 leadingIcon = { Icon(Icons.Rounded.Search) },
   84 |                 placeholder = { Text(""Search"") },
   85 |                 shape = CircleShape
   86 |             )
   87 |             Spacer(modifier = Modifier.height(12.dp))
   88 |             AnimatedVisibility(isFetchingModels) {
   89 |                 LinearProgressIndicator(Modifier.fillMaxWidth(), strokeCap = StrokeCap.Square)
   90 |             }
   91 |             LazyColumn {
   92 |                 items(
   93 |                     items = filteredModels,
   94 |                     key = { it.id }
   95 |                 ) { model ->
   96 |                     val isSelected = model.id == selectedModel.id
   97 |                     Surface(
   98 |                         color = if (isSelected) AiyoTheme.colors.surface else AiyoTheme.colors.background
   99 |                     ) {
  100 |                         Row(
  101 |                             modifier =
  102 |                             Modifier
  103 |                                 .fillMaxWidth()
  104 |                                 .padding(horizontal = 16.dp)
  105 |                                 .clip(RoundedCornerShape(8.dp))
  106 |                                 .clickable {
  107 |                                     onModelSelected(model)
  108 |                                 }
  109 |                         ) {
  110 |                             Column(
  111 |                                 modifier =
  112 |                                 Modifier
  113 |                                     .weight(1f)
  114 |                                     .padding(vertical = 12.dp),
  115 |                                 verticalArrangement = Arrangement.Center
  116 |                             ) {
  117 |                                 Text(
  118 |                                     text = model.ownedBy ?: model.id.substringBefore('/'),
  119 |                                     style = LocalTypography.current.h4
  120 |                                 )
  121 |                                 Text(
  122 |                                     modifier = Modifier.padding(top = 2.dp),
  123 |                                     text = model.id.substringAfter('/'),
  124 |                                     style = LocalTypography.current.body2
  125 |                                 )
  126 |                                 Spacer(modifier = Modifier.height(8.dp))
  127 |                             }
  128 |                         }
  129 |                     }"
pilot-0237,r0193,Dev-Aditya-More__PokeVerse,Dev-Aditya-More__PokeVerse/app/src/main/java/com/aditya1875/pokeverse/feature/analysis/presentation/screens/TeamAnalysis.kt,303.0,AnalysisAdGate,progress_no_semantics,HANDLED,none,adjudicated,FP,ISSUE,progress_no_semantics,NO_ISSUE,none,color_contrast,R1 framework supplies progress role; no label -> other_issues,"CircularProgressIndicator(color = BLUE, modifier = Modifier.size(40.dp))","  271 | private fun AnalysisAdGate(
  272 |     adState: RewardedAdState,
  273 |     onWatchAd: () -> Unit,
  274 |     onGetPremium: () -> Unit
  275 | ) {
  276 |     Box(
  277 |         Modifier
  278 |             .fillMaxSize()
  279 |             .background(AnalysisColors.BG),
  280 |         contentAlignment = Alignment.Center
  281 |     ) {
  282 |         Column(
  283 |             Modifier.padding(32.dp),
  284 |             horizontalAlignment = Alignment.CenterHorizontally,
  285 |             verticalArrangement = Arrangement.spacedBy(16.dp)
  286 |         ) {
  287 |             Text(
  288 |                 stringResource(R.string.analysis_ad_title),
  289 |                 style = MaterialTheme.typography.headlineSmall,
  290 |                 color = Color.White,
  291 |                 fontWeight = FontWeight.Bold,
  292 |                 textAlign = TextAlign.Center
  293 |             )
  294 |             Text(
  295 |                 stringResource(R.string.analysis_ad_body),
  296 |                 style = MaterialTheme.typography.bodyMedium,
  297 |                 color = Color.White.copy(alpha = 0.7f),
  298 |                 textAlign = TextAlign.Center
  299 |             )
  300 |             Spacer(Modifier.height(8.dp))
  301 |             when (adState) {
  302 |                 is RewardedAdState.Loading -> {
  303 |                     CircularProgressIndicator(color = BLUE, modifier = Modifier.size(40.dp))
  304 |                     Text(
  305 |                         stringResource(R.string.analysis_ad_loading),
  306 |                         style = MaterialTheme.typography.bodySmall,
  307 |                         color = Color.White.copy(alpha = 0.5f)
  308 |                     )
  309 |                 }
  310 |                 is RewardedAdState.Ready, is RewardedAdState.Idle -> {
  311 |                     Button(
  312 |                         onClick = onWatchAd,
  313 |                         enabled = adState is RewardedAdState.Ready,
  314 |                         shape = RoundedCornerShape(12.dp),
  315 |                         colors = ButtonDefaults.buttonColors(containerColor = BLUE),
  316 |                         modifier = Modifier.fillMaxWidth()
  317 |                     ) {
  318 |                         Text(
  319 |                             if (adState is RewardedAdState.Ready) stringResource(R.string.action_watch_ad)
  320 |                             else stringResource(R.string.analysis_ad_unavailable),
  321 |                             modifier = Modifier.padding(vertical = 4.dp)
  322 |                         )
  323 |                     }
  324 |                 }
  325 |                 is RewardedAdState.Showing -> {
  326 |                     CircularProgressIndicator(color = BLUE, modifier = Modifier.size(40.dp))
  327 |                 }
  328 |             }
  329 |             Button(
  330 |                 onClick = onGetPremium,
  331 |                 shape = RoundedCornerShape(12.dp),
  332 |                 colors = ButtonDefaults.buttonColors(
  333 |                     containerColor = Color.White.copy(alpha = 0.12f)
  334 |                 ),
  335 |                 modifier = Modifier.fillMaxWidth()
  336 |             ) {
  337 |                 Text(
  338 |                     stringResource(R.string.action_go_premium),
  339 |                     color = Color.White,
  340 |                     modifier = Modifier.padding(vertical = 4.dp)
  341 |                 )
  342 |             }
  343 |         }"
pilot-0238,r0011,piratecash__pcash-wallet,piratecash__pcash-wallet/app/src/main/java/cash/p/terminal/modules/coin/overview/ui/CoinOverviewScreen.kt,286.0,onClick,progress_no_semantics,HANDLED,none,adjudicated,FP,ISSUE,progress_no_semantics,NO_ISSUE,none,,R1 framework supplies progress role; no label -> other_issues,CircularProgressIndicator(,"  274 |         contentAlignment = Alignment.Center
  275 |     ) {
  276 |         subhead2_grey(text = message)
  277 |     }
  278 | }
  279 | 
  280 | @Composable
  281 | fun Loading(modifier: Modifier = Modifier) {
  282 |     Box(
  283 |         modifier = modifier.fillMaxSize(),
  284 |         contentAlignment = Alignment.Center
  285 |     ) {
  286 |         CircularProgressIndicator(
  287 |             modifier = Modifier.size(24.dp),
  288 |             color = ComposeAppTheme.colors.grey,
  289 |             strokeWidth = 2.dp
  290 |         )
  291 |     }
  292 | }"
pilot-0239,r0030,Chesire__Nekome,Chesire__Nekome/features/search/src/main/java/com/chesire/nekome/app/search/search/ui/SearchScreen.kt,121.0,Render,progress_no_semantics,HANDLED,none,adjudicated,FP,ISSUE,progress_no_semantics,NO_ISSUE,none,,R1 framework supplies progress role; no label -> other_issues,CircularProgressIndicator(),"   88 | private fun Render(
   89 |     state: State<UIState>,
   90 |     onInputTextChanged: (String) -> Unit,
   91 |     onSearchGroupSelected: (SearchGroup) -> Unit,
   92 |     onSearchPressed: () -> Unit,
   93 |     onSeriesTrack: (ResultModel) -> Unit,
   94 |     onSnackbarShown: () -> Unit
   95 | ) {
   96 |     val snackbarHostState = remember { SnackbarHostState() }
   97 | 
   98 |     Scaffold(
   99 |         snackbarHost = {
  100 |             SnackbarHost(
  101 |                 hostState = snackbarHostState,
  102 |                 modifier = Modifier.semantics { testTag = SearchTags.Snackbar }
  103 |             )
  104 |         },
  105 |         modifier = Modifier.semantics { testTag = SearchTags.Root }
  106 |     ) { paddingValues ->
  107 |         Column(
  108 |             modifier = Modifier
  109 |                 .fillMaxSize()
  110 |                 .padding(paddingValues),
  111 |             horizontalAlignment = Alignment.CenterHorizontally
  112 |         ) {
  113 |             InputText(
  114 |                 state.value.searchText,
  115 |                 state.value.isSearchTextError,
  116 |                 onInputTextChanged,
  117 |                 onSearchPressed
  118 |             )
  119 |             SearchGroup(state.value.searchGroup, onSearchGroupSelected)
  120 |             if (state.value.isSearching) {
  121 |                 CircularProgressIndicator()
  122 |             } else {
  123 |                 SearchButton(state.value.isSearching, onSearchPressed)
  124 |             }
  125 |             Divider(modifier = Modifier.padding(8.dp))
  126 |             SearchResults(state.value.resultModels, onSeriesTrack)
  127 |         }
  128 |     }
  129 | 
  130 |     val snackbar = state.value.errorSnackbar
  131 |     if (snackbar != null) {
  132 |         val message = stringResource(id = snackbar.stringRes, snackbar.formatText)
  133 |         LaunchedEffect(message) {
  134 |             snackbarHostState.showSnackbar(message = message, duration = SnackbarDuration.Short)
  135 |             onSnackbarShown()
  136 |         }
  137 |     }
  138 | }
  139 | 
  140 | @Composable
  141 | private fun InputText(
  142 |     text: String,
  143 |     isError: Boolean,
  144 |     onInputTextChanged: (String) -> Unit,
  145 |     onDonePressed: () -> Unit
  146 | ) {
  147 |     val keyboardController = LocalSoftwareKeyboardController.current
  148 | 
  149 |     OutlinedTextField(
  150 |         value = text,
  151 |         onValueChange = onInputTextChanged,
  152 |         keyboardOptions = KeyboardOptions.Default.copy(
  153 |             keyboardType = KeyboardType.Text,
  154 |             autoCorrect = false
  155 |         ),
  156 |         keyboardActions = KeyboardActions(
  157 |             onDone = {
  158 |                 onDonePressed()
  159 |                 keyboardController?.hide()
  160 |             }
  161 |         ),"
pilot-0240,r0053,jordond__MaterialKolor,jordond__MaterialKolor/builder/shared/src/commonMain/kotlin/com/materialkolor/builder/ui/home/components/ExportDialog.kt,42.0,ExportDialog,progress_no_semantics,HANDLED,none,adjudicated,FP,ISSUE,progress_no_semantics,NO_ISSUE,none,,R1 framework supplies progress role; no label -> other_issues,CircularProgressIndicator(),"   22 | fun ExportDialog(
   23 |     onDismiss: () -> Unit,
   24 |     modifier: Modifier = Modifier,
   25 | ) {
   26 |     Dialog(
   27 |         onDismissRequest = {},
   28 |         properties = DialogProperties(
   29 |             dismissOnBackPress = false,
   30 |             dismissOnClickOutside = false,
   31 |         ),
   32 |         content = {
   33 |             Card(
   34 |                 modifier = modifier
   35 |                     .size(300.dp)
   36 |                     .padding(16.dp),
   37 |             ) {
   38 |                 Column(
   39 |                     verticalArrangement = Arrangement.Center,
   40 |                     horizontalAlignment = Alignment.CenterHorizontally,
   41 |                 ) {
   42 |                     CircularProgressIndicator()
   43 |                     Spacer(modifier = Modifier.height(16.dp))
   44 |                     Text(text = ""Exporting..."", fontStyle = FontStyle.Italic)
   45 |                     Spacer(modifier = Modifier.height(32.dp))
   46 | 
   47 |                     Button(onClick = onDismiss) {
   48 |                         Text(text = ""Cancel"")
   49 |                     }
   50 |                 }
   51 |             }
   52 |         },
   53 |     )
   54 | }"
pilot-0241,r0232,chmouel__liseur,chmouel__liseur/app/src/main/kotlin/com/chmouel/liseur/ui/stats/ReadingStatsScreen.kt,449.0,BentoTile,text_truncation_scaling,NO_ISSUE,none,adjudicated,FP,NO_ISSUE,none,ISSUE,text_truncation_scaling,,R4 MANUAL: unique content? ISSUE(low) : NO_ISSUE,"overflow = TextOverflow.Ellipsis,","  420 | private fun BentoTile(
  421 |     icon: ImageVector,
  422 |     value: String,
  423 |     label: String,
  424 |     modifier: Modifier = Modifier,
  425 | ) {
  426 |     Surface(
  427 |         shape = RoundedCornerShape(16.dp),
  428 |         color = MaterialTheme.colorScheme.surfaceContainerLow,
  429 |         modifier = modifier,
  430 |     ) {
  431 |         Column(
  432 |             modifier = Modifier.padding(16.dp),
  433 |         ) {
  434 |             Row(
  435 |                 verticalAlignment = Alignment.CenterVertically,
  436 |                 horizontalArrangement = Arrangement.spacedBy(6.dp),
  437 |             ) {
  438 |                 Icon(
  439 |                     imageVector = icon,
  440 |                     contentDescription = null,
  441 |                     modifier = Modifier.size(18.dp),
  442 |                     tint = MaterialTheme.colorScheme.primary,
  443 |                 )
  444 |                 Text(
  445 |                     text = label,
  446 |                     style = MaterialTheme.typography.labelSmall,
  447 |                     color = MaterialTheme.colorScheme.onSurfaceVariant,
  448 |                     maxLines = 1,
  449 |                     overflow = TextOverflow.Ellipsis,
  450 |                 )
  451 |             }
  452 |             Spacer(Modifier.height(8.dp))
  453 |             Text(
  454 |                 text = value,
  455 |                 style = MaterialTheme.typography.titleLarge.copy(
  456 |                     fontWeight = FontWeight.Bold,
  457 |                 ),
  458 |                 color = MaterialTheme.colorScheme.onSurface,
  459 |             )
  460 |         }
  461 |     }
  462 | }
  463 | 
  464 | /**
  465 |  * The chart, in a card with its own heading.
  466 |  *
  467 |  * Each range uses the calendar unit beneath it: days in a week, weeks
  468 |  * in a month, months in a year and years over all time. The separate
  469 |  * heatmap below keeps the daily shape of longer spans available.
  470 |  */
  471 | @Composable
  472 | private fun ActivityCard(stats: ReadingStats, range: StatsRange) {
  473 |     val periods = readingPeriods(
  474 |         days = stats.recent,
  475 |         range = range,
  476 |         weekStart = localeWeekStart(LocalLocale.current.platformLocale),
  477 |     )
  478 |     Surface(
  479 |         shape = RoundedCornerShape(18.dp),
  480 |         color = MaterialTheme.colorScheme.surfaceContainerLow,
  481 |         modifier = Modifier.fillMaxWidth(),
  482 |     ) {
  483 |         Column(
  484 |             modifier = Modifier.padding(horizontal = 12.dp, vertical = 16.dp),
  485 |         ) {
  486 |             Row(
  487 |                 modifier = Modifier
  488 |                     .fillMaxWidth()
  489 |                     .padding(horizontal = 4.dp),"
pilot-0242,r0263,Dking08__croc-app,Dking08__croc-app/app/src/main/java/com/dking/crocapp/ui/quick/QuickScreen.kt,819.0,QuickReceivedFilesCard,text_truncation_scaling,ISSUE,text_truncation_scaling,agreed,TP,ISSUE,text_truncation_scaling,ISSUE,text_truncation_scaling,,,overflow = TextOverflow.Ellipsis,"  807 |                             Icons.Rounded.InsertDriveFile,
  808 |                             contentDescription = null,
  809 |                             modifier = Modifier.size(18.dp),
  810 |                             tint = MaterialTheme.colorScheme.onTertiaryContainer
  811 |                         )
  812 |                     }
  813 |                     Column(modifier = Modifier.weight(1f)) {
  814 |                         Text(
  815 |                             text = file.name,
  816 |                             style = MaterialTheme.typography.bodyMedium,
  817 |                             fontWeight = FontWeight.Medium,
  818 |                             maxLines = 1,
  819 |                             overflow = TextOverflow.Ellipsis
  820 |                         )
  821 |                         Text(
  822 |                             text = file.savedLocation,
  823 |                             style = MaterialTheme.typography.labelMedium,
  824 |                             color = MaterialTheme.colorScheme.onSurfaceVariant,
  825 |                             maxLines = 1,
  826 |                             overflow = TextOverflow.Ellipsis
  827 |                         )
  828 |                     }
  829 |                     IconButton(
  830 |                         onClick = { openReceivedFile(context, file) },
  831 |                         modifier = Modifier.size(32.dp)
  832 |                     ) {
  833 |                         Icon(
  834 |                             Icons.Rounded.OpenInNew,
  835 |                             contentDescription = stringResource(R.string.action_open_file),
  836 |                             modifier = Modifier.size(18.dp),
  837 |                             tint = MaterialTheme.colorScheme.onSurfaceVariant
  838 |                         )
  839 |                     }
  840 |                     IconButton(
  841 |                         onClick = { shareReceivedFile(context, file) },
  842 |                         modifier = Modifier.size(32.dp)
  843 |                     ) {
  844 |                         Icon(
  845 |                             Icons.Rounded.Share,
  846 |                             contentDescription = stringResource(R.string.action_share_file),
  847 |                             modifier = Modifier.size(18.dp),
  848 |                             tint = MaterialTheme.colorScheme.onSurfaceVariant
  849 |                         )
  850 |                     }
  851 |                 }
  852 |             }
  853 |             if (receivedFiles.size > 5) {
  854 |                 QuickDetailPill(label = stringResource(R.string.label_more_saved, receivedFiles.size - 5))
  855 |             }
  856 |         }
  857 |     }
  858 | }
  859 | "
pilot-0243,r0195,nemoXdev__CryptoSafe,nemoXdev__CryptoSafe/app/src/main/java/com/cryptosafe/app/MainActivity.kt,360.0,CryptoSafeApp,text_truncation_scaling,ISSUE,text_truncation_scaling,agreed,TP,ISSUE,text_truncation_scaling,ISSUE,text_truncation_scaling,,,"overflow = TextOverflow.Ellipsis,","  348 |                 title = {
  349 |                     val isBoxes = vm.selectedTab == 1 && isMainScreen
  350 |                     val isCreateBox = vm.mode == Screen.CreateBox
  351 |                     val isSettings = vm.mode == Screen.Settings
  352 |                     val isBoxSettings = vm.mode == Screen.BoxSettings
  353 |                     if (vm.mode == Screen.Chat) {
  354 |                         
  355 |                         Row(verticalAlignment = Alignment.CenterVertically) {
  356 |                             Text(
  357 |                                 chatBox?.name.orEmpty(),
  358 |                                 fontWeight = FontWeight.Bold,
  359 |                                 maxLines = 1,
  360 |                                 overflow = TextOverflow.Ellipsis,
  361 |                                 modifier = Modifier.weight(1f, fill = false)
  362 |                             )
  363 |                             Text(
  364 |                                 "" (${chatMessageCount} ${LocalizationManager.getString(""messages"")})"",
  365 |                                 fontWeight = FontWeight.Bold
  366 |                             )
  367 |                         }
  368 |                     } else if (isBoxes || isCreateBox || isSettings || isBoxSettings) {
  369 |                         Row(verticalAlignment = Alignment.CenterVertically) {
  370 |                             Icon(
  371 |                                 painter = painterResource(
  372 |                                     when {
  373 |                                         isCreateBox -> com.cryptosafe.app.R.drawable.ic_add_box
  374 |                                         isBoxSettings || isSettings -> com.cryptosafe.app.R.drawable.ic_settings
  375 |                                         else -> com.cryptosafe.app.R.drawable.ic_box
  376 |                                     }
  377 |                                 ),
  378 |                                 contentDescription = null,
  379 |                                 modifier = Modifier.size(24.dp),
  380 |                                 tint = Color.Unspecified
  381 |                             )
  382 |                             Spacer(Modifier.width(6.dp))
  383 |                             Text(
  384 |                                 screenTitle,
  385 |                                 fontWeight = FontWeight.Bold,
  386 |                                 maxLines = 1,
  387 |                                 overflow = TextOverflow.Ellipsis
  388 |                             )
  389 |                         }
  390 |                     } else {
  391 |                         Text(
  392 |                             screenTitle,
  393 |                             fontWeight = FontWeight.Bold,
  394 |                             maxLines = 1,
  395 |                             overflow = TextOverflow.Ellipsis
  396 |                         )
  397 |                     }
  398 |                 },
  399 |                 navigationIcon = {
  400 |                     if (!isMainScreen) {"
pilot-0244,r0270,imashnake0__Animite,imashnake0__Animite/profile/src/main/kotlin/com/imashnake/animite/profile/ui/UpdateEntryDialog.kt,661.0,StatusDropDown,text_truncation_scaling,NO_ISSUE,none,adjudicated,FP,NO_ISSUE,none,ISSUE,text_truncation_scaling,,R4 MANUAL: unique content? ISSUE(low) : NO_ISSUE,"overflow = TextOverflow.Ellipsis,","  649 |                     Icon(
  650 |                         imageVector = ImageVector.vectorResource(it.res),
  651 |                         contentDescription = null,
  652 |                         tint = MaterialTheme.colorScheme.onSurfaceVariant,
  653 |                         modifier = Modifier.size(dimensionResource(R.dimen.tracking_list_header_icon_size))
  654 |                     )
  655 |                 }
  656 |                 AnimatedContent(selectedStatus) {
  657 |                     Text(
  658 |                         text = stringResource(it.title),
  659 |                         color = MaterialTheme.colorScheme.onSurfaceVariant,
  660 |                         style = MaterialTheme.typography.bodyMedium.copy(baselineShift = null),
  661 |                         overflow = TextOverflow.Ellipsis,
  662 |                         maxLines = 1,
  663 |                         // DropDownIcon padding
  664 |                         modifier = Modifier.padding(end = 16.dp)
  665 |                     )
  666 |                 }
  667 |             }
  668 |             DropDownIcon(isDroppedDown = isStatusDropDownExpanded)
  669 |         }
  670 | 
  671 |         CascadeDropdownMenu(
  672 |             expanded = isStatusDropDownExpanded,
  673 |             onDismissRequest = { isStatusDropDownExpanded = false },
  674 |             state = cascadeState,
  675 |             shape = RoundedCornerShape(
  676 |                 (dimensionResource(R.dimen.tracking_list_header_height) + LocalPaddings.current.tiny) / 2
  677 |             ),
  678 |             fixedWidth = dropDownWidthDp.dp,
  679 |             modifier = Modifier.padding(vertical = LocalPaddings.current.tiny)
  680 |         ) {
  681 |             statuses.fastForEach {
  682 |                 val selectedAlpha by animateFloatAsState(
  683 |                     targetValue = if (it == selectedStatus) 1f else 0f
  684 |                 )
  685 |                 DropdownMenuItem(
  686 |                     text = {
  687 |                         Text(
  688 |                             text = stringResource(it.title),
  689 |                             color = MaterialTheme.colorScheme.onSurfaceVariant,
  690 |                             style = MaterialTheme.typography.bodyMedium.copy(baselineShift = null),
  691 |                             overflow = TextOverflow.Ellipsis
  692 |                         )
  693 |                     },
  694 |                     leadingIcon = {
  695 |                         Icon(
  696 |                             imageVector = ImageVector.vectorResource(it.res),
  697 |                             contentDescription = stringResource(it.title),
  698 |                             tint = MaterialTheme.colorScheme.onSurfaceVariant,
  699 |                             modifier = Modifier.size(dimensionResource(R.dimen.tracking_list_header_icon_size))
  700 |                         )
  701 |                     },"
pilot-0245,r0176,IacobIonut01__ReFra,IacobIonut01__ReFra/app/src/main/kotlin/com/dot/gallery/cloud/ui/settings/CloudNetworkingScreen.kt,311.0,NetworkingHeroCard,text_truncation_scaling,ISSUE,text_truncation_scaling,agreed,TP,ISSUE,text_truncation_scaling,ISSUE,text_truncation_scaling,,,overflow = TextOverflow.Ellipsis,"  276 | private fun NetworkingHeroCard(
  277 |     effectiveUrl: String,
  278 |     localActive: Boolean,
  279 |     autoUrlSwitch: Boolean,
  280 |     onToggleAuto: (Boolean) -> Unit
  281 | ) {
  282 |     Column(
  283 |         modifier = Modifier
  284 |             .fillMaxWidth()
  285 |             .padding(horizontal = 16.dp, vertical = 8.dp)
  286 |             .clip(RoundedCornerShape(28.dp))
  287 |             .background(MaterialTheme.colorScheme.surfaceContainer)
  288 |             .padding(20.dp),
  289 |         verticalArrangement = Arrangement.spacedBy(20.dp)
  290 |     ) {
  291 |         // Active address headline
  292 |         Row(verticalAlignment = Alignment.CenterVertically) {
  293 |             Icon(
  294 |                 imageVector = if (localActive) Icons.Outlined.Wifi else Icons.Outlined.Public,
  295 |                 contentDescription = null,
  296 |                 tint = MaterialTheme.colorScheme.primary,
  297 |                 modifier = Modifier.size(22.dp)
  298 |             )
  299 |             Spacer(Modifier.width(12.dp))
  300 |             Column(modifier = Modifier.weight(1f)) {
  301 |                 Text(
  302 |                     text = stringResource(R.string.cloud_net_connection),
  303 |                     style = MaterialTheme.typography.labelMedium,
  304 |                     color = MaterialTheme.colorScheme.onSurfaceVariant
  305 |                 )
  306 |                 Text(
  307 |                     text = effectiveUrl.ifBlank { stringResource(R.string.cloud_net_not_configured) },
  308 |                     style = MaterialTheme.typography.titleMedium,
  309 |                     fontWeight = FontWeight.SemiBold,
  310 |                     maxLines = 1,
  311 |                     overflow = TextOverflow.Ellipsis
  312 |                 )
  313 |             }
  314 |         }
  315 | 
  316 |         // Local <-> External mode selector
  317 |         Row(
  318 |             verticalAlignment = Alignment.CenterVertically,
  319 |             horizontalArrangement = Arrangement.spacedBy(8.dp)
  320 |         ) {
  321 |             NetworkModeTile(
  322 |                 icon = Icons.Outlined.Router,
  323 |                 label = stringResource(R.string.cloud_net_local),
  324 |                 active = localActive,
  325 |                 modifier = Modifier.weight(1f)
  326 |             )
  327 |             Icon(
  328 |                 imageVector = Icons.Outlined.SwapHoriz,
  329 |                 contentDescription = null,
  330 |                 tint = MaterialTheme.colorScheme.onSurfaceVariant,
  331 |                 modifier = Modifier.size(20.dp)
  332 |             )
  333 |             NetworkModeTile(
  334 |                 icon = Icons.Outlined.Public,
  335 |                 label = stringResource(R.string.cloud_net_external),
  336 |                 active = !localActive,
  337 |                 modifier = Modifier.weight(1f)
  338 |             )
  339 |         }
  340 | 
  341 |         Text(
  342 |             text = stringResource(
  343 |                 if (localActive) R.string.cloud_net_local_active
  344 |                 else R.string.cloud_net_external_active
  345 |             ),
  346 |             style = MaterialTheme.typography.bodySmall,
  347 |             color = MaterialTheme.colorScheme.onSurfaceVariant
  348 |         )
  349 | 
  350 |         HorizontalDivider(color = MaterialTheme.colorScheme.outlineVariant.copy(alpha = 0.5f))
  351 | "
pilot-0246,r0115,isotjs__todosian-app,isotjs__todosian-app/app/src/main/java/com/isotjs/todosian/ui/category/CategoryScreen.kt,434.0,CategoryScreen,text_truncation_scaling,NO_ISSUE,none,adjudicated,FP,NO_ISSUE,none,ISSUE,text_truncation_scaling,,R4 MANUAL: unique content? ISSUE(low) : NO_ISSUE,"overflow = TextOverflow.Ellipsis,","  422 |                 }
  423 |             }
  424 |         }
  425 |     }
  426 | 
  427 |     Scaffold(
  428 |         topBar = {
  429 |             TopAppBar(
  430 |                 title = {
  431 |                     Text(
  432 |                         text = uiState.title,
  433 |                         maxLines = 1,
  434 |                         overflow = TextOverflow.Ellipsis,
  435 |                     )
  436 |                 },
  437 |                 navigationIcon = {
  438 |                     IconButton(onClick = onBack) {
  439 |                         Icon(
  440 |                             imageVector = Icons.AutoMirrored.Filled.ArrowBack,
  441 |                             contentDescription = stringResource(R.string.cd_navigate_back),
  442 |                         )
  443 |                     }
  444 |                 },
  445 |             )
  446 |         },
  447 |         snackbarHost = { SnackbarHost(hostState = snackbarHostState) },
  448 |         floatingActionButton = {
  449 |             FloatingActionButton(
  450 |                 onClick = {
  451 |                     sheetMode = TodoSheetMode.Add
  452 |                     sheetText = """"
  453 |                     sheetMeta = if (settings.enableTasksPluginSupport) {
  454 |                         MarkdownParser.TasksMeta(createdDate = LocalDate.now().toString())
  455 |                     } else {
  456 |                         MarkdownParser.TasksMeta()
  457 |                     }
  458 |                 },
  459 |             ) {
  460 |                 Icon(
  461 |                     imageVector = Icons.Filled.Add,
  462 |                     contentDescription = stringResource(R.string.cd_add_todo),
  463 |                 )
  464 |             }
  465 |         },
  466 |         modifier = modifier.fillMaxSize(),
  467 |     ) { padding ->
  468 |         if (uiState.isLoading) {
  469 |             Box(
  470 |                 modifier = Modifier
  471 |                     .fillMaxSize()
  472 |                     .padding(padding),
  473 |                 contentAlignment = Alignment.Center,
  474 |             ) {"
pilot-0247,r0156,Nyabsi__VRCAA,Nyabsi__VRCAA/app/src/main/java/cc/sovellus/vrcaa/ui/components/card/ProfileCard.kt,145.0,ProfileCard,text_truncation_scaling,ISSUE,text_truncation_scaling,agreed,TP,ISSUE,text_truncation_scaling,ISSUE,text_truncation_scaling,,,"overflow = TextOverflow.Ellipsis,","  133 |                 Row(
  134 |                     modifier = Modifier.padding(start = 12.dp, top = 60.dp),
  135 |                     verticalAlignment = Alignment.CenterVertically,
  136 |                     horizontalArrangement = Arrangement.Start
  137 |                 ) {
  138 |                     Text(
  139 |                         text = displayName,
  140 |                         style = MaterialTheme.typography.titleLarge,
  141 |                         fontWeight = FontWeight.SemiBold,
  142 |                         textAlign = TextAlign.Left,
  143 |                         color = trustRankColor,
  144 |                         maxLines = 1,
  145 |                         overflow = TextOverflow.Ellipsis,
  146 |                     )
  147 |                     if (ageVerificationStatus == ""18+"") {
  148 |                         Badge(
  149 |                             containerColor = Color(0xFF606FE4),
  150 |                             modifier = Modifier.padding(start = 8.dp)
  151 |                         ) {
  152 |                             Text(
  153 |                                 modifier = Modifier.padding(2.dp),
  154 |                                 text = ""18+"",
  155 |                                 fontSize = 12.sp,
  156 |                                 fontWeight = FontWeight.Bold,
  157 |                                 textAlign = TextAlign.Left,
  158 |                                 maxLines = 1,
  159 |                                 overflow = TextOverflow.Ellipsis,
  160 |                                 color = Color.White
  161 |                             )
  162 |                         }
  163 |                     }
  164 |                     if (pronouns.isNotEmpty()) {
  165 |                         Badge(
  166 |                             containerColor = MaterialTheme.colorScheme.secondary,
  167 |                             modifier = Modifier.padding(start = 8.dp)
  168 |                         ) {
  169 |                             Text(
  170 |                                 modifier = Modifier.padding(2.dp).widthIn(Dp.Unspecified, 128.dp),
  171 |                                 text = pronouns,
  172 |                                 fontSize = 12.sp,
  173 |                                 fontWeight = FontWeight.Bold,
  174 |                                 textAlign = TextAlign.Left,
  175 |                                 maxLines = 1,
  176 |                                 overflow = TextOverflow.Ellipsis,
  177 |                             )
  178 |                         }
  179 |                     }
  180 |                 }
  181 | 
  182 |                 Row(
  183 |                     modifier = Modifier
  184 |                         .fillMaxWidth()
  185 |                         .padding(end = 4.dp),"
pilot-0248,r0173,RisorseArtificiali__anti-vocale,RisorseArtificiali__anti-vocale/app/src/main/java/com/antivocale/app/ui/components/ModelVariantCard.kt,360.0,DownloadProgressView,text_truncation_scaling,NO_ISSUE,none,adjudicated,FP,NO_ISSUE,none,ISSUE,text_truncation_scaling,,R4 MANUAL: unique content? ISSUE(low) : NO_ISSUE,"overflow = TextOverflow.Ellipsis,","  341 | internal fun DownloadProgressView(
  342 |     downloadState: DownloadState,
  343 |     downloadProgress: Float,
  344 |     showExtractingFileSize: Boolean = false
  345 | ) {
  346 |     when (val state = downloadState) {
  347 |         is DownloadState.Downloading -> {
  348 |             // TASK-384: talkback reads the same percentage the sighted UI shows
  349 |             val percentText = ""${(downloadProgress * 100).toInt()}%""
  350 |             Column(verticalArrangement = Arrangement.spacedBy(4.dp)) {
  351 |                 Row(
  352 |                     modifier = Modifier.fillMaxWidth(),
  353 |                     horizontalArrangement = Arrangement.SpaceBetween
  354 |                 ) {
  355 |                     // Locale-safe: weight + ellipsis keeps the percentage anchored (TASK-345)
  356 |                     Text(
  357 |                         stringResource(R.string.download_status_downloading),
  358 |                         style = MaterialTheme.typography.bodySmall,
  359 |                         maxLines = 1,
  360 |                         overflow = TextOverflow.Ellipsis,
  361 |                         modifier = Modifier.weight(1f)
  362 |                     )
  363 |                     Text(percentText, style = MaterialTheme.typography.bodySmall)
  364 |                 }
  365 |                 LinearProgressIndicator(
  366 |                     progress = { downloadProgress },
  367 |                     modifier = Modifier.fillMaxWidth().semantics { stateDescription = percentText }
  368 |                 )
  369 |                 Text(
  370 |                     text = formatFileSize(state.bytesDownloaded) +
  371 |                         if (state.totalBytes > 0) "" / ${formatFileSize(state.totalBytes)}"" else """",
  372 |                     style = MaterialTheme.typography.labelSmall,
  373 |                     color = MaterialTheme.colorScheme.onSurfaceVariant
  374 |                 )
  375 |                 DownloadRateEta(state)
  376 |             }
  377 |         }
  378 |         is DownloadState.Extracting -> {
  379 |             // TASK-384: talkback reads the same status label the sighted UI shows
  380 |             val extractingLabel =
  381 |                 state.fileName.takeIf { it.isNotEmpty() }
  382 |                     ?: stringResource(R.string.download_status_extracting_files)
  383 |             Column(verticalArrangement = Arrangement.spacedBy(4.dp)) {
  384 |                 LinearProgressIndicator(
  385 |                     progress = { downloadProgress },
  386 |                     modifier = Modifier.fillMaxWidth().semantics { stateDescription = extractingLabel }
  387 |                 )
  388 |                 if (showExtractingFileSize && state.currentFileSize > 0) {
  389 |                     Row(
  390 |                         modifier = Modifier.fillMaxWidth(),
  391 |                         horizontalArrangement = Arrangement.SpaceBetween
  392 |                     ) {
  393 |                         // Locale-safe: weight + ellipsis keeps the byte counter anchored (TASK-345)
  394 |                         Text(
  395 |                             stringResource(R.string.download_status_extracting, state.fileName.takeIf { it.isNotEmpty() } ?: stringResource(R.string.download_status_file_progress, state.fileIndex, state.totalFiles)),
  396 |                             style = MaterialTheme.typography.bodySmall,
  397 |                             maxLines = 1,
  398 |                             overflow = TextOverflow.Ellipsis,
  399 |                             modifier = Modifier.weight(1f)
  400 |                         )"
pilot-0249,r0114,Darkrock-Studios__hammer-editor,Darkrock-Studios__hammer-editor/composeUi/src/commonMain/kotlin/com/darkrockstudios/apps/hammer/common/storyeditor/OutlineOverviewUi.kt,471.0,ChapterDropdown,text_truncation_scaling,ISSUE,text_truncation_scaling,agreed,TP,ISSUE,text_truncation_scaling,ISSUE,text_truncation_scaling,,,"overflow = TextOverflow.Ellipsis,","  459 | 				Text(
  460 | 					text = romanNumeral(activeChapterIndex + 1),
  461 | 					style = MaterialTheme.typography.titleMedium,
  462 | 					fontWeight = FontWeight.Light,
  463 | 					color = MaterialTheme.colorScheme.onSurfaceVariant,
  464 | 				)
  465 | 				Text(
  466 | 					text = current?.chapter?.sceneItem?.name ?: untitledChapter(),
  467 | 					style = MaterialTheme.typography.titleMedium,
  468 | 					fontWeight = FontWeight.Medium,
  469 | 					color = MaterialTheme.colorScheme.onSurface,
  470 | 					maxLines = 1,
  471 | 					overflow = TextOverflow.Ellipsis,
  472 | 				)
  473 | 			}
  474 | 			HdMonoLabel(
  475 | 				text = Res.string.scene_list_outline_overview_position.get(
  476 | 					activeChapterIndex + 1,
  477 | 					chapters.size,
  478 | 				),
  479 | 			)
  480 | 			Icon(
  481 | 				imageVector = Icons.Default.KeyboardArrowDown,
  482 | 				contentDescription = null,
  483 | 				tint = MaterialTheme.colorScheme.onSurfaceVariant,
  484 | 				modifier = Modifier
  485 | 					.size(20.dp)
  486 | 					.rotate(rotation),
  487 | 			)
  488 | 		}
  489 | 		HorizontalDivider(
  490 | 			thickness = Dp.Hairline,
  491 | 			color = MaterialTheme.colorScheme.outlineVariant,
  492 | 		)
  493 | 
  494 | 		AnimatedVisibility(
  495 | 			visible = expanded,
  496 | 			enter = expandVertically() + fadeIn(),
  497 | 			exit = shrinkVertically() + fadeOut(),
  498 | 		) {
  499 | 			Column(
  500 | 				modifier = Modifier
  501 | 					.fillMaxWidth()
  502 | 					.heightIn(max = 320.dp)
  503 | 					.background(MaterialTheme.colorScheme.surface),
  504 | 			) {
  505 | 				LazyColumn(modifier = Modifier.fillMaxWidth()) {
  506 | 					itemsIndexed(chapters, key = { idx, _ -> ""drop-$idx"" }) { idx, ch ->
  507 | 						ChapterRailItem(
  508 | 							index = idx,
  509 | 							chapter = ch,
  510 | 							selected = idx == activeChapterIndex,
  511 | 							onClick = {"
pilot-0250,r0023,IacobIonut01__ReFra,IacobIonut01__ReFra/app/src/main/kotlin/com/dot/gallery/cloud/ui/backup/CloudBackupDashboardScreen.kt,556.0,HealthBarLegend,text_truncation_scaling,ISSUE,text_truncation_scaling,agreed,TP,ISSUE,text_truncation_scaling,ISSUE,text_truncation_scaling,,,"overflow = TextOverflow.Ellipsis,","  535 | private fun HealthBarLegend(
  536 |     accounts: List<AccountBackupStatus>,
  537 |     colorByConfig: Map<Long, Color>
  538 | ) {
  539 |     Column(
  540 |         modifier = Modifier.fillMaxWidth(),
  541 |         verticalArrangement = Arrangement.spacedBy(6.dp)
  542 |     ) {
  543 |         accounts.forEach { account ->
  544 |             Row(verticalAlignment = Alignment.CenterVertically) {
  545 |                 Box(
  546 |                     modifier = Modifier
  547 |                         .size(10.dp)
  548 |                         .clip(CircleShape)
  549 |                         .background(colorByConfig[account.configId] ?: Color.Gray)
  550 |                 )
  551 |                 Spacer(Modifier.width(8.dp))
  552 |                 Text(
  553 |                     text = account.accountLabel,
  554 |                     style = MaterialTheme.typography.bodySmall,
  555 |                     maxLines = 1,
  556 |                     overflow = TextOverflow.Ellipsis,
  557 |                     modifier = Modifier.weight(1f)
  558 |                 )
  559 |                 Spacer(Modifier.width(8.dp))
  560 |                 Text(
  561 |                     text = if (account.totalAssets > 0) {
  562 |                         ""${account.verifiedCount} verified · ${account.assumedCount} assumed · "" +
  563 |                             ""${account.unknownCount} unknown""
  564 |                     } else ""—"",
  565 |                     style = MaterialTheme.typography.bodySmall,
  566 |                     color = MaterialTheme.colorScheme.onSurfaceVariant
  567 |                 )
  568 |             }
  569 |         }
  570 |     }
  571 | }
  572 | 
  573 | /**
  574 |  * Dynamic upload card shown only while a backup worker is actively running.
  575 |  * Surfaces the file currently being transferred and overall percentage so the
  576 |  * standalone Upload Details screen is no longer required for at-a-glance status.
  577 |  */
  578 | @Composable
  579 | private fun ActiveUploadCard(state: UploadDetailsUiState, modifier: Modifier = Modifier) {
  580 |     val isVerifying = state.phase == CloudUploadWorker.PHASE_VERIFYING
  581 |     val progressItems = visibleBackupProgressItems(
  582 |         state.phase,
  583 |         state.checkedItems,
  584 |         state.completedItems,
  585 |         state.failedItems
  586 |     )
  587 |     val progress = if (state.totalItems > 0)
  588 |         progressItems.toFloat() / state.totalItems else 0f
  589 |     val percent = (progress * 100f).roundToInt()
  590 | 
  591 |     Column(
  592 |         modifier = modifier
  593 |             .fillMaxWidth()
  594 |             .clip(RoundedCornerShape(24.dp))
  595 |             .background(MaterialTheme.colorScheme.primaryContainer)
  596 |             .animateContentSize()"
pilot-0251,r0024,chvp__NanoLedger,chvp__NanoLedger/app/src/main/java/be/chvp/nanoledger/ui/common/TransactionFormComponents.kt,393.0,CodeField,text_truncation_scaling,NO_ISSUE,none,adjudicated,FP,NO_ISSUE,none,ISSUE,text_truncation_scaling,,R4 MANUAL: unique content? ISSUE(low) : NO_ISSUE,"label = { Text(stringResource(R.string.code), maxLines = 1, overflow = TextOverflow.Ellipsis) },","  381 | 
  382 | @Composable
  383 | fun CodeField(
  384 |     viewModel: TransactionFormViewModel,
  385 |     modifier: Modifier = Modifier,
  386 | ) {
  387 |     val code by viewModel.code.observeAsState()
  388 |     if (code != null) {
  389 |         OutlinedTextField(
  390 |             (code ?: """"),
  391 |             { viewModel.setCode(it) },
  392 |             modifier,
  393 |             label = { Text(stringResource(R.string.code), maxLines = 1, overflow = TextOverflow.Ellipsis) },
  394 |         )
  395 |     }
  396 | }
  397 | 
  398 | @Composable
  399 | fun PayeeSelector(
  400 |     viewModel: TransactionFormViewModel,
  401 |     modifier: Modifier = Modifier,
  402 | ) {
  403 |     val payee by viewModel.payee.observeAsState()
  404 |     val options by viewModel.possiblePayees.observeAsState()
  405 |     if (payee != null) {
  406 |         OutlinedLooseDropdown(
  407 |             options ?: emptyList(),
  408 |             payee ?: """",
  409 |             { viewModel.setPayee(it) },
  410 |             modifier,
  411 |         ) { Text(stringResource(R.string.payee), maxLines = 1, overflow = TextOverflow.Ellipsis) }
  412 |     }
  413 | }
  414 | 
  415 | @Composable
  416 | fun NoteSelector(
  417 |     viewModel: TransactionFormViewModel,
  418 |     modifier: Modifier = Modifier,
  419 | ) {
  420 |     val note by viewModel.note.observeAsState()
  421 |     val options by viewModel.possibleNotes.observeAsState()
  422 |     if (note != null) {
  423 |         OutlinedLooseDropdown(
  424 |             options ?: emptyList(),
  425 |             note ?: """",
  426 |             { viewModel.setNote(it) },
  427 |             modifier,
  428 |         ) { Text(stringResource(R.string.note), maxLines = 1, overflow = TextOverflow.Ellipsis) }
  429 |     }
  430 | }
  431 | 
  432 | @Composable
  433 | fun PostingRow("
pilot-0252,r0249,iTsMe-Zen__Areada,iTsMe-Zen__Areada/app/src/main/java/app/areada/ui/reader/ReaderSharedComponents.kt,209.0,BookRow,text_truncation_scaling,ISSUE,text_truncation_scaling,agreed,TP,ISSUE,text_truncation_scaling,ISSUE,text_truncation_scaling,,,"overflow = TextOverflow.Ellipsis,","  197 |                     tint = MaterialTheme.colorScheme.primary,
  198 |                 )
  199 |                 Spacer(modifier = Modifier.width(8.dp))
  200 |             }
  201 |             Column(
  202 |                 modifier = Modifier.weight(1f),
  203 |             ) {
  204 |                 Text(
  205 |                     text = title,
  206 |                     style = MaterialTheme.typography.titleMedium,
  207 |                     fontWeight = FontWeight.SemiBold,
  208 |                     maxLines = 1,
  209 |                     overflow = TextOverflow.Ellipsis,
  210 |                 )
  211 |                 Text(
  212 |                     text = metadata,
  213 |                     style = MaterialTheme.typography.bodyMedium,
  214 |                     color = MaterialTheme.colorScheme.onSurfaceVariant,
  215 |                     maxLines = 1,
  216 |                     overflow = TextOverflow.Ellipsis,
  217 |                 )
  218 |             }
  219 |             Icon(
  220 |                 imageVector = Icons.Outlined.ChevronRight,
  221 |                 contentDescription = null,
  222 |                 tint = MaterialTheme.colorScheme.onSurfaceVariant,
  223 |             )
  224 |         }
  225 |     }
  226 | }
  227 | 
  228 | @Composable
  229 | internal fun NotePopup(
  230 |     title: String,
  231 |     note: AnnotatedString,
  232 |     onClose: () -> Unit,
  233 |     modifier: Modifier = Modifier,
  234 | ) {
  235 |     Box(
  236 |         modifier = Modifier
  237 |             .fillMaxSize()
  238 |             .clickable(onClick = onClose),
  239 |         contentAlignment = Alignment.Center,
  240 |     ) {
  241 |         Surface(
  242 |             modifier = modifier
  243 |                 .fillMaxWidth()
  244 |                 .wrapContentHeight()
  245 |                 .clickable { },
  246 |             shape = RectangleShape,
  247 |             color = MaterialTheme.colorScheme.surfaceVariant,
  248 |             contentColor = MaterialTheme.colorScheme.onSurface,
  249 |             border = BorderStroke(1.dp, MaterialTheme.colorScheme.outline),"
pilot-0253,r0281,nemoXdev__CryptoSafe,nemoXdev__CryptoSafe/app/src/main/java/com/cryptosafe/app/MainActivity.kt,360.0,CryptoSafeApp,text_truncation_scaling,ISSUE,text_truncation_scaling,agreed,TP,ISSUE,text_truncation_scaling,ISSUE,text_truncation_scaling,,,"overflow = TextOverflow.Ellipsis,","  348 |                 title = {
  349 |                     val isBoxes = vm.selectedTab == 1 && isMainScreen
  350 |                     val isCreateBox = vm.mode == Screen.CreateBox
  351 |                     val isSettings = vm.mode == Screen.Settings
  352 |                     val isBoxSettings = vm.mode == Screen.BoxSettings
  353 |                     if (vm.mode == Screen.Chat) {
  354 |                         
  355 |                         Row(verticalAlignment = Alignment.CenterVertically) {
  356 |                             Text(
  357 |                                 chatBox?.name.orEmpty(),
  358 |                                 fontWeight = FontWeight.Bold,
  359 |                                 maxLines = 1,
  360 |                                 overflow = TextOverflow.Ellipsis,
  361 |                                 modifier = Modifier.weight(1f, fill = false)
  362 |                             )
  363 |                             Text(
  364 |                                 "" (${chatMessageCount} ${LocalizationManager.getString(""messages"")})"",
  365 |                                 fontWeight = FontWeight.Bold
  366 |                             )
  367 |                         }
  368 |                     } else if (isBoxes || isCreateBox || isSettings || isBoxSettings) {
  369 |                         Row(verticalAlignment = Alignment.CenterVertically) {
  370 |                             Icon(
  371 |                                 painter = painterResource(
  372 |                                     when {
  373 |                                         isCreateBox -> com.cryptosafe.app.R.drawable.ic_add_box
  374 |                                         isBoxSettings || isSettings -> com.cryptosafe.app.R.drawable.ic_settings
  375 |                                         else -> com.cryptosafe.app.R.drawable.ic_box
  376 |                                     }
  377 |                                 ),
  378 |                                 contentDescription = null,
  379 |                                 modifier = Modifier.size(24.dp),
  380 |                                 tint = Color.Unspecified
  381 |                             )
  382 |                             Spacer(Modifier.width(6.dp))
  383 |                             Text(
  384 |                                 screenTitle,
  385 |                                 fontWeight = FontWeight.Bold,
  386 |                                 maxLines = 1,
  387 |                                 overflow = TextOverflow.Ellipsis
  388 |                             )
  389 |                         }
  390 |                     } else {
  391 |                         Text(
  392 |                             screenTitle,
  393 |                             fontWeight = FontWeight.Bold,
  394 |                             maxLines = 1,
  395 |                             overflow = TextOverflow.Ellipsis
  396 |                         )
  397 |                     }
  398 |                 },
  399 |                 navigationIcon = {
  400 |                     if (!isMainScreen) {"
pilot-0254,r0126,gininaba__AIPOSPasswordManager,gininaba__AIPOSPasswordManager/app/src/main/java/com/aipos/aipospm/ui/screens/ApiKeyListScreen.kt,434.0,ApiKeyCard,text_truncation_scaling,ISSUE,text_truncation_scaling,agreed,TP,ISSUE,text_truncation_scaling,ISSUE,text_truncation_scaling,,,overflow = TextOverflow.Ellipsis,"  422 |                     )
  423 |                 }
  424 |             }
  425 | 
  426 |             Spacer(modifier = Modifier.width(12.dp))
  427 | 
  428 |             Column(modifier = Modifier.weight(1f)) {
  429 |                 Text(
  430 |                     text = entry.serviceName,
  431 |                     style = MaterialTheme.typography.bodyLarge,
  432 |                     fontWeight = FontWeight.Medium,
  433 |                     maxLines = 1,
  434 |                     overflow = TextOverflow.Ellipsis
  435 |                 )
  436 |                 if (entry.notes.isNotEmpty()) {
  437 |                     Text(
  438 |                         text = entry.notes,
  439 |                         style = MaterialTheme.typography.bodySmall,
  440 |                         color = MaterialTheme.colorScheme.onSurfaceVariant,
  441 |                         maxLines = 1,
  442 |                         overflow = TextOverflow.Ellipsis
  443 |                     )
  444 |                 }
  445 |                 if (categoryName != null) {
  446 |                     val (containerColor, contentColor) = getApiKeyCategoryColors(categoryName)
  447 |                     Spacer(modifier = Modifier.height(4.dp))
  448 |                     Card(
  449 |                         shape = RoundedCornerShape(6.dp),
  450 |                         colors = CardDefaults.cardColors(
  451 |                             containerColor = containerColor
  452 |                         )
  453 |                     ) {
  454 |                         Text(
  455 |                             text = categoryName,
  456 |                             style = MaterialTheme.typography.labelSmall,
  457 |                             color = contentColor,
  458 |                             modifier = Modifier.padding(horizontal = 6.dp, vertical = 2.dp),
  459 |                             fontWeight = FontWeight.Medium
  460 |                         )
  461 |                     }
  462 |                 }
  463 |             }
  464 | 
  465 |             IconButton(onClick = onCopyName, modifier = Modifier.size(36.dp)) {
  466 |                 Icon(
  467 |                     imageVector = Icons.Default.ContentCopy,
  468 |                     contentDescription = ""Copy"",
  469 |                     modifier = Modifier.size(18.dp),
  470 |                     tint = MaterialTheme.colorScheme.outline
  471 |                 )
  472 |             }
  473 | 
  474 |             IconButton(onClick = onFavoriteClick, modifier = Modifier.size(36.dp)) {"
pilot-0255,r0168,Chesire__Nekome,Chesire__Nekome/features/search/src/main/java/com/chesire/nekome/app/search/search/ui/SearchScreen.kt,294.0,ResultItem,text_truncation_scaling,ISSUE,text_truncation_scaling,agreed,TP,ISSUE,text_truncation_scaling,ISSUE,text_truncation_scaling,,,"overflow = TextOverflow.Ellipsis,","  259 | private fun ResultItem(model: ResultModel, onSeriesTrack: (ResultModel) -> Unit) {
  260 |     Card(
  261 |         modifier = Modifier
  262 |             .fillMaxWidth()
  263 |             .height(120.dp)
  264 |             .alpha(if (model.canTrack) 1.0f else 0.3f)
  265 |     ) {
  266 |         Box(modifier = Modifier.fillMaxSize()) {
  267 |             if (model.isTracking) {
  268 |                 LinearProgressIndicator(
  269 |                     modifier = Modifier
  270 |                         .fillMaxWidth()
  271 |                         .align(Alignment.BottomCenter)
  272 |                 )
  273 |             }
  274 |             Row(modifier = Modifier.fillMaxSize()) {
  275 |                 AsyncImage(
  276 |                     model = model.posterImage,
  277 |                     placeholder = rememberVectorPainter(image = Icons.Default.InsertPhoto),
  278 |                     error = rememberVectorPainter(image = Icons.Default.BrokenImage),
  279 |                     contentDescription = null,
  280 |                     modifier = Modifier
  281 |                         .fillMaxHeight()
  282 |                         .aspectRatio(0.7f)
  283 |                         .align(Alignment.CenterVertically),
  284 |                     contentScale = ContentScale.FillBounds
  285 |                 )
  286 |                 Column(
  287 |                     modifier = Modifier
  288 |                         .padding(8.dp)
  289 |                         .fillMaxHeight()
  290 |                 ) {
  291 |                     Text(
  292 |                         text = model.title,
  293 |                         maxLines = 1,
  294 |                         overflow = TextOverflow.Ellipsis,
  295 |                         style = MaterialTheme.typography.bodyLarge,
  296 |                         modifier = Modifier.fillMaxWidth()
  297 |                     )
  298 |                     Text(
  299 |                         text = model.synopsis,
  300 |                         maxLines = 3,
  301 |                         overflow = TextOverflow.Ellipsis,
  302 |                         style = MaterialTheme.typography.bodySmall,
  303 |                         modifier = Modifier.fillMaxWidth()
  304 |                     )
  305 |                     Spacer(modifier = Modifier.weight(1f))
  306 |                     Text(
  307 |                         text = model.subtype,
  308 |                         style = MaterialTheme.typography.bodySmall
  309 |                     )
  310 |                 }
  311 |             }
  312 |             if (model.canTrack && !model.isTracking) {
  313 |                 IconButton(
  314 |                     modifier = Modifier.align(Alignment.BottomEnd),
  315 |                     onClick = { onSeriesTrack(model) }
  316 |                 ) {
  317 |                     Icon(
  318 |                         imageVector = Icons.Default.Add,
  319 |                         contentDescription = stringResource(
  320 |                             id = StringResource.results_track_series
  321 |                         ),
  322 |                         tint = MaterialTheme.colorScheme.primary,
  323 |                         modifier = Modifier.border(
  324 |                             1.dp,
  325 |                             MaterialTheme.colorScheme.primary,
  326 |                             CircleShape
  327 |                         )
  328 |                     )
  329 |                 }
  330 |             }
  331 |         }
  332 |     }
  333 | }
  334 | "
pilot-0256,r0187,norsehorse-dev__AgePonyAndroid,norsehorse-dev__AgePonyAndroid/app/src/main/java/com/agepony/app/ui/files/EncryptFlow.kt,370.0,EncryptFlow,text_truncation_scaling,ISSUE,text_truncation_scaling,agreed,TP,ISSUE,text_truncation_scaling,ISSUE,text_truncation_scaling,,,"style = MaterialTheme.typography.bodyLarge, maxLines = 1, overflow = TextOverflow.Ellipsis,","  358 |                 Modifier.fillMaxSize().verticalScroll(rememberScrollState()).padding(24.dp),
  359 |                 verticalArrangement = Arrangement.spacedBy(14.dp),
  360 |             ) {
  361 |                 Text(""Encrypt a file"", style = MaterialTheme.typography.titleLarge, color = MaterialTheme.colorScheme.primary)
  362 | 
  363 |                 Text(""Source"", style = MaterialTheme.typography.titleSmall)
  364 |                 Text(
  365 |                     when {
  366 |                         sources.size > 1 && separate -> ""${sources.size} files → ${sources.size} .age files""
  367 |                         sources.size > 1 -> ""${sources.size} files → one archive""
  368 |                         else -> sources.firstOrNull()?.name ?: ""file""
  369 |                     },
  370 |                     style = MaterialTheme.typography.bodyLarge, maxLines = 1, overflow = TextOverflow.Ellipsis,
  371 |                 )
  372 |                 Text(
  373 |                     SafIo.humanSize(totalSize),
  374 |                     style = MaterialTheme.typography.bodySmall,
  375 |                     color = MaterialTheme.colorScheme.onSurfaceVariant,
  376 |                 )
  377 |                 Row(horizontalArrangement = Arrangement.spacedBy(4.dp)) {
  378 |                     TextButton(onClick = { vault.autoLockSuppressed = true; openInput.launch(arrayOf(""*/*"")) }) {
  379 |                         Text(""Change files"")
  380 |                     }
  381 |                     if (sources.size > 1) {
  382 |                         TextButton(onClick = { stage = EncryptStage.MODE }) { Text(""Change output"") }
  383 |                     }
  384 |                 }
  385 | 
  386 |                 HorizontalDivider()
  387 | 
  388 |                 // Recipients, inline. Opening this used to replace the whole screen and then throw
  389 |                 // the user back to the top of the form on the way out (issue #2, item 4).
  390 |                 Text(""Recipients"", style = MaterialTheme.typography.titleSmall)
  391 |                 Text(recipientSummary(recipients.size, passphrase), style = MaterialTheme.typography.bodyMedium)
  392 |                 if (!passphrase.isNullOrEmpty()) {
  393 |                     Text(
  394 |                         ""Kept until the vault locks, so the next file won't ask again."",
  395 |                         style = MaterialTheme.typography.bodySmall,
  396 |                         color = MaterialTheme.colorScheme.onSurfaceVariant,
  397 |                     )
  398 |                 }
  399 |                 Row(horizontalArrangement = Arrangement.spacedBy(4.dp)) {
  400 |                     TextButton(onClick = { pickerOpen = !pickerOpen }) {
  401 |                         Text(
  402 |                             when {
  403 |                                 pickerOpen -> ""Hide""
  404 |                                 hasRecipientChoice -> ""Change recipients""
  405 |                                 else -> ""Choose recipients""
  406 |                             }
  407 |                         )
  408 |                     }
  409 |                     if (!passphrase.isNullOrEmpty()) {
  410 |                         TextButton(onClick = {"
pilot-0257,r0068,AnySoftKeyboard__janus,AnySoftKeyboard__janus/app/src/main/java/com/anysoftkeyboard/janus/app/ui/states/TranslationView.kt,112.0,TranslationView,text_truncation_scaling,HANDLED,none,adjudicated,FP,ISSUE,text_truncation_scaling,HANDLED,none,,,"maxLines = 1,","  100 |     Column(modifier = Modifier.fillMaxWidth().padding(16.dp)) {
  101 |       // Header with title and action buttons
  102 |       Row(
  103 |           modifier = Modifier.fillMaxWidth(),
  104 |           horizontalArrangement = Arrangement.SpaceBetween,
  105 |           verticalAlignment = Alignment.CenterVertically,
  106 |       ) {
  107 |         Column(modifier = Modifier.weight(1f)) {
  108 |           Text(
  109 |               text = title,
  110 |               style = MaterialTheme.typography.headlineSmall,
  111 |               color = MaterialTheme.colorScheme.onSurfaceVariant,
  112 |               maxLines = 1,
  113 |               overflow = TextOverflow.Ellipsis,
  114 |               modifier = Modifier.horizontalScroll(rememberScrollState()),
  115 |           )
  116 |           Text(
  117 |               text = language.uppercase(),
  118 |               style = MaterialTheme.typography.labelMedium,
  119 |               color = MaterialTheme.colorScheme.onSurfaceVariant,
  120 |           )
  121 |         }
  122 |         Row {
  123 |           CopyToClipboardButton(
  124 |               text = title,
  125 |               contentDescription = ""Copy source title"",
  126 |               tint = MaterialTheme.colorScheme.onSurfaceVariant,
  127 |           )
  128 |           WikipediaLinkButton(
  129 |               url = ""https://${language}.wikipedia.org/?curid=${pageId}"",
  130 |               contentDescription = ""Open source article"",
  131 |               tint = MaterialTheme.colorScheme.onSurfaceVariant,
  132 |           )
  133 |         }
  134 |       }
  135 | 
  136 |       // Show short description and snippet if available
  137 |       if (translation is TranslationState.Translated) {
  138 |         val translationData = translation.translation
  139 |         Spacer(modifier = Modifier.height(8.dp))
  140 | 
  141 |         // Short description
  142 |         translationData.sourceShortDescription?.let { description ->
  143 |           Text(
  144 |               text = description,
  145 |               style = MaterialTheme.typography.bodyMedium,
  146 |               color = MaterialTheme.colorScheme.onSurface,
  147 |           )
  148 |           Spacer(modifier = Modifier.height(4.dp))
  149 |         }
  150 | 
  151 |         // Snippet (HTML)
  152 |         if (snippet.isNotEmpty()) {"
pilot-0258,r0286,bernaferrari__SDKMonitor,bernaferrari__SDKMonitor/shared/src/commonMain/kotlin/com/bernaferrari/sdkmonitor/ui/details/components/VersionCard.kt,124.0,VersionTimelineEntry,text_truncation_scaling,ISSUE,text_truncation_scaling,agreed,TP,ISSUE,text_truncation_scaling,ISSUE,text_truncation_scaling,,,"overflow = TextOverflow.Ellipsis,","  112 |                     horizontalArrangement = Arrangement.spacedBy(12.dp),
  113 |                     verticalAlignment = Alignment.CenterVertically,
  114 |                 ) {
  115 |                     Column(
  116 |                         modifier = Modifier.weight(1f),
  117 |                         verticalArrangement = Arrangement.spacedBy(4.dp),
  118 |                     ) {
  119 |                         Text(
  120 |                             text = versionInfo.versionName.ifBlank { versionInfo.versionCode.toString() },
  121 |                             style = MaterialTheme.typography.titleMedium,
  122 |                             fontWeight = if (isLatest) FontWeight.Bold else FontWeight.SemiBold,
  123 |                             maxLines = 1,
  124 |                             overflow = TextOverflow.Ellipsis,
  125 |                         )
  126 |                         Row(
  127 |                             verticalAlignment = Alignment.CenterVertically,
  128 |                             horizontalArrangement = Arrangement.spacedBy(8.dp),
  129 |                         ) {
  130 |                             if (versionInfo.lastUpdateTime.isNotBlank()) {
  131 |                                 Text(
  132 |                                     text = versionInfo.lastUpdateTime,
  133 |                                     style = MaterialTheme.typography.bodySmall,
  134 |                                     color = MaterialTheme.colorScheme.onSurfaceVariant,
  135 |                                     maxLines = 1,
  136 |                                     overflow = TextOverflow.Ellipsis,
  137 |                                 )
  138 |                             }
  139 |                             if (isLatest) {
  140 |                                 Surface(
  141 |                                     shape = RoundedCornerShape(999.dp),
  142 |                                     color = MaterialTheme.colorScheme.primaryContainer,
  143 |                                 ) {
  144 |                                     Text(
  145 |                                         text = s.latest,
  146 |                                         style = MaterialTheme.typography.labelSmall,
  147 |                                         fontWeight = FontWeight.SemiBold,
  148 |                                         color = MaterialTheme.colorScheme.onPrimaryContainer,
  149 |                                         modifier = Modifier.padding(horizontal = 8.dp, vertical = 3.dp),
  150 |                                     )
  151 |                                 }
  152 |                             }
  153 |                         }
  154 |                     }
  155 | 
  156 |                     Surface(
  157 |                         shape = RoundedCornerShape(12.dp),
  158 |                         color = apiColor.copy(alpha = 0.12f),
  159 |                     ) {
  160 |                         Column(
  161 |                             modifier = Modifier.padding(horizontal = 11.dp, vertical = 7.dp),
  162 |                             horizontalAlignment = Alignment.CenterHorizontally,
  163 |                         ) {
  164 |                             Text("
pilot-0259,r0234,nikbulavin__cashsense,nikbulavin__cashsense/core/ui/src/main/kotlin/ru/resodostudios/cashsense/core/ui/component/SectionTitle.kt,24.0,SectionTitle,text_truncation_scaling,ISSUE,text_truncation_scaling,adjudicated,TP,NO_ISSUE,none,ISSUE,text_truncation_scaling,missing_heading_semantics,R4 MANUAL: unique content? ISSUE(low) : NO_ISSUE,"overflow = TextOverflow.Ellipsis,","   12 | 
   13 | @Composable
   14 | fun SectionTitle(
   15 |     @StringRes titleRes: Int,
   16 |     modifier: Modifier = Modifier,
   17 | ) {
   18 |     Text(
   19 |         text = stringResource(titleRes),
   20 |         style = MaterialTheme.typography.labelLarge,
   21 |         modifier = modifier.padding(top = 24.dp, bottom = 12.dp),
   22 |         color = MaterialTheme.colorScheme.primary,
   23 |         maxLines = 1,
   24 |         overflow = TextOverflow.Ellipsis,
   25 |     )
   26 | }"
pilot-0260,r0186,nikbulavin__cashsense,nikbulavin__cashsense/core/designsystem/src/main/kotlin/ru/resodostudios/cashsense/core/designsystem/component/button/ToggleButton.kt,87.0,CsToggleButton,text_truncation_scaling,NO_ISSUE,none,adjudicated,FP,NO_ISSUE,none,ISSUE,text_truncation_scaling,,R4 MANUAL: unique content? ISSUE(low) : NO_ISSUE,"overflow = TextOverflow.Ellipsis,","   56 | fun CsToggleButton(
   57 |     checked: Boolean,
   58 |     title: String,
   59 |     onCheckedChange: (Boolean) -> Unit,
   60 |     modifier: Modifier = Modifier,
   61 |     icon: ImageVector? = null,
   62 |     shapes: ToggleButtonShapes = ToggleButtonDefaults.shapes(),
   63 |     enabled: Boolean = true,
   64 | ) {
   65 |     val hapticFeedback = LocalHapticFeedback.current
   66 | 
   67 |     ToggleButton(
   68 |         checked = checked,
   69 |         onCheckedChange = { isChecked ->
   70 |             hapticFeedback.performHapticFeedback(
   71 |                 if (isChecked) HapticFeedbackType.ToggleOn else HapticFeedbackType.ToggleOff
   72 |             )
   73 |             onCheckedChange(isChecked)
   74 |         },
   75 |         modifier = modifier,
   76 |         shapes = shapes,
   77 |         enabled = enabled,
   78 |     ) {
   79 |         AnimatedIcon(
   80 |             icon = icon,
   81 |             iconSize = ToggleButtonDefaults.IconSize,
   82 |         )
   83 |         if (icon != null) Spacer(Modifier.width(ToggleButtonDefaults.IconSpacing))
   84 |         Text(
   85 |             text = title,
   86 |             maxLines = 1,
   87 |             overflow = TextOverflow.Ellipsis,
   88 |         )
   89 |     }
   90 | }"
pilot-0261,r0146,iTsMe-Zen__Areada,iTsMe-Zen__Areada/app/src/main/java/app/areada/ui/reader/ReaderDialogs.kt,271.0,GoToPositionDialog,textfield_no_label,ISSUE,textfield_no_label,agreed,TP,ISSUE,textfield_no_label,ISSUE,textfield_no_label,error_state_no_semantics,,OutlinedTextField(,"  259 |                 ) {
  260 |                     Text(
  261 |                         text = dialogTitle,
  262 |                         style = MaterialTheme.typography.headlineSmall,
  263 |                     )
  264 |                     Text(
  265 |                         text = ""$label ${currentIndex + 1} / $safeTotal"",
  266 |                         style = MaterialTheme.typography.bodyLarge,
  267 |                         color = MaterialTheme.colorScheme.onSurfaceVariant,
  268 |                     )
  269 |                 }
  270 |                 Spacer(modifier = Modifier.height(12.dp))
  271 |                 OutlinedTextField(
  272 |                     value = input,
  273 |                     onValueChange = { value ->
  274 |                         input = value.filter { it.isDigit() }.take(6)
  275 |                     },
  276 |                     singleLine = true,
  277 |                     isError = input.isNotBlank() && !targetIsValid,
  278 |                     placeholder = {
  279 |                         Text(text = ""1-$safeTotal"")
  280 |                     },
  281 |                     modifier = Modifier.fillMaxWidth(),
  282 |                 )
  283 |                 Spacer(modifier = Modifier.height(14.dp))
  284 |                 Row(
  285 |                     modifier = Modifier.fillMaxWidth(),
  286 |                     horizontalArrangement = Arrangement.spacedBy(14.dp),
  287 |                 ) {
  288 |                     PromptChoiceButton(
  289 |                         label = stringResource(R.string.ok),
  290 |                         highlighted = true,
  291 |                         enabled = targetIsValid,
  292 |                         onClick = {
  293 |                             onConfirm(targetIndex ?: return@PromptChoiceButton)
  294 |                         },
  295 |                         modifier = Modifier.weight(1f),
  296 |                     )
  297 |                     PromptChoiceButton(
  298 |                         label = stringResource(R.string.cancel),
  299 |                         highlighted = false,
  300 |                         onClick = onDismiss,
  301 |                         modifier = Modifier.weight(1f),
  302 |                     )
  303 |                 }
  304 |             }
  305 |         }
  306 |     }
  307 | }
  308 | 
  309 | @Composable
  310 | internal fun CompactChoiceDialog(
  311 |     question: String,"
pilot-0262,r0226,beradeep__aiyo,beradeep__aiyo/ui/src/main/java/com/beradeep/aiyo/ui/screens/components/ModelSelectionSheet.kt,79.0,ModelSelectionSheet,textfield_no_label,NO_ISSUE,none,adjudicated,FP,ISSUE,textfield_no_label,NO_ISSUE,none,,,TextField(,"   67 |                 .padding(vertical = 16.dp)
   68 |         ) {
   69 |             LaunchedEffect(Unit) {
   70 |                 fetchModels()
   71 |             }
   72 | 
   73 |             Text(
   74 |                 modifier = Modifier.padding(horizontal = 16.dp),
   75 |                 text = ""Select Model"",
   76 |                 style = LocalTypography.current.h2
   77 |             )
   78 |             Spacer(modifier = Modifier.height(12.dp))
   79 |             TextField(
   80 |                 modifier = Modifier.padding(horizontal = 16.dp),
   81 |                 value = searchText,
   82 |                 onValueChange = { searchText = it },
   83 |                 leadingIcon = { Icon(Icons.Rounded.Search) },
   84 |                 placeholder = { Text(""Search"") },
   85 |                 shape = CircleShape
   86 |             )
   87 |             Spacer(modifier = Modifier.height(12.dp))
   88 |             AnimatedVisibility(isFetchingModels) {
   89 |                 LinearProgressIndicator(Modifier.fillMaxWidth(), strokeCap = StrokeCap.Square)
   90 |             }
   91 |             LazyColumn {
   92 |                 items(
   93 |                     items = filteredModels,
   94 |                     key = { it.id }
   95 |                 ) { model ->
   96 |                     val isSelected = model.id == selectedModel.id
   97 |                     Surface(
   98 |                         color = if (isSelected) AiyoTheme.colors.surface else AiyoTheme.colors.background
   99 |                     ) {
  100 |                         Row(
  101 |                             modifier =
  102 |                             Modifier
  103 |                                 .fillMaxWidth()
  104 |                                 .padding(horizontal = 16.dp)
  105 |                                 .clip(RoundedCornerShape(8.dp))
  106 |                                 .clickable {
  107 |                                     onModelSelected(model)
  108 |                                 }
  109 |                         ) {
  110 |                             Column(
  111 |                                 modifier =
  112 |                                 Modifier
  113 |                                     .weight(1f)
  114 |                                     .padding(vertical = 12.dp),
  115 |                                 verticalArrangement = Arrangement.Center
  116 |                             ) {
  117 |                                 Text(
  118 |                                     text = model.ownedBy ?: model.id.substringBefore('/'),
  119 |                                     style = LocalTypography.current.h4"
pilot-0263,r0112,norsehorse-dev__BurnPonyAndroid,norsehorse-dev__BurnPonyAndroid/app/src/main/kotlin/com/burnpony/app/ui/settings/SettingsScreen.kt,160.0,SettingsScreen,textfield_no_label,ISSUE,textfield_no_label,agreed,TP,ISSUE,textfield_no_label,ISSUE,textfield_no_label,,,TextField(,"  148 |                         color = BurnPonyTheme.ember,
  149 |                     )
  150 |                     Text(
  151 |                         stringResource(R.string.settings_replay_walkthrough_subtitle),
  152 |                         style = MaterialTheme.typography.bodySmall,
  153 |                         color = BurnPonyTheme.dim,
  154 |                     )
  155 |                 }
  156 |             }
  157 | 
  158 |             // Self-hosting (advanced)
  159 |             SectionPanel(header = stringResource(R.string.settings_selfhost_header)) {
  160 |                 TextField(
  161 |                     value = serverField,
  162 |                     onValueChange = viewModel::setServerField,
  163 |                     placeholder = { Text(BurnPonyApi.DEFAULT_BASE_URL, color = BurnPonyTheme.dim) },
  164 |                     singleLine = true,
  165 |                     keyboardOptions = KeyboardOptions(
  166 |                         keyboardType = KeyboardType.Uri,
  167 |                         imeAction = ImeAction.Done,
  168 |                         autoCorrectEnabled = false,
  169 |                     ),
  170 |                     keyboardActions = KeyboardActions(onDone = { viewModel.applyServer() }),
  171 |                     modifier = Modifier.fillMaxWidth(),
  172 |                     colors = editorColors(),
  173 |                 )
  174 |                 if (serverProblem) {
  175 |                     Text(
  176 |                         stringResource(R.string.settings_server_invalid),
  177 |                         style = MaterialTheme.typography.bodySmall,
  178 |                         color = BurnPonyTheme.danger,
  179 |                     )
  180 |                 }
  181 |                 if (serverBaseUrl != BurnPonyApi.DEFAULT_BASE_URL) {
  182 |                     Row(modifier = Modifier.fillMaxWidth(), verticalAlignment = Alignment.CenterVertically) {
  183 |                         Text(
  184 |                             stringResource(R.string.settings_active_server),
  185 |                             style = MaterialTheme.typography.bodySmall,
  186 |                             color = BurnPonyTheme.dim,
  187 |                         )
  188 |                         Spacer(Modifier.weight(1f))
  189 |                         Text(
  190 |                             serverBaseUrl,
  191 |                             style = MaterialTheme.typography.bodySmall,
  192 |                             color = BurnPonyTheme.ink,
  193 |                         )
  194 |                     }
  195 |                     TextButton(onClick = viewModel::resetServer) {
  196 |                         Text(stringResource(R.string.settings_reset_server), color = BurnPonyTheme.ember)
  197 |                     }
  198 |                 }
  199 |                 Text(
  200 |                     stringResource(R.string.settings_selfhost_footer),"
pilot-0264,r0239,raheemadamboev__todo-app,raheemadamboev__todo-app/app/src/main/java/xyz/teamgravity/todo/presentation/component/topbar/TopBarSearch.kt,34.0,TopBarSearch,textfield_no_label,ISSUE,textfield_no_label,agreed,TP,ISSUE,textfield_no_label,ISSUE,textfield_no_label,,,OutlinedTextField(,"   20 | fun TopBarSearch(
   21 |     query: String,
   22 |     onQueryChange: (query: String) -> Unit,
   23 |     onCancel: () -> Unit
   24 | ) {
   25 |     Row(
   26 |         verticalAlignment = Alignment.CenterVertically,
   27 |         modifier = Modifier.fillMaxWidth()
   28 |     ) {
   29 |         IconButtonPlain(
   30 |             onClick = onCancel,
   31 |             icon = Icons.AutoMirrored.Rounded.ArrowBack,
   32 |             contentDescription = R.string.cd_back_button
   33 |         )
   34 |         OutlinedTextField(
   35 |             value = query,
   36 |             onValueChange = onQueryChange,
   37 |             singleLine = true,
   38 |             placeholder = {
   39 |                 Text(
   40 |                     text = stringResource(id = R.string.search),
   41 |                     color = MaterialTheme.colorScheme.onPrimary,
   42 |                     style = MaterialTheme.typography.bodyLarge
   43 |                 )
   44 |             },
   45 |             colors = OutlinedTextFieldDefaults.colors(
   46 |                 unfocusedBorderColor = Color.Transparent,
   47 |                 focusedBorderColor = Color.Transparent,
   48 |                 cursorColor = MaterialTheme.colorScheme.onPrimary,
   49 |                 focusedTextColor = MaterialTheme.colorScheme.onPrimary,
   50 |                 unfocusedTextColor = MaterialTheme.colorScheme.onPrimary
   51 |             ),
   52 |             textStyle = MaterialTheme.typography.bodyLarge
   53 |         )
   54 |     }
   55 | }"
pilot-0265,r0215,crome1394__point-forecast,crome1394__point-forecast/forecast-point/app/src/main/java/com/crome/forecastpoint/ui/screens/MapScreen.kt,629.0,FieldRow,textfield_no_label,ISSUE,textfield_no_label,agreed,TP,ISSUE,textfield_no_label,ISSUE,textfield_no_label,,,OutlinedTextField(,"  617 |                     ) {
  618 |                         Text(r.name, color = Color.White, fontSize = 15.sp)
  619 |                         Text(r.displayName, color = OnSurfaceMuted, fontSize = 11.sp, maxLines = 1)
  620 |                     }
  621 |                 }
  622 |             }
  623 |         }
  624 |     }
  625 | 
  626 |     @Composable
  627 |     fun FieldRow() {
  628 |         Row(verticalAlignment = Alignment.CenterVertically) {
  629 |             OutlinedTextField(
  630 |                 value = query,
  631 |                 onValueChange = onQueryChange,
  632 |                 modifier = Modifier.weight(1f),
  633 |                 singleLine = true,
  634 |                 placeholder = { Text(""Search city…"", color = OnSurfaceMuted) },
  635 |                 leadingIcon = {
  636 |                     Icon(Icons.Filled.Search, contentDescription = null, tint = OnSurfaceMuted)
  637 |                 },
  638 |                 colors = OutlinedTextFieldDefaults.colors(
  639 |                     focusedTextColor = Color.White,
  640 |                     unfocusedTextColor = Color.White,
  641 |                     focusedBorderColor = PrimaryBlue,
  642 |                     unfocusedBorderColor = Color(0xFF546E7A),
  643 |                     cursorColor = PrimaryBlue,
  644 |                 ),
  645 |                 shape = RoundedCornerShape(10.dp),
  646 |             )
  647 |             IconButton(onClick = onMyLocationClick) {
  648 |                 if (locating) {
  649 |                     CircularProgressIndicator(
  650 |                         modifier = Modifier
  651 |                             .height(22.dp)
  652 |                             .padding(2.dp),
  653 |                         strokeWidth = 2.dp,
  654 |                         color = PrimaryBlue,
  655 |                     )
  656 |                 } else {
  657 |                     Icon(
  658 |                         Icons.Filled.MyLocation,
  659 |                         contentDescription = ""My location"",
  660 |                         tint = PrimaryBlue,
  661 |                     )
  662 |                 }
  663 |             }
  664 |             IconButton(onClick = onClose) {
  665 |                 Icon(Icons.Filled.Close, contentDescription = ""Hide search"", tint = OnSurfaceMuted)
  666 |             }
  667 |         }
  668 |     }
  669 | "
pilot-0266,r0105,beradeep__aiyo,beradeep__aiyo/ui/src/main/java/com/beradeep/aiyo/ui/screens/chat/components/RenameConversationDialog.kt,45.0,RenameConversationDialog,textfield_no_label,NO_ISSUE,none,adjudicated,FP,ISSUE,textfield_no_label,NO_ISSUE,none,,,OutlinedTextField(,"   27 | fun RenameConversationDialog(
   28 |     initial: String,
   29 |     onSave: (String) -> Unit,
   30 |     onDismiss: () -> Unit
   31 | ) {
   32 |     var key by remember { mutableStateOf(initial) }
   33 |     AlertDialog(
   34 |         onDismissRequest = onDismiss,
   35 |         onConfirmClick = { onSave(key) },
   36 |         title = ""Rename conversation"",
   37 |         text = ""Rename conversation"",
   38 |         confirmButtonText = ""Rename"",
   39 |         dismissButtonText = ""Cancel"",
   40 |         content = {
   41 |             Card {
   42 |                 Column(modifier = Modifier.padding(24.dp)) {
   43 |                     Text(text = ""Rename conversation"", style = LocalTypography.current.h3)
   44 |                     Spacer(modifier = Modifier.height(16.dp))
   45 |                     OutlinedTextField(
   46 |                         value = key,
   47 |                         onValueChange = { key = it },
   48 |                         placeholder = { Text(""Untitled"") }
   49 |                     )
   50 |                     Spacer(modifier = Modifier.height(16.dp))
   51 |                     Row(
   52 |                         modifier = Modifier.fillMaxWidth(),
   53 |                         horizontalArrangement = Arrangement.End
   54 |                     ) {
   55 |                         Button(
   56 |                             variant = ButtonVariant.Ghost,
   57 |                             text = ""Cancel"",
   58 |                             onClick = { onDismiss() }
   59 |                         )
   60 |                         Spacer(modifier = Modifier.width(16.dp))
   61 |                         Button(
   62 |                             text = ""Rename"",
   63 |                             onClick = { onSave(key) },
   64 |                             enabled = key.isNotBlank()
   65 |                         )
   66 |                     }
   67 |                 }
   68 |             }
   69 |         }
   70 |     )
   71 | }"
pilot-0267,r0002,raheemadamboev__todo-app,raheemadamboev__todo-app/app/src/main/java/xyz/teamgravity/todo/presentation/component/textfield/TodoTextField.kt,19.0,TodoTextField,textfield_no_label,ISSUE,textfield_no_label,agreed,TP,ISSUE,textfield_no_label,ISSUE,textfield_no_label,,,TextField(,"    7 | import androidx.compose.runtime.Composable
    8 | import androidx.compose.ui.Modifier
    9 | import androidx.compose.ui.graphics.Color
   10 | import androidx.compose.ui.unit.dp
   11 | import xyz.teamgravity.coresdkcompose.text.TextPlain
   12 | import xyz.teamgravity.todo.R
   13 | 
   14 | @Composable
   15 | fun TodoTextField(
   16 |     value: String,
   17 |     onValueChange: (value: String) -> Unit
   18 | ) {
   19 |     TextField(
   20 |         value = value,
   21 |         onValueChange = onValueChange,
   22 |         placeholder = {
   23 |             TextPlain(
   24 |                 id = R.string.task_name
   25 |             )
   26 |         },
   27 |         colors = TextFieldDefaults.colors(
   28 |             focusedContainerColor = Color.Transparent,
   29 |             unfocusedContainerColor = Color.Transparent,
   30 |             disabledContainerColor = Color.Transparent,
   31 |             errorContainerColor = Color.Transparent
   32 |         ),
   33 |         modifier = Modifier
   34 |             .fillMaxWidth()
   35 |             .padding(top = 8.dp, start = 8.dp, end = 8.dp),
   36 |     )
   37 | }"
pilot-0268,r0198,KaushalVasava__XPhotogram,KaushalVasava__XPhotogram/app/src/main/java/com/lahsuak/apps/instagram/ui/screen/ChatScreen.kt,212.0,ChatScreen,textfield_no_label,ISSUE,textfield_no_label,agreed,TP,ISSUE,textfield_no_label,ISSUE,textfield_no_label,,,TextField(,"  200 |                 }
  201 |                 IconButton(onClick = { /* no-op */ }) {
  202 |                     Icon(
  203 |                         painter = painterResource(id = R.drawable.ic_camera),
  204 |                         modifier = Modifier
  205 |                             .clip(CircleShape)
  206 |                             .background(LIGHT_BLUE)
  207 |                             .padding(4.dp),
  208 |                         tint = Color.White,
  209 |                         contentDescription = ""Camera"",
  210 |                     )
  211 |                 }
  212 |                 TextField(
  213 |                     value = text,
  214 |                     placeholder = {
  215 |                         Text(
  216 |                             stringResource(R.string.message_hint),
  217 |                             color = Color.Gray,
  218 |                         )
  219 |                     },
  220 |                     onValueChange = {
  221 |                         text = it
  222 |                     },
  223 |                     modifier = Modifier
  224 |                         .weight(1f)
  225 |                         .clip(RoundedCornerShape(16.dp))
  226 |                 )
  227 |                 IconButton(onClick = {
  228 |                     navController.navigate(NavigationItem.CreatePost.route)
  229 |                 }) {
  230 |                     Icon(
  231 |                         painter = painterResource(id = R.drawable.ic_image), ""Gallery"",
  232 |                         tint = MaterialTheme.colorScheme.onBackground,
  233 |                         modifier = Modifier.padding(4.dp)
  234 |                     )
  235 |                 }
  236 |                 IconButton(onClick = { /* no-op */ }) {
  237 |                     Icon(
  238 |                         Icons.Outlined.Send, ""Send"",
  239 |                         tint = MaterialTheme.colorScheme.onBackground,
  240 |                     )
  241 |                 }
  242 |             }
  243 |         }
  244 |     }
  245 | }
  246 | 
  247 | @Composable
  248 | fun ChatItem(
  249 |     userImageUrl: String,
  250 |     message: Message,
  251 |     isLeft: Boolean,
  252 | ) {"
pilot-0269,r0183,IacobIonut01__ReFra,IacobIonut01__ReFra/app/src/main/kotlin/com/dot/gallery/cloud/ui/settings/CloudNetworkingScreen.kt,213.0,CloudNetworkingScreen,textfield_no_label,ISSUE,textfield_no_label,agreed,TP,ISSUE,textfield_no_label,ISSUE,textfield_no_label,,,OutlinedTextField(,"  201 |         state = wifiSheetState,
  202 |         currentSsid = wifiSsid,
  203 |         onSave = { ssid -> settingsVm.updateConfig { copy(localWifiSsid = ssid) } }
  204 |     )
  205 | 
  206 |     // Local URL edit dialog
  207 |     if (showLocalUrlDialog) {
  208 |         var text by remember { mutableStateOf(localUrl) }
  209 |         AlertDialog(
  210 |             onDismissRequest = { showLocalUrlDialog = false },
  211 |             title = { Text(stringResource(R.string.cloud_net_edit_local_url)) },
  212 |             text = {
  213 |                 OutlinedTextField(
  214 |                     value = text,
  215 |                     onValueChange = { text = it },
  216 |                     placeholder = { Text(stringResource(R.string.cloud_net_external_hint)) },
  217 |                     singleLine = true,
  218 |                     modifier = Modifier.fillMaxWidth()
  219 |                 )
  220 |             },
  221 |             confirmButton = {
  222 |                 TextButton(onClick = {
  223 |                     settingsVm.updateConfig { copy(localServerUrl = text.trim()) }
  224 |                     showLocalUrlDialog = false
  225 |                 }) { Text(stringResource(R.string.action_save)) }
  226 |             },
  227 |             dismissButton = {
  228 |                 TextButton(onClick = { showLocalUrlDialog = false }) {
  229 |                     Text(stringResource(R.string.action_cancel))
  230 |                 }
  231 |             }
  232 |         )
  233 |     }
  234 | 
  235 |     // Add external URL dialog
  236 |     if (showAddExternalDialog) {
  237 |         var text by remember { mutableStateOf("""") }
  238 |         AlertDialog(
  239 |             onDismissRequest = { showAddExternalDialog = false },
  240 |             title = { Text(stringResource(R.string.cloud_net_add_external)) },
  241 |             text = {
  242 |                 OutlinedTextField(
  243 |                     value = text,
  244 |                     onValueChange = { text = it },
  245 |                     placeholder = { Text(stringResource(R.string.cloud_net_external_hint)) },
  246 |                     singleLine = true,
  247 |                     modifier = Modifier.fillMaxWidth()
  248 |                 )
  249 |             },
  250 |             confirmButton = {
  251 |                 TextButton(onClick = {
  252 |                     if (text.isNotBlank()) {
  253 |                         val current = parseExternalUrls(config?.externalUrls ?: ""[]"")"
pilot-0270,r0151,gininaba__AIPOSPasswordManager,gininaba__AIPOSPasswordManager/app/src/main/java/com/aipos/aipospm/ui/screens/CategoryManagerScreen.kt,71.0,CategoryManagerScreen,textfield_no_label,NO_ISSUE,none,agreed,FP,NO_ISSUE,none,NO_ISSUE,none,,,OutlinedTextField(,"   52 | fun CategoryManagerScreen(
   53 |     categoryViewModel: CategoryViewModel,
   54 |     onNavigateBack: () -> Unit
   55 | ) {
   56 |     val categories by categoryViewModel.categories.collectAsStateWithLifecycle()
   57 |     var newCategoryName by rememberSaveable { mutableStateOf("""") }
   58 |     
   59 |     var categoryToRename by remember { mutableStateOf<Category?>(null) }
   60 |     var renameNewName by rememberSaveable(categoryToRename) { mutableStateOf(categoryToRename?.name ?: """") }
   61 |     
   62 |     var categoryToDelete by remember { mutableStateOf<Category?>(null) }
   63 | 
   64 |     // Rename dialog
   65 |     if (categoryToRename != null) {
   66 |         AlertDialog(
   67 |             onDismissRequest = { categoryToRename = null },
   68 |             title = { Text(""Rename Category"") },
   69 |             text = {
   70 |                 Column {
   71 |                     OutlinedTextField(
   72 |                         value = renameNewName,
   73 |                         onValueChange = { renameNewName = it },
   74 |                         label = { Text(""Category Name"") },
   75 |                         singleLine = true,
   76 |                         modifier = Modifier.fillMaxWidth()
   77 |                     )
   78 |                 }
   79 |             },
   80 |             confirmButton = {
   81 |                 TextButton(
   82 |                     onClick = {
   83 |                         categoryToRename?.let {
   84 |                             categoryViewModel.renameCategory(it, renameNewName)
   85 |                         }
   86 |                         categoryToRename = null
   87 |                     },
   88 |                     enabled = renameNewName.trim().isNotEmpty()
   89 |                 ) {
   90 |                     Text(""Rename"")
   91 |                 }
   92 |             },
   93 |             dismissButton = {
   94 |                 TextButton(onClick = { categoryToRename = null }) {
   95 |                     Text(""Cancel"")
   96 |                 }
   97 |             }
   98 |         )
   99 |     }
  100 | 
  101 |     // Delete dialog
  102 |     if (categoryToDelete != null) {
  103 |         AlertDialog(
  104 |             onDismissRequest = { categoryToDelete = null },
  105 |             title = { Text(""Delete Category"") },
  106 |             text = { Text(""Are you sure you want to delete the category \""${categoryToDelete?.name}\""? Passwords/Keys in this category will be kept, but set to uncategorized."") },
  107 |             confirmButton = {
  108 |                 TextButton(
  109 |                     onClick = {
  110 |                         categoryToDelete?.let {
  111 |                             categoryViewModel.deleteCategory(it)"
pilot-0271,r0299,KaushalVasava__XPhotogram,KaushalVasava__XPhotogram/app/src/main/java/com/lahsuak/apps/instagram/ui/screen/CreateTweetScreen.kt,110.0,CreateTweetScreen,textfield_no_label,ISSUE,textfield_no_label,agreed,TP,ISSUE,textfield_no_label,ISSUE,textfield_no_label,,,TextField(,"   98 |                     user.name,
   99 |                     fontWeight = FontWeight.SemiBold,
  100 |                     fontSize = 18.sp,
  101 |                     modifier = Modifier.weight(1f)
  102 |                 )
  103 |                 Spacer(modifier = Modifier.width(8.dp))
  104 |                 Text(
  105 |                     DateUtil.getDateTime(System.currentTimeMillis()),
  106 |                     color = Color.Gray,
  107 |                     fontSize = 14.sp
  108 |                 )
  109 |             }
  110 |             TextField(
  111 |                 value = text,
  112 |                 onValueChange = { q ->
  113 |                     text = q
  114 |                 },
  115 |                 placeholder = {
  116 |                     Text(""Write your thoughts"", color = Color.Gray)
  117 |                 },
  118 |                 modifier = Modifier.fillMaxSize(1f)
  119 | 
  120 |             )
  121 |         }
  122 |     }
  123 | }
  124 | 
  125 | 
  126 | @Preview(showBackground = true)
  127 | @Preview(showBackground = true, uiMode = UI_MODE_NIGHT_YES)
  128 | @Composable
  129 | fun TweetItemPreview() {
  130 |     JetPackComposeBasicTheme {
  131 |         Surface(
  132 |             modifier = Modifier.fillMaxSize(),
  133 |             color = MaterialTheme.colorScheme.background
  134 |         ) {
  135 |             CreateTweetScreen(homeViewModel = viewModel(), rememberNavController())
  136 |         }
  137 |     }
  138 | }"
pilot-0272,r0136,joelkanyi__NewsApp,joelkanyi__NewsApp/presentation/src/main/java/io/github/joelkanyi/presentation/search/SearchNewsScreen.kt,163.0,SearchTextField,textfield_no_label,ISSUE,textfield_no_label,agreed,TP,ISSUE,textfield_no_label,ISSUE,textfield_no_label,,,TextField(,"  151 |             }
  152 |         }
  153 |     }
  154 | }
  155 | 
  156 | @Composable
  157 | fun SearchTextField(
  158 |     focusRequester: FocusRequester,
  159 |     searchValue: String,
  160 |     onSearchValueChange: (String) -> Unit,
  161 |     modifier: Modifier = Modifier
  162 | ) {
  163 |     TextField(
  164 |         modifier = modifier
  165 |             .testTag(stringResource(R.string.search_news_text_field))
  166 |             .focusRequester(focusRequester),
  167 |         value = searchValue,
  168 |         onValueChange = onSearchValueChange,
  169 |         placeholder = {
  170 |             Text(
  171 |                 text = stringResource(R.string.search_placeholder),
  172 |                 style =
  173 |                 MaterialTheme.typography.bodyMedium.copy(
  174 |                     color = MaterialTheme.colorScheme.onBackground.copy(.5f)
  175 |                 )
  176 |             )
  177 |         },
  178 |         textStyle = MaterialTheme.typography.bodyMedium,
  179 |         colors =
  180 |         TextFieldDefaults.colors(
  181 |             disabledContainerColor = Color.Transparent,
  182 |             focusedContainerColor = Color.Transparent,
  183 |             unfocusedContainerColor = Color.Transparent,
  184 |             disabledIndicatorColor = Color.Transparent,
  185 |             focusedIndicatorColor = Color.Transparent,
  186 |             unfocusedIndicatorColor = Color.Transparent
  187 |         )
  188 |     )
  189 | }
  190 | 
  191 | @Preview
  192 | @Composable
  193 | private fun SearchNewsScreenPreview() {
  194 |     NewsAppTheme {
  195 |         SearchNewsScreenContent(
  196 |             uiState = SearchNewsUiState(),
  197 |             onClickBack = {},
  198 |             onClickNews = {},
  199 |             onSearchValueChange = {}
  200 |         )
  201 |     }
  202 | }"
pilot-0273,r0184,Dking08__croc-app,Dking08__croc-app/app/src/main/java/com/dking/crocapp/ui/send/SendScreen.kt,1293.0,StoreConfigurationCard,textfield_no_label,ISSUE,textfield_no_label,agreed,TP,ISSUE,textfield_no_label,ISSUE,textfield_no_label,,,OutlinedTextField(," 1281 |                                 Icons.Rounded.Edit,
 1282 |                                 contentDescription = null,
 1283 |                                 modifier = Modifier.size(16.dp)
 1284 |                             )
 1285 |                         },
 1286 |                         shape = MaterialTheme.shapes.medium
 1287 |                     )
 1288 |                 }
 1289 | 
 1290 |                 // Line 2: Custom input with real-time validation (m, h, d, w)
 1291 |                 AnimatedVisibility(visible = isCustomExpiration) {
 1292 |                     val isInvalid = customExpirationInput.isNotBlank() && !customExpirationInput.matches(Regex(""^[1-9][0-9]*[mhdw]$""))
 1293 |                     OutlinedTextField(
 1294 |                         value = customExpirationInput,
 1295 |                         onValueChange = { input ->
 1296 |                             val clean = input.trim().lowercase()
 1297 |                             customExpirationInput = clean
 1298 |                             if (clean.matches(Regex(""^[1-9][0-9]*[mhdw]$""))) {
 1299 |                                 onExpirationChange(clean)
 1300 |                             }
 1301 |                         },
 1302 |                         enabled = enabled,
 1303 |                         singleLine = true,
 1304 |                         modifier = Modifier.fillMaxWidth(),
 1305 |                         shape = MaterialTheme.shapes.large,
 1306 |                         placeholder = { Text(stringResource(R.string.store_custom_expiration_hint)) },
 1307 |                         supportingText = {
 1308 |                             Text(
 1309 |                                 if (isInvalid) ""Invalid format. Suffix must be m, h, d, or w (e.g. 45m, 12h, 3d, 2w)""
 1310 |                                 else stringResource(R.string.store_custom_expiration_desc)
 1311 |                             )
 1312 |                         },
 1313 |                         isError = isInvalid,
 1314 |                         keyboardOptions = KeyboardOptions(capitalization = KeyboardCapitalization.None)
 1315 |                     )
 1316 |                 }
 1317 |             }
 1318 | 
 1319 |             HorizontalDivider(
 1320 |                 color = MaterialTheme.colorScheme.outlineVariant.copy(alpha = 0.25f)
 1321 |             )
 1322 | 
 1323 |             // Allowed Downloads Section (Line 1: Scrollable Numbers, Line 2: Custom Input)
 1324 |             Column(verticalArrangement = Arrangement.spacedBy(8.dp)) {
 1325 |                 Text(
 1326 |                     text = stringResource(R.string.store_downloads_title),
 1327 |                     style = MaterialTheme.typography.labelLarge,
 1328 |                     fontWeight = FontWeight.SemiBold
 1329 |                 )
 1330 | 
 1331 |                 // Line 1: Single scrollable row with just 1, 2, 5, 10, Custom
 1332 |                 Row(
 1333 |                     modifier = Modifier"
pilot-0274,r0241,44114__android-room,44114__android-room/app/src/main/java/com/chatroom/app/ui/chat/ChatScreen.kt,248.0,ChatScreen,textfield_no_label,ISSUE,textfield_no_label,agreed,TP,ISSUE,textfield_no_label,ISSUE,textfield_no_label,,,OutlinedTextField(,"  236 |             Row(
  237 |                 modifier = Modifier
  238 |                     .fillMaxWidth()
  239 |                     .padding(8.dp),
  240 |                 verticalAlignment = Alignment.Bottom,
  241 |             ) {
  242 |                 // File attach
  243 |                 IconButton(onClick = { filePicker.launch(""*/*"") }) {
  244 |                     Icon(Icons.Filled.AttachFile, contentDescription = stringResource(R.string.chat_send_file))
  245 |                 }
  246 | 
  247 |                 // Text input
  248 |                 OutlinedTextField(
  249 |                     value = inputText,
  250 |                     onValueChange = {
  251 |                         inputText = it
  252 |                         chatRepo.sendTypingIndicator(it.isNotEmpty())
  253 |                     },
  254 |                     placeholder = { Text(stringResource(R.string.chat_input_placeholder)) },
  255 |                     modifier = Modifier.weight(1f),
  256 |                     maxLines = 4,
  257 |                 )
  258 | 
  259 |                 // Send
  260 |                 IconButton(
  261 |                     onClick = {
  262 |                         if (inputText.isNotBlank()) {
  263 |                             chatRepo.sendMessage(inputText.trim())
  264 |                             inputText = """"
  265 |                             chatRepo.sendTypingIndicator(false)
  266 |                         }
  267 |                     },
  268 |                     enabled = inputText.isNotBlank() && connected,
  269 |                 ) {
  270 |                     Icon(Icons.AutoMirrored.Filled.Send, contentDescription = stringResource(R.string.chat_send))
  271 |                 }
  272 |             }
  273 |         }
  274 |     }
  275 | }"
pilot-0275,r0099,cvc953__localplayer,cvc953__localplayer/app/src/main/java/com/cvc953/localplayer/ui/components/MultiSongSelectionBar.kt,215.0,MultiSongSelectionBar,textfield_no_label,ISSUE,textfield_no_label,agreed,TP,ISSUE,textfield_no_label,ISSUE,textfield_no_label,,,OutlinedTextField(,"  203 |                             onDismissRequest = {
  204 |                                 showCreatePlaylistDialog = false
  205 |                                 newPlaylistName = """"
  206 |                             },
  207 |                             containerColor = MaterialTheme.colorScheme.surface,
  208 |                             title = {
  209 |                                 Text(
  210 |                                     stringResource(R.string.dialog_create_playlist_title),
  211 |                                     color = MaterialTheme.colorScheme.onBackground,
  212 |                                 )
  213 |                             },
  214 |                             text = {
  215 |                                 OutlinedTextField(
  216 |                                     value = newPlaylistName,
  217 |                                     onValueChange = { newPlaylistName = it },
  218 |                                     singleLine = true,
  219 |                                     placeholder = { Text(stringResource(R.string.playlist_name_placeholder)) },
  220 |                                     colors =
  221 |                                         TextFieldDefaults.colors(
  222 |                                             focusedContainerColor = MaterialTheme.colorScheme.surface,
  223 |                                             unfocusedContainerColor = MaterialTheme.colorScheme.surface,
  224 |                                             focusedIndicatorColor = MaterialTheme.colorScheme.primary,
  225 |                                             unfocusedIndicatorColor = MaterialTheme.colorScheme.surfaceVariant,
  226 |                                             cursorColor = MaterialTheme.colorScheme.primary,
  227 |                                             focusedTextColor = MaterialTheme.colorScheme.onBackground,
  228 |                                             unfocusedTextColor = MaterialTheme.colorScheme.onBackground,
  229 |                                         ),
  230 |                                 )
  231 |                             },
  232 |                             confirmButton = {
  233 |                                 TextButton(
  234 |                                     onClick = {
  235 |                                         if (newPlaylistName.isNotBlank()) {
  236 |                                             onCreatePlaylist(newPlaylistName)
  237 |                                             selectedSongIds.forEach { songId ->
  238 |                                                 onAddSongToPlaylist(newPlaylistName, songId)
  239 |                                             }
  240 |                                             Toast
  241 |                                                 .makeText(
  242 |                                                     context,
  243 |                                                     context.getString(R.string.playlist_created_and_added, newPlaylistName),
  244 |                                                     Toast.LENGTH_SHORT,
  245 |                                                 ).show()
  246 |                                             newPlaylistName = """"
  247 |                                             showCreatePlaylistDialog = false
  248 |                                             showPlaylistDialog = false
  249 |                                             onClearSelection()
  250 |                                         }
  251 |                                     },
  252 |                                 ) {
  253 |                                     Text(stringResource(R.string.action_create), color = MaterialTheme.colorScheme.primary)
  254 |                                 }
  255 |                             },"
pilot-0276,r0222,corphish__TextTools,corphish__TextTools/app/src/main/java/com/corphish/quicktools/activities/TextCountActivity.kt,180.0,InputSection,textfield_no_label,ISSUE,textfield_no_label,agreed,TP,ISSUE,textfield_no_label,ISSUE,textfield_no_label,,,TextField(,"  164 | fun InputSection(text: String, onValueChange: (String) -> Unit) {
  165 |     Column {
  166 |         Text(
  167 |             text = stringResource(id = R.string.input),
  168 |             style = TypographyV2.labelSmall,
  169 |             color = MaterialTheme.colorScheme.primary,
  170 |             modifier = Modifier.padding(bottom = 8.dp)
  171 |         )
  172 |         Surface(
  173 |             modifier = Modifier
  174 |                 .fillMaxWidth()
  175 |                 .height(300.dp),
  176 |             shape = MaterialTheme.shapes.medium,
  177 |             color = MaterialTheme.colorScheme.surface,
  178 |             tonalElevation = 2.dp
  179 |         ) {
  180 |             TextField(
  181 |                 value = text,
  182 |                 onValueChange = onValueChange,
  183 |                 modifier = Modifier.fillMaxSize(),
  184 |                 colors = TextFieldDefaults.colors(
  185 |                     focusedContainerColor = Color.Transparent,
  186 |                     unfocusedContainerColor = Color.Transparent,
  187 |                     disabledContainerColor = Color.Transparent,
  188 |                     focusedIndicatorColor = Color.Transparent,
  189 |                     unfocusedIndicatorColor = Color.Transparent,
  190 |                 ),
  191 |                 placeholder = { Text(text = stringResource(R.string.input)) }
  192 |             )
  193 |         }
  194 |     }
  195 | }
  196 | 
  197 | @OptIn(ExperimentalLayoutApi::class)
  198 | fun LazyListScope.statsContent(result: TextCountResult, context: Context) {
  199 |     item {
  200 |         Text(
  201 |             text = stringResource(id = R.string.statistics),
  202 |             style = TypographyV2.titleMedium,
  203 |             color = MaterialTheme.colorScheme.primary,
  204 |             fontFamily = BrandFontFamily
  205 |         )
  206 |     }
  207 | 
  208 |     item {
  209 |         Surface(
  210 |             modifier = Modifier.fillMaxWidth(),
  211 |             shape = MaterialTheme.shapes.medium,
  212 |             color = MaterialTheme.colorScheme.surface,
  213 |             tonalElevation = 2.dp
  214 |         ) {
  215 |             FlowRow(
  216 |                 modifier = Modifier.padding(16.dp),
  217 |                 horizontalArrangement = Arrangement.spacedBy(16.dp),
  218 |                 verticalArrangement = Arrangement.spacedBy(16.dp)
  219 |             ) {
  220 |                 StatItem(label = stringResource(R.string.characters), value = result.characterCount.toString())"
pilot-0277,r0284,BlazeCodeDev__TSViewer,BlazeCodeDev__TSViewer/app/src/main/java/com/blazecode/tsviewer/views/EditTextPreference.kt,98.0,EditTextPreference,textfield_no_label,ISSUE,textfield_no_label,agreed,TP,ISSUE,textfield_no_label,ISSUE,textfield_no_label,,,OutlinedTextField(,"   86 |         val focusRequester = remember { FocusRequester() }
   87 |         val keyboardType =
   88 |             if (isPassword == true)
   89 |                 KeyboardOptions(keyboardType = KeyboardType.Password)
   90 |             else if (isNumber == true)
   91 |                 KeyboardOptions(keyboardType = KeyboardType.Number)
   92 |             else KeyboardOptions(keyboardType = KeyboardType.Text)
   93 | 
   94 |         AlertDialog(
   95 |             onDismissRequest = { isDialogVisible.value = false },
   96 |             title = { Text(title) },
   97 |             text = {
   98 |                    OutlinedTextField(
   99 |                        value = tempTextValue.value,
  100 |                        singleLine = singleLine,
  101 |                        keyboardOptions = keyboardType,
  102 |                        placeholder = { Text(placeholder ?: """") },
  103 |                        visualTransformation = if (passwordVisible.value || isPassword == false) VisualTransformation.None else PasswordVisualTransformation(),
  104 |                        onValueChange = { tempTextValue.value = it },
  105 |                        modifier = Modifier.focusRequester(focusRequester),
  106 |                        trailingIcon = {
  107 |                            if(isPassword == true){
  108 |                                val image = if (passwordVisible.value) painterResource(R.drawable.ic_visibility)
  109 |                                else painterResource(R.drawable.ic_visibility_off)
  110 | 
  111 |                                val description = if (passwordVisible.value) ""Hide password"" else ""Show password""
  112 | 
  113 |                                IconButton(onClick = {passwordVisible.value = !passwordVisible.value}){
  114 |                                    Icon(painter = image, description)
  115 |                                }
  116 |                            }
  117 |                        }
  118 |                    )
  119 |            },
  120 |             confirmButton = { TextButton(onClick = { isDialogVisible.value = false; tempTextValue.value.text.trim().also(onTextChange) }) { Text(stringResource(R.string.confirm)) } },
  121 |             dismissButton = { TextButton(onClick = { isDialogVisible.value = false }) { Text(stringResource(R.string.cancel)) } },
  122 |         )
  123 | 
  124 |         LaunchedEffect(Unit) {
  125 |             focusRequester.requestFocus()
  126 |         }
  127 |     }
  128 | }
  129 | 
  130 | @Preview
  131 | @Composable
  132 | private fun Preview(){
  133 |     Column{
  134 |         EditTextPreference(icon = painterResource(R.drawable.ic_settings), title = ""title"", showSummary = true, text = ""test""){}
  135 |         EditTextPreference(icon = painterResource(R.drawable.ic_settings), title = ""title"", showSummary = false, text = ""test""){}
  136 |     }
  137 | }"
pilot-0278,r0135,Waboodoo__HTTP-Shortcuts,Waboodoo__HTTP-Shortcuts/HTTPShortcuts/app/src/main/kotlin/ch/rmy/android/http_shortcuts/activities/documentation/DocumentationScreen.kt,165.0,SearchBar,textfield_no_label,ISSUE,textfield_no_label,agreed,TP,ISSUE,textfield_no_label,ISSUE,textfield_no_label,,,TextField(,"  143 | private fun SearchBar(
  144 |     modifier: Modifier = Modifier,
  145 |     query: String,
  146 |     results: Pair<Int, Int>?,
  147 |     onQueryChanged: (String?) -> Unit,
  148 |     onNext: (SearchDirection) -> Unit,
  149 | ) {
  150 |     val focusRequester = remember {
  151 |         FocusRequester()
  152 |     }
  153 |     val keyboard = LocalSoftwareKeyboardController.current
  154 | 
  155 |     Row(
  156 |         modifier = Modifier
  157 |             .fillMaxWidth()
  158 |             .background(MaterialTheme.colorScheme.background)
  159 |             .padding(Spacing.TINY)
  160 |             .shadow(elevation = 1.dp)
  161 |             .then(modifier),
  162 |         horizontalArrangement = Arrangement.spacedBy(Spacing.TINY),
  163 |         verticalAlignment = Alignment.CenterVertically,
  164 |     ) {
  165 |         TextField(
  166 |             value = query,
  167 |             onValueChange = onQueryChanged,
  168 |             singleLine = true,
  169 |             modifier = Modifier
  170 |                 .weight(1f)
  171 |                 .focusRequester(focusRequester),
  172 |             placeholder = {
  173 |                 Text(text = stringResource(R.string.placeholder_documentation_search_query))
  174 |             },
  175 |             colors = TextFieldDefaults.colors(
  176 |                 focusedContainerColor = Color.Transparent,
  177 |                 unfocusedContainerColor = Color.Transparent,
  178 |                 focusedIndicatorColor = Color.Transparent,
  179 |                 unfocusedIndicatorColor = Color.Transparent,
  180 |             ),
  181 |             keyboardActions = KeyboardActions {
  182 |                 onQueryChanged(null)
  183 |             },
  184 |         )
  185 | 
  186 |         results?.takeIf { query.isNotEmpty() }?.let { (current, total) ->
  187 |             Text(
  188 |                 text = ""$current/$total"",
  189 |                 maxLines = 1,
  190 |                 fontSize = FontSize.SMALL,
  191 |             )
  192 |         }
  193 | 
  194 |         Row(modifier = Modifier.padding(end = Spacing.SMALL)) {
  195 |             val enabled = results?.second?.let { it > 1 } == true
  196 |             Icon(
  197 |                 painterResource(R.drawable.outline_keyboard_arrow_up_24),
  198 |                 contentDescription = stringResource(R.string.accessibility_search_go_to_previous),
  199 |                 modifier = Modifier
  200 |                     .clickable(
  201 |                         interactionSource = remember { MutableInteractionSource() },
  202 |                         indication = ripple(bounded = false),
  203 |                         enabled = enabled,
  204 |                         onClick = {
  205 |                             onNext(SearchDirection.PREVIOUS)"
pilot-0279,r0056,corphish__TextTools,corphish__TextTools/app/src/main/java/com/corphish/quicktools/activities/NumberAnalysisActivity.kt,390.0,InputSection,textfield_no_label,ISSUE,textfield_no_label,agreed,TP,ISSUE,textfield_no_label,ISSUE,textfield_no_label,,,TextField(,"  355 | fun InputSection(
  356 |     text: String,
  357 |     selectedBase: Int,
  358 |     supportedBases: List<Int>,
  359 |     onTextChange: (String) -> Unit,
  360 |     onBaseChange: (Int) -> Unit,
  361 |     modifier: Modifier = Modifier,
  362 |     isWideScreen: Boolean = false
  363 | ) {
  364 |     var expanded by remember { mutableStateOf(false) }
  365 | 
  366 |     Column(modifier = modifier.padding(vertical = 16.dp, horizontal = 16.dp)) {
  367 |         Text(
  368 |             text = stringResource(R.string.input),
  369 |             style = MaterialTheme.typography.labelMedium,
  370 |             color = MaterialTheme.colorScheme.primary,
  371 |             fontWeight = FontWeight.Bold,
  372 |             fontFamily = BrandFontFamily
  373 |         )
  374 | 
  375 |         Spacer(modifier = Modifier.height(16.dp))
  376 | 
  377 |         Surface(
  378 |             tonalElevation = 8.dp,
  379 |             modifier = Modifier
  380 |                 .fillMaxWidth()
  381 |                 .then(if (isWideScreen) Modifier.weight(1f) else Modifier),
  382 |             shape = MaterialTheme.shapes.medium
  383 |         ) {
  384 |             Column(
  385 |                 modifier = Modifier
  386 |                     .padding(8.dp)
  387 |                     .then(if (isWideScreen) Modifier.fillMaxHeight() else Modifier)
  388 |             ) {
  389 |                 if (isWideScreen) {
  390 |                     TextField(
  391 |                         value = text,
  392 |                         onValueChange = onTextChange,
  393 |                         modifier = Modifier.fillMaxWidth().weight(1f),
  394 |                         placeholder = { Text(stringResource(R.string.enter_text_here)) },
  395 |                         singleLine = false,
  396 |                         colors = TextFieldDefaults.colors(
  397 |                             focusedContainerColor = Color.Transparent,
  398 |                             unfocusedContainerColor = Color.Transparent,
  399 |                             focusedIndicatorColor = Color.Transparent,
  400 |                             unfocusedIndicatorColor = Color.Transparent
  401 |                         )
  402 |                     )
  403 | 
  404 |                     Box(
  405 |                         modifier = Modifier
  406 |                             .padding(start = 12.dp, bottom = 8.dp)
  407 |                             .align(Alignment.End)
  408 |                     ) {
  409 |                         Surface(
  410 |                             onClick = { expanded = true },
  411 |                             color = MaterialTheme.colorScheme.secondaryContainer,
  412 |                             shape = MaterialTheme.shapes.small
  413 |                         ) {
  414 |                             Text(
  415 |                                 text = ""Base $selectedBase"",
  416 |                                 modifier = Modifier.padding(horizontal = 12.dp, vertical = 8.dp),
  417 |                                 style = MaterialTheme.typography.labelLarge
  418 |                             )
  419 |                         }
  420 |                         DropdownMenu(
  421 |                             expanded = expanded,
  422 |                             onDismissRequest = { expanded = false }
  423 |                         ) {
  424 |                             supportedBases.forEach { base ->
  425 |                                 DropdownMenuItem(
  426 |                                     text = { Text(""Base $base"") },
  427 |                                     onClick = {
  428 |                                         onBaseChange(base)
  429 |                                         expanded = false
  430 |                                     }"
pilot-0280,r0218,maxwhipw__marmalade-tts-android,maxwhipw__marmalade-tts-android/app/src/main/java/app/marmalade/tts/ui/screen/VoicePickerScreen.kt,241.0,VoicePickerScreen,textfield_no_label,HANDLED,none,adjudicated,FP,HANDLED,textfield_no_label,HANDLED,none,,CATEGORY ONLY: both agree on verdict; pick category,OutlinedTextField(,"  229 |                     textAlign = TextAlign.Center,
  230 |                     modifier = Modifier
  231 |                         .fillMaxWidth()
  232 |                         .padding(horizontal = 24.dp, vertical = 32.dp),
  233 |                 )
  234 |                 return@Column
  235 |             }
  236 | 
  237 |             // Placeholder text disappears the moment the user types, so it
  238 |             // can't be the field's name — spell the name out for a screen
  239 |             // reader without adding a visible label.
  240 |             val searchLabel = stringResource(R.string.voices_search_placeholder)
  241 |             OutlinedTextField(
  242 |                 value = pickerState.query,
  243 |                 onValueChange = viewModel::onQueryChange,
  244 |                 placeholder = { Text(searchLabel) },
  245 |                 leadingIcon = { Icon(Icons.Filled.Search, contentDescription = null) },
  246 |                 singleLine = true,
  247 |                 modifier = Modifier
  248 |                     .fillMaxWidth()
  249 |                     .padding(horizontal = ScreenGutter, vertical = 8.dp)
  250 |                     .semantics { contentDescription = searchLabel },
  251 |             )
  252 | 
  253 |             val onPick: (VoiceMeta) -> Unit = { voice ->
  254 |                 viewModel.selectVoice(voice.id)
  255 |                 onVoiceSelected()
  256 |             }
  257 |             // A ModelMissing from one engine must not grey out another
  258 |             // engine's rows, so the check is per-voice rather than global.
  259 |             val previewEnabled: (VoiceMeta) -> Boolean =
  260 |                 { modelMissingState?.engineName != it.engine }
  261 |             val playingId = (previewState as? PreviewState.Playing)?.voiceId
  262 |             val previewPhrase = stringResource(R.string.voices_preview_phrase)
  263 |             val onPreview: (VoiceMeta) -> Unit = { voice ->
  264 |                 // spokenName, not displayName — espeak reads a Kokoro flag
  265 |                 // emoji out loud (""United States Adam"").
  266 |                 viewModel.preview(voice, previewPhrase.format(voice.spokenName))
  267 |             }
  268 | 
  269 |             when {
  270 |                 pickerState.searching -> SearchResults(
  271 |                     hits = remember(tree, pickerState.query) {
  272 |                         searchVoiceTree(tree, pickerState.query)
  273 |                     },
  274 |                     query = pickerState.query,
  275 |                     selectedId = selectedId,
  276 |                     playingId = playingId,
  277 |                     latency = latency,
  278 |                     previewEnabled = previewEnabled,
  279 |                     onPick = onPick,
  280 |                     onPreview = onPreview,
  281 |                 )"
pilot-0281,r0155,dantech0xff__compose-qr-code-scanner,dantech0xff__compose-qr-code-scanner/app/src/main/java/com/creative/qrcodescanner/ui/nav/TopNavBar.kt,60.0,TopNavBar,touch_target_size,ISSUE,missing_content_description,adjudicated,FP_DETECTOR,ISSUE,clickable_icon_not_iconbutton,HANDLED,none,"missing_content_description,missing_semantics_role",,.size(28.dp),"   36 | fun TopNavBar(@StringRes titleResId: Int, backNavClick: () -> Unit) {
   37 |     Column(
   38 |         modifier = Modifier
   39 |             .shadow(MaterialTheme.colorScheme.primary.copy(alpha = 0.5f),
   40 |                 blurRadius = 12.dp, borderRadius = 0.dp, spread = 0.dp,
   41 |                 offsetY = 1.dp, offsetX = 0.dp)
   42 |             .fillMaxWidth()
   43 |             .background(MaterialTheme.colorScheme.primary, shape = RectangleShape)
   44 |     ) {
   45 |         Spacer(modifier = Modifier.windowInsetsTopHeight(WindowInsets.statusBars))
   46 |         Row(
   47 |             modifier = Modifier
   48 |                 .fillMaxWidth()
   49 |                 .wrapContentHeight(),
   50 |             verticalAlignment = Alignment.CenterVertically
   51 |         ) {
   52 |             Image(
   53 |                 painter = painterResource(id = R.drawable.arrow_back_ios_new),
   54 |                 contentDescription = null,
   55 |                 modifier = Modifier
   56 |                     .clickable {
   57 |                         backNavClick.invoke()
   58 |                     }
   59 |                     .padding(12.dp)
   60 |                     .size(28.dp)
   61 |             )
   62 |             Spacer(modifier = Modifier.size(6.dp))
   63 |             Text(
   64 |                 text = stringResource(titleResId),
   65 |                 color = MaterialTheme.colorScheme.onPrimary,
   66 |                 style = MaterialTheme.typography.titleLarge
   67 |             )
   68 |         }
   69 |     }
   70 | }"
pilot-0282,r0027,christianrowlands__android-network-survey,christianrowlands__android-network-survey/networksurvey/src/main/java/com/craxiom/networksurvey/ui/cellular/TowerMapScreen.kt,1460.0,ZoomControls,touch_target_size,HANDLED,none,adjudicated,FP,HANDLED,touch_target_size,UNSURE,,missing_content_description,,.size(40.dp)," 1434 | fun ZoomControls(
 1435 |     onZoomIn: () -> Unit,
 1436 |     onZoomOut: () -> Unit,
 1437 |     modifier: Modifier = Modifier
 1438 | ) {
 1439 |     Surface(
 1440 |         modifier = modifier,
 1441 |         color = MaterialTheme.colorScheme.surface.copy(alpha = 0.85f),
 1442 |         shape = CircleShape,
 1443 |         shadowElevation = 6.dp
 1444 |     ) {
 1445 |         Column(
 1446 |             modifier = Modifier.padding(4.dp),
 1447 |             verticalArrangement = Arrangement.spacedBy(4.dp)
 1448 |         ) {
 1449 |             // Zoom in button
 1450 |             val zoomInInteractionSource = remember { MutableInteractionSource() }
 1451 |             val zoomInPressed by zoomInInteractionSource.collectIsPressedAsState()
 1452 |             val zoomInScale by animateFloatAsState(
 1453 |                 targetValue = if (zoomInPressed) 0.90f else 1f,
 1454 |                 label = ""zoom_in_scale""
 1455 |             )
 1456 | 
 1457 |             FloatingActionButton(
 1458 |                 onClick = onZoomIn,
 1459 |                 modifier = Modifier
 1460 |                     .size(40.dp)
 1461 |                     .scale(zoomInScale),
 1462 |                 containerColor = MaterialTheme.colorScheme.surface.copy(alpha = 0.95f),
 1463 |                 contentColor = MaterialTheme.colorScheme.onSurface,
 1464 |                 shape = CircleShape,
 1465 |                 elevation = FloatingActionButtonDefaults.elevation(
 1466 |                     defaultElevation = 0.dp,
 1467 |                     pressedElevation = 2.dp,
 1468 |                     hoveredElevation = 1.dp
 1469 |                 ),
 1470 |                 interactionSource = zoomInInteractionSource
 1471 |             ) {
 1472 |                 Text(
 1473 |                     text = ""+"",
 1474 |                     fontSize = 20.nonScaledSp,
 1475 |                     fontWeight = FontWeight.Bold
 1476 |                 )
 1477 |             }
 1478 | 
 1479 |             // Zoom out button
 1480 |             val zoomOutInteractionSource = remember { MutableInteractionSource() }
 1481 |             val zoomOutPressed by zoomOutInteractionSource.collectIsPressedAsState()
 1482 |             val zoomOutScale by animateFloatAsState(
 1483 |                 targetValue = if (zoomOutPressed) 0.90f else 1f,
 1484 |                 label = ""zoom_out_scale""
 1485 |             )
 1486 | 
 1487 |             FloatingActionButton(
 1488 |                 onClick = onZoomOut,
 1489 |                 modifier = Modifier
 1490 |                     .size(40.dp)
 1491 |                     .scale(zoomOutScale),
 1492 |                 containerColor = MaterialTheme.colorScheme.surface.copy(alpha = 0.95f),
 1493 |                 contentColor = MaterialTheme.colorScheme.onSurface,
 1494 |                 shape = CircleShape,
 1495 |                 elevation = FloatingActionButtonDefaults.elevation(
 1496 |                     defaultElevation = 0.dp,
 1497 |                     pressedElevation = 2.dp,
 1498 |                     hoveredElevation = 1.dp
 1499 |                 ),
 1500 |                 interactionSource = zoomOutInteractionSource"
pilot-0283,r0076,dmzz-yyhyy__LightNovelReader,dmzz-yyhyy__LightNovelReader/app/src/main/kotlin/indi/dmzz_yyhyy/lightnovelreader/ui/components/Dialog.kt,749.0,ColorPickerDialog,touch_target_size,ISSUE,missing_interaction_semantics,adjudicated,TP_OTHER,ISSUE,missing_content_description,ISSUE,touch_target_size,"missing_semantics_role,missing_state_description,touch_target_size",CATEGORY ONLY: both agree on verdict; pick category,.size(44.dp),"  721 | fun ColorPickerDialog(
  722 |     onDismissRequest: () -> Unit,
  723 |     onConfirmation: (Color) -> Unit,
  724 |     selectedColor: Color,
  725 |     colors: List<Color>,
  726 |     description: String = stringResource(R.string.dialog_color_picker_background_desc),
  727 | ) {
  728 |     var currentColor by remember {
  729 |         mutableStateOf(selectedColor)
  730 |     }
  731 | 
  732 |     BaseDialog (
  733 |         icon = painterResource(R.drawable.palette_24px),
  734 |         title = stringResource(R.string.dialog_color_picker),
  735 |         description = description,
  736 |         onDismissRequest = onDismissRequest,
  737 |         onConfirmation = { onConfirmation(currentColor) },
  738 |         dismissText = stringResource(R.string.cancel),
  739 |         confirmationText = stringResource(R.string.apply),
  740 |     ) {
  741 |         FlowRow(
  742 |             modifier = Modifier.padding(horizontal = 24.dp),
  743 |             horizontalArrangement = Arrangement.spacedBy(16.dp),
  744 |             verticalArrangement = Arrangement.spacedBy(16.dp)
  745 |         ) {
  746 |             colors.forEachIndexed { index, color ->
  747 |                 Box(
  748 |                     modifier = Modifier
  749 |                         .size(44.dp)
  750 |                         .clickable {
  751 |                             currentColor = color
  752 |                         }
  753 |                 ) {
  754 |                     val secondary = colorScheme.secondary
  755 |                     val surfaceContainer = colorScheme.surfaceContainer
  756 |                     val blockIconId = painterResource(R.drawable.block_24px)
  757 |                     Canvas(
  758 |                         modifier = Modifier.size(44.dp)
  759 |                     ) {
  760 |                         if (color == currentColor)
  761 |                             drawCircle(
  762 |                                 color = secondary,
  763 |                                 radius = 22.dp.toPx(),
  764 |                             )
  765 |                         drawCircle(
  766 |                             color = surfaceContainer,
  767 |                             radius = 20.dp.toPx(),
  768 |                         )
  769 |                         drawCircle(
  770 |                             color = if (color.isUnspecified) surfaceContainer else color,
  771 |                             radius = 20.dp.toPx(),
  772 |                         )
  773 |                     }
  774 |                     if (index == 0)
  775 |                         Icon(
  776 |                             modifier = Modifier.align(Alignment.Center),
  777 |                             painter = blockIconId,
  778 |                             contentDescription = null
  779 |                         )
  780 |                 }
  781 |             }
  782 |         }
  783 |     }
  784 | }
  785 | 
  786 | @Composable
  787 | fun SliderValueDialog(
  788 |     value: Float,
  789 |     onValueChange: (Float) -> Unit,"
pilot-0284,r0130,GetStream__whatsApp-clone-compose,GetStream__whatsApp-clone-compose/features/chats/src/main/kotlin/io/getstream/whatsappclone/chats/messages/WhatsAppMessageTopBar.kt,55.0,WhatsAppMessageTopBar,touch_target_size,ISSUE,clickable_icon_not_iconbutton,adjudicated,TP_OTHER,ISSUE,clickable_icon_not_iconbutton,ISSUE,touch_target_size,"missing_content_description,missing_semantics_role,touch_target_size",CATEGORY ONLY: both agree on verdict; pick category,.size(26.dp),"   43 | 
   44 | @Composable
   45 | fun WhatsAppMessageTopBar(
   46 |   messageUiState: WhatsAppMessageUiState,
   47 |   navigateToVideoCall: (Boolean) -> Unit,
   48 |   onBackClick: () -> Unit
   49 | ) {
   50 |   TopAppBar(
   51 |     modifier = Modifier.fillMaxWidth(),
   52 |     navigationIcon = {
   53 |       Icon(
   54 |         modifier = Modifier
   55 |           .size(26.dp)
   56 |           .clickable {
   57 |             onBackClick()
   58 |           },
   59 |         imageVector = WhatsAppIcons.ArrowBack,
   60 |         tint = MaterialTheme.colorScheme.tertiary,
   61 |         contentDescription = null
   62 |       )
   63 |     },
   64 |     title = {
   65 |       WhatsAppMessageUserInfo(messageUiState = messageUiState)
   66 |     },
   67 |     actions = {
   68 |       Icon(
   69 |         modifier = Modifier
   70 |           .size(26.dp)
   71 |           .clickable {
   72 |             navigateToVideoCall(true)
   73 |           },
   74 |         imageVector = WhatsAppIcons.Video,
   75 |         tint = MaterialTheme.colorScheme.tertiary,
   76 |         contentDescription = null
   77 |       )
   78 | 
   79 |       Spacer(modifier = Modifier.size(16.dp))
   80 | 
   81 |       Icon(
   82 |         modifier = Modifier
   83 |           .size(26.dp)
   84 |           .clickable {
   85 |             navigateToVideoCall(false)
   86 |           },
   87 |         imageVector = WhatsAppIcons.Call,
   88 |         tint = MaterialTheme.colorScheme.tertiary,
   89 |         contentDescription = null
   90 |       )
   91 | 
   92 |       Spacer(modifier = Modifier.size(16.dp))
   93 | 
   94 |       Icon(
   95 |         modifier = Modifier.size(26.dp),"
pilot-0285,r0167,BlazeCodeDev__TSViewer,BlazeCodeDev__TSViewer/wear/src/main/java/com/blazecode/tsviewer/wear/screens/ServiceOff.kt,72.0,MainLayout,touch_target_size,NO_ISSUE,none,agreed,FP,NO_ISSUE,none,NO_ISSUE,none,decorative_mislabeled,,item { Spacer(modifier = Modifier.size(2.dp)) },"   46 | private fun MainLayout(viewModel: ServiceOffViewModel){
   47 |     val uiState = viewModel.uiState.collectAsState()
   48 | 
   49 |     val context = LocalContext.current
   50 |     val scrollState = rememberScalingLazyListState()
   51 |     val scope = rememberCoroutineScope()
   52 |     val focusRequester = remember { FocusRequester() }
   53 |     LaunchedEffect(Unit) {
   54 |         focusRequester.requestFocus()
   55 |     }
   56 | 
   57 |     ScalingLazyColumn (modifier = Modifier
   58 |         .onPreRotaryScrollEvent {
   59 |             scope.launch {
   60 |                 scrollState.scrollBy(it.verticalScrollPixels)
   61 |                 scrollState.animateScrollBy(0f)
   62 |             }
   63 |             true
   64 |         }
   65 |         .focusRequester(focusRequester)
   66 |         .focusable()
   67 |         .fillMaxSize(),
   68 |         state = scrollState
   69 |     ){
   70 | 
   71 |         item { Image(painter = painterResource(id = R.drawable.ic_error), contentDescription = ""error"") }
   72 |         item { Spacer(modifier = Modifier.size(2.dp)) }
   73 | 
   74 |         item { Text(text = stringResource(id = R.string.service_off), fontSize = 16.sp) }
   75 |         item { Spacer(modifier = Modifier.size(8.dp)) }
   76 | 
   77 |         item {
   78 |             Chip(onClick = { scope.launch(Dispatchers.IO) { viewModel.startService() }},
   79 |                 label = { Text(stringResource(id = R.string.start_service)) },
   80 |                 icon = { Icon(painterResource(R.drawable.ic_refresh), contentDescription = null) },
   81 |                 colors = ChipDefaults.chipColors(backgroundColor = colorResource(R.color.background), iconColor = colorResource(R.color.primary)),
   82 |                 enabled = uiState.value.startServiceButtonEnabled) }
   83 | 
   84 |         item {
   85 |             Chip(onClick = { scope.launch(Dispatchers.IO) { viewModel.launchApp() }},
   86 |                 label = { Text(stringResource(R.string.launch_app_on_phone)) },
   87 |                 icon = { Icon(painterResource(R.drawable.ic_open), contentDescription = null) },
   88 |                 colors = ChipDefaults.chipColors(backgroundColor = colorResource(R.color.background), iconColor = colorResource(R.color.primary))) }
   89 |     }
   90 | }
   91 | "
pilot-0286,r0207,gininaba__AIPOSPasswordManager,gininaba__AIPOSPasswordManager/app/src/main/java/com/aipos/aipospm/ui/screens/PasswordDetailScreen.kt,268.0,PasswordDetailScreen,touch_target_size,NO_ISSUE,none,agreed,FP,NO_ISSUE,none,NO_ISSUE,none,,,modifier = Modifier.size(24.dp),"  256 |                                     Text(
  257 |                                         text = entry.url,
  258 |                                         style = MaterialTheme.typography.bodySmall,
  259 |                                         color = MaterialTheme.colorScheme.onPrimaryContainer.copy(alpha = 0.7f)
  260 |                                     )
  261 |                                 }
  262 |                             }
  263 |                             if (entry.isFavorite) {
  264 |                                 Icon(
  265 |                                     imageVector = Icons.Default.Star,
  266 |                                     contentDescription = ""Favorite"",
  267 |                                     tint = MaterialTheme.colorScheme.onPrimaryContainer,
  268 |                                     modifier = Modifier.size(24.dp)
  269 |                                 )
  270 |                             }
  271 |                         }
  272 |                     }
  273 |                 }
  274 | 
  275 |                 Spacer(modifier = Modifier.height(16.dp))
  276 | 
  277 |                 // Username
  278 |                 DetailField(
  279 |                     label = ""Username / Email"",
  280 |                     value = entry.username,
  281 |                     icon = Icons.Default.Person,
  282 |                     onCopy = {
  283 |                         ClipboardHelper.copyAndScheduleClear(context, ""Username"", entry.username)
  284 |                         scope.launch {
  285 |                             snackbarHostState.showSnackbar(""Username copied (clears in 30s)"")
  286 |                         }
  287 |                     }
  288 |                 )
  289 | 
  290 |                 Spacer(modifier = Modifier.height(12.dp))
  291 | 
  292 |                 // Password
  293 |                 Card(
  294 |                     modifier = Modifier.fillMaxWidth(),
  295 |                     shape = RoundedCornerShape(12.dp),
  296 |                     colors = CardDefaults.cardColors(
  297 |                         containerColor = MaterialTheme.colorScheme.surfaceContainerLow
  298 |                     )
  299 |                 ) {
  300 |                     Column(modifier = Modifier.padding(16.dp)) {
  301 |                         Text(
  302 |                             text = ""Password"",
  303 |                             style = MaterialTheme.typography.labelMedium,
  304 |                             color = MaterialTheme.colorScheme.onSurfaceVariant
  305 |                         )
  306 |                         Spacer(modifier = Modifier.height(4.dp))
  307 |                         Row(verticalAlignment = Alignment.CenterVertically) {
  308 |                             Text("
pilot-0287,r0043,BlazeCodeDev__TSViewer,BlazeCodeDev__TSViewer/wear/src/main/java/com/blazecode/tsviewer/wear/screens/ClientList.kt,78.0,ClientList,touch_target_size,NO_ISSUE,none,agreed,FP,NO_ISSUE,none,NO_ISSUE,none,,,item { Spacer(modifier = Modifier.size(16.dp)) },"   51 | fun ClientList(viewModel: ClientListViewModel = viewModel()){
   52 |     val uiState = viewModel.uiState.collectAsState()
   53 |     val context = LocalContext.current
   54 | 
   55 |     val scrollState = rememberScalingLazyListState()
   56 |     val scope = rememberCoroutineScope()
   57 |     val focusRequester = remember { FocusRequester() }
   58 |     LaunchedEffect(Unit) {
   59 |         focusRequester.requestFocus()
   60 |     }
   61 | 
   62 |     ScalingLazyColumn (modifier = Modifier
   63 |         .onPreRotaryScrollEvent {
   64 |             scope.launch {
   65 |                 scrollState.scrollBy(it.verticalScrollPixels)
   66 |                 scrollState.animateScrollBy(0f)
   67 |             }
   68 |             true
   69 |         }
   70 |         .focusRequester(focusRequester)
   71 |         .focusable()
   72 |         .fillMaxSize(),
   73 |         state = scrollState
   74 |         ){
   75 | 
   76 |         item { Text(text = pluralStringResource(id =R.plurals.clients_connected, count = uiState.value.clientList.size, uiState.value.clientList.size), fontSize = 16.sp) }
   77 |         item { Text(text = stringResource(R.string.time_ago, uiState.value.time), modifier = Modifier.alpha(.7f)) }
   78 |         item { Spacer(modifier = Modifier.size(16.dp)) }
   79 |         item { Text(text = uiState.value.clientListString, textAlign = TextAlign.Center) }
   80 |         item {
   81 |             Chip(
   82 |                 onClick = {
   83 |                     if(!uiState.value.isLoading)
   84 |                         viewModel.requestRefresh()
   85 |                },
   86 |                 label = {
   87 |                     val text =
   88 |                         if(uiState.value.isLoading) stringResource(id = R.string.loading)
   89 |                         else stringResource(id = R.string.refresh)
   90 | 
   91 |                     AnimatedContent (
   92 |                         targetState = text,
   93 |                         transitionSpec = {
   94 |                             fadeIn() togetherWith fadeOut()
   95 |                         }){ targetText ->
   96 |                         Text(text = targetText)
   97 |                     }
   98 |                 },
   99 |                 icon = { Icon(painterResource(R.drawable.ic_refresh), contentDescription = null) },
  100 |                 colors = ChipDefaults.chipColors(backgroundColor = colorResource(R.color.background), iconColor = colorResource(R.color.primary)))
  101 |         }
  102 |     }
  103 | }"
pilot-0288,r0269,dantech0xff__compose-qr-code-scanner,dantech0xff__compose-qr-code-scanner/app/src/main/java/com/creative/qrcodescanner/ui/history/HistoryLayout.kt,168.0,HistoryScreenLayout,touch_target_size,NO_ISSUE,none,agreed,FP,NO_ISSUE,none,NO_ISSUE,none,,,item { Spacer(modifier = Modifier.size(8.dp)) },"  156 |             if (qrCodeHistoryUIState !is QRCodeHistoryUIState.Success) return@AnimatedVisibility
  157 | 
  158 |             val data = (qrCodeHistoryUIState as QRCodeHistoryUIState.Success).data
  159 |             Surface(modifier = Modifier
  160 |                 .padding(paddingValues)
  161 |                 .fillMaxSize()) {
  162 |                 LazyColumn(
  163 |                     modifier = Modifier,
  164 |                     state = rememberLazyListState(),
  165 |                     verticalArrangement = Arrangement.spacedBy(1.dp),
  166 |                     horizontalAlignment = Alignment.CenterHorizontally
  167 |                 ) {
  168 |                     item { Spacer(modifier = Modifier.size(8.dp)) }
  169 |                     items(data, key = {
  170 |                         it.id
  171 |                     }, contentType = {
  172 |                         it.type
  173 |                     }) { item ->
  174 | 
  175 |                         val rememberModifier = remember {
  176 |                             Modifier.animateItemPlacement(animationSpec = tween(300, easing = LinearEasing))
  177 |                         }
  178 |                         var rememberItem by remember { mutableStateOf(item) }
  179 |                         rememberItem = item
  180 | 
  181 |                         QRCodeHistoryItemUI(
  182 |                             modifier = rememberModifier,
  183 |                             itemUiState = rememberItem,
  184 |                             onDelete = remember {
  185 |                                 {
  186 |                                     viewModel.deleteQRCodeHistory(rememberItem.id)
  187 |                                 }
  188 |                             }, onClick = remember {
  189 |                                 {
  190 |                                     appNav.navigate(""result/${rememberItem.id}"")
  191 |                                 }
  192 |                             })
  193 |                     }
  194 |                     item { Spacer(modifier = Modifier.size(8.dp)) }
  195 |                 }
  196 |             }
  197 |         }
  198 | 
  199 |         AnimatedVisibility(visible = qrCodeHistoryUIState is QRCodeHistoryUIState.Error, enter = fadeIn(), exit = fadeOut()) {
  200 |             if (qrCodeHistoryUIState !is QRCodeHistoryUIState.Error) return@AnimatedVisibility
  201 | 
  202 |             Surface(modifier = Modifier
  203 |                 .padding(paddingValues)
  204 |                 .fillMaxSize()
  205 |                 .padding(bottom = 200.dp)) {
  206 |                 Column(
  207 |                     modifier = Modifier
  208 |                         .padding(32.dp)"
pilot-0289,r0080,GetStream__whatsApp-clone-compose,GetStream__whatsApp-clone-compose/features/chats/src/main/kotlin/io/getstream/whatsappclone/chats/messages/WhatsAppMessageTopBar.kt,55.0,WhatsAppMessageTopBar,touch_target_size,ISSUE,clickable_icon_not_iconbutton,adjudicated,TP_OTHER,ISSUE,clickable_icon_not_iconbutton,ISSUE,touch_target_size,"missing_content_description,missing_semantics_role,touch_target_size",CATEGORY ONLY: both agree on verdict; pick category,.size(26.dp),"   43 | 
   44 | @Composable
   45 | fun WhatsAppMessageTopBar(
   46 |   messageUiState: WhatsAppMessageUiState,
   47 |   navigateToVideoCall: (Boolean) -> Unit,
   48 |   onBackClick: () -> Unit
   49 | ) {
   50 |   TopAppBar(
   51 |     modifier = Modifier.fillMaxWidth(),
   52 |     navigationIcon = {
   53 |       Icon(
   54 |         modifier = Modifier
   55 |           .size(26.dp)
   56 |           .clickable {
   57 |             onBackClick()
   58 |           },
   59 |         imageVector = WhatsAppIcons.ArrowBack,
   60 |         tint = MaterialTheme.colorScheme.tertiary,
   61 |         contentDescription = null
   62 |       )
   63 |     },
   64 |     title = {
   65 |       WhatsAppMessageUserInfo(messageUiState = messageUiState)
   66 |     },
   67 |     actions = {
   68 |       Icon(
   69 |         modifier = Modifier
   70 |           .size(26.dp)
   71 |           .clickable {
   72 |             navigateToVideoCall(true)
   73 |           },
   74 |         imageVector = WhatsAppIcons.Video,
   75 |         tint = MaterialTheme.colorScheme.tertiary,
   76 |         contentDescription = null
   77 |       )
   78 | 
   79 |       Spacer(modifier = Modifier.size(16.dp))
   80 | 
   81 |       Icon(
   82 |         modifier = Modifier
   83 |           .size(26.dp)
   84 |           .clickable {
   85 |             navigateToVideoCall(false)
   86 |           },
   87 |         imageVector = WhatsAppIcons.Call,
   88 |         tint = MaterialTheme.colorScheme.tertiary,
   89 |         contentDescription = null
   90 |       )
   91 | 
   92 |       Spacer(modifier = Modifier.size(16.dp))
   93 | 
   94 |       Icon(
   95 |         modifier = Modifier.size(26.dp),"
pilot-0290,r0017,crome1394__point-forecast,crome1394__point-forecast/forecast-point/app/src/main/java/com/crome/forecastpoint/MainActivity.kt,1031.0,AppDrawer,touch_target_size,NO_ISSUE,none,agreed,FP,NO_ISSUE,none,NO_ISSUE,none,,,"modifier = Modifier.size(28.dp),"," 1019 |         ) {
 1020 |             Row(
 1021 |                 Modifier
 1022 |                     .fillMaxWidth()
 1023 |                     .background(PrimaryBlue)
 1024 |                     .padding(horizontal = 14.dp, vertical = 10.dp),
 1025 |                 verticalAlignment = Alignment.CenterVertically,
 1026 |             ) {
 1027 |                 Icon(
 1028 |                     Icons.Filled.WbSunny,
 1029 |                     contentDescription = null,
 1030 |                     tint = Color.White,
 1031 |                     modifier = Modifier.size(28.dp),
 1032 |                 )
 1033 |                 Spacer(Modifier.width(8.dp))
 1034 |                 Text(
 1035 |                     ""Point Forecast"",
 1036 |                     color = Color.White,
 1037 |                     fontSize = 17.sp,
 1038 |                     fontWeight = FontWeight.Bold,
 1039 |                 )
 1040 |             }
 1041 | 
 1042 |             Text(
 1043 |                 ""Long-press & drag to reorder · visibility in Settings"",
 1044 |                 color = Color(0xFF90A4AE),
 1045 |                 fontSize = 10.sp,
 1046 |                 modifier = Modifier.padding(horizontal = 12.dp, vertical = 4.dp),
 1047 |             )
 1048 | 
 1049 |             // Nav items in a fixed Column (not LazyColumn) so reorders don't reset drag
 1050 |             Column(Modifier.fillMaxWidth()) {
 1051 |                 order.forEachIndexed { index, id ->
 1052 |                     key(id) {
 1053 |                         val isDragging = index == draggingIndex
 1054 |                         val icon = icons[id] ?: Icons.Filled.Menu
 1055 |                         val label = PreferencesRepository.drawerNavDisplayName(id)
 1056 |                         val onClick = actions[id] ?: {}
 1057 |                         Row(
 1058 |                             Modifier
 1059 |                                 .fillMaxWidth()
 1060 |                                 .height(38.dp)
 1061 |                                 .zIndex(if (isDragging) 2f else 0f)
 1062 |                                 .offset {
 1063 |                                     IntOffset(
 1064 |                                         x = 0,
 1065 |                                         y = if (isDragging) dragOffsetY.roundToInt() else 0,
 1066 |                                     )
 1067 |                                 }
 1068 |                                 .background(
 1069 |                                     if (isDragging) Color(0xFF37474F) else Color.Transparent,
 1070 |                                 )
 1071 |                                 .pointerInput(Unit) {"
pilot-0291,r0212,dmzz-yyhyy__LightNovelReader,dmzz-yyhyy__LightNovelReader/app/src/main/kotlin/indi/dmzz_yyhyy/lightnovelreader/ui/home/reading/stats/StatsOverviewScreen.kt,436.0,LevelBox,touch_target_size,ISSUE,touch_target_size,adjudicated,TP,ISSUE,missing_content_description,ISSUE,touch_target_size,"missing_semantics_role,missing_state_description,touch_target_size",CATEGORY ONLY: both agree on verdict; pick category,.size(20.dp),"  424 |         )
  425 |     }
  426 | }
  427 | 
  428 | @Composable
  429 | private fun LevelBox(
  430 |     color: Color,
  431 |     selected: Boolean? = false,
  432 |     onClick: (() -> Unit)? = null
  433 | ) {
  434 |     Box(
  435 |         modifier = Modifier
  436 |             .size(20.dp)
  437 |             .padding(2.dp)
  438 |             .clip(RoundedCornerShape(2.dp))
  439 |             .let { modifier ->
  440 |                 if (selected == true) {
  441 |                     modifier.border(1.dp, MaterialTheme.colorScheme.onSurface)
  442 |                 } else {
  443 |                     modifier
  444 |                 }
  445 |             }
  446 |             .background(color = color)
  447 |             .clickable(enabled = onClick != null) { onClick?.invoke() },
  448 |     )
  449 | }
  450 | 
  451 | @Composable
  452 | private fun WeekHeader(dayOfWeek: DayOfWeek) {
  453 |     val text = if (dayOfWeek in listOf(
  454 |             DayOfWeek.MONDAY,
  455 |             DayOfWeek.WEDNESDAY,
  456 |             DayOfWeek.FRIDAY,
  457 |             DayOfWeek.SUNDAY
  458 |         )
  459 |     ) dayOfWeek.displayText() else """"
  460 | 
  461 |     Box(
  462 |         modifier = Modifier.height(20.dp)
  463 |     ) {
  464 |         Text(
  465 |             modifier = Modifier
  466 |                 .align(Alignment.Center)
  467 |                 .padding(horizontal = 4.dp),
  468 |             text = text,
  469 |             style = typography.headlineMedium,
  470 |         )
  471 |     }
  472 | }
  473 | 
  474 | 
  475 | @Composable
  476 | private fun MonthHeader("
pilot-0292,r0233,axelblatt__MissionAndroid,axelblatt__MissionAndroid/app/src/main/java/com/axelblatt/mission/screen/TimeDialog.kt,43.0,TimeDialog,touch_target_size,NO_ISSUE,none,agreed,FP,NO_ISSUE,none,NO_ISSUE,none,,,Spacer(modifier.size(12.dp)),"   28 | fun TimeDialog(
   29 |     taskId: Int,
   30 |     timeDialog: MutableState<Boolean>,
   31 |     taskViewModel: TaskViewModel,
   32 |     timeState: TimePickerState,
   33 |     localContext: Context,
   34 |     modifier: Modifier
   35 | ) {
   36 |     BasicAlertDialog(
   37 |         onDismissRequest = {timeDialog.value = false},
   38 |         modifier = modifier.fillMaxWidth(0.9f)
   39 |             .clip(RoundedCornerShape(16.dp))
   40 |             .background(MaterialTheme.colorScheme.inverseOnSurface)
   41 |     ) {
   42 |         Column(horizontalAlignment = Alignment.CenterHorizontally) {
   43 |             Spacer(modifier.size(12.dp))
   44 |             TimePicker(timeState)
   45 |             Spacer(modifier.size(12.dp))
   46 |             Button(onClick = {
   47 |                 timeDialog.value = false
   48 |                 taskViewModel.updateNotificationTask(taskId, timeState.hour * 60 + timeState.minute)
   49 |                 AlarmScheduler.cancelAlarm(localContext, taskId)
   50 |             }) { Text(""OK"") }
   51 |             Spacer(modifier.size(12.dp))
   52 |         }
   53 |     }
   54 | }"
pilot-0293,r0118,GetStream__liveshopping-android,GetStream__liveshopping-android/app/src/main/kotlin/io/getstream/live/shopping/ui/feature/channels/LiveShoppingChannels.kt,94.0,LiveShoppingChannels,touch_target_size,ISSUE,clickable_icon_not_iconbutton,adjudicated,TP_OTHER,ISSUE,clickable_icon_not_iconbutton,ISSUE,touch_target_size,"missing_content_description,missing_semantics_role,touch_target_size",CATEGORY ONLY: both agree on verdict; pick category,.size(32.dp),"   58 | fun LiveShoppingChannels(
   59 |   channelListViewModel: ChannelListViewModel
   60 | ) {
   61 |   val navigator = currentComposeNavigator
   62 |   val channels = channelListViewModel.channelsState.channelItems
   63 |   val isLoading = channelListViewModel.channelsState.isLoading
   64 |   val orientation = LocalConfiguration.current.orientation
   65 |   val scope = rememberCoroutineScope()
   66 | 
   67 |   LaunchedEffect(key1 = channels, key2 = isLoading) {
   68 |     if (!isLoading && channels.isEmpty()) {
   69 |       ChatClient.instance().createMockChannels()
   70 |     }
   71 |   }
   72 | 
   73 |   if (!isLoading && channels.isNotEmpty()) {
   74 |     Column(
   75 |       modifier = Modifier
   76 |         .fillMaxSize()
   77 |         .background(ChatTheme.colors.appBackground)
   78 |     ) {
   79 |       Box(
   80 |         modifier = Modifier
   81 |           .padding(12.dp)
   82 |           .fillMaxWidth()
   83 |       ) {
   84 |         Text(
   85 |           text = ""Live Channels"",
   86 |           color = ChatTheme.colors.textHighEmphasis,
   87 |           fontWeight = FontWeight.ExtraBold,
   88 |           lineHeight = 34.sp,
   89 |           fontSize = 28.sp
   90 |         )
   91 | 
   92 |         Box(
   93 |           modifier = Modifier
   94 |             .size(32.dp)
   95 |             .align(Alignment.CenterEnd)
   96 |             .background(color = ChatTheme.colors.primaryAccent, shape = CircleShape)
   97 |         ) {
   98 |           Icon(
   99 |             modifier = Modifier
  100 |               .align(Alignment.Center)
  101 |               .clickable {
  102 |                 scope.launch {
  103 |                   val channel = ChatClient
  104 |                     .instance()
  105 |                     .createStreamerChannel() ?: return@launch
  106 |                   navigator.navigate(
  107 |                     LiveShoppingScreen.LiveShopping(cid = channel.cid, isHost = true)
  108 |                   )
  109 |                 }
  110 |               },
  111 |             imageVector = Icons.Default.VideoCall,
  112 |             tint = Color.White,
  113 |             contentDescription = null
  114 |           )
  115 |         }
  116 |       }
  117 |       if (orientation == Configuration.ORIENTATION_PORTRAIT) {
  118 |         ChannelList(
  119 |           modifier = Modifier
  120 |             .fillMaxSize()
  121 |             .background(ChatTheme.colors.appBackground),
  122 |           viewModel = channelListViewModel,
  123 |           channelContent = { channelItemState ->
  124 |             LiveShoppingChannelItem(channelItemState = channelItemState)
  125 |           },
  126 |           divider = { Spacer(modifier = Modifier.height(6.dp)) }
  127 |         )
  128 |       } else {
  129 |         GridChannelList(
  130 |           modifier = Modifier
  131 |             .fillMaxSize()
  132 |             .background(ChatTheme.colors.appBackground),
  133 |           viewModel = channelListViewModel,
  134 |           itemContent = { channelItemState ->"
pilot-0294,r0179,iTsMe-Zen__Areada,iTsMe-Zen__Areada/app/src/main/java/app/areada/ui/home/SearchBar.kt,70.0,SearchBar,touch_target_size,NO_ISSUE,none,agreed,FP,NO_ISSUE,none,NO_ISSUE,none,,,"modifier = Modifier.size(18.dp),","   34 | internal fun SearchBar(
   35 |     query: String,
   36 |     isSearching: Boolean,
   37 |     onQueryChange: (String) -> Unit,
   38 |     onFocusChanged: (Boolean) -> Unit,
   39 |     modifier: Modifier = Modifier,
   40 | ) {
   41 |     val textColor = MaterialTheme.colorScheme.onSurface
   42 |     val mutedColor = MaterialTheme.colorScheme.onSurfaceVariant
   43 |     BasicTextField(
   44 |         value = query,
   45 |         onValueChange = onQueryChange,
   46 |         modifier = modifier
   47 |             .height(40.dp)
   48 |             .onFocusChanged { state -> onFocusChanged(state.isFocused) },
   49 |         singleLine = true,
   50 |         textStyle = MaterialTheme.typography.bodyMedium.copy(color = textColor),
   51 |         cursorBrush = SolidColor(MaterialTheme.colorScheme.primary),
   52 |         decorationBox = { innerTextField ->
   53 |             Surface(
   54 |                 modifier = Modifier.fillMaxSize(),
   55 |                 shape = RectangleShape,
   56 |                 color = Color.Transparent,
   57 |                 tonalElevation = 0.dp,
   58 |                 shadowElevation = 0.dp,
   59 |                 border = BorderStroke(1.dp, MaterialTheme.colorScheme.outline.copy(alpha = 0.46f)),
   60 |             ) {
   61 |                 Row(
   62 |                     modifier = Modifier
   63 |                         .fillMaxSize()
   64 |                         .padding(horizontal = 10.dp),
   65 |                     verticalAlignment = Alignment.CenterVertically,
   66 |                 ) {
   67 |                     Icon(
   68 |                         imageVector = Icons.Outlined.Search,
   69 |                         contentDescription = null,
   70 |                         modifier = Modifier.size(18.dp),
   71 |                         tint = mutedColor,
   72 |                     )
   73 |                     Spacer(modifier = Modifier.width(9.dp))
   74 |                     Box(
   75 |                         modifier = Modifier.weight(1f),
   76 |                         contentAlignment = Alignment.CenterStart,
   77 |                     ) {
   78 |                         if (query.isEmpty()) {
   79 |                             Text(
   80 |                                 text = stringResource(R.string.search),
   81 |                                 style = MaterialTheme.typography.bodyMedium,
   82 |                                 color = mutedColor.copy(alpha = 0.78f),
   83 |                                 maxLines = 1,
   84 |                             )
   85 |                         }
   86 |                         innerTextField()
   87 |                     }
   88 |                     if (isSearching) {
   89 |                         Spacer(modifier = Modifier.width(8.dp))
   90 |                         CircularProgressIndicator(
   91 |                             modifier = Modifier.size(16.dp),
   92 |                             strokeWidth = 2.dp,
   93 |                         )
   94 |                     }
   95 |                     if (query.isNotEmpty()) {
   96 |                         Spacer(modifier = Modifier.width(8.dp))
   97 |                         Icon(
   98 |                             imageVector = Icons.Outlined.Close,
   99 |                             contentDescription = stringResource(R.string.clear_search),
  100 |                             modifier = Modifier
  101 |                                 .size(18.dp)
  102 |                                 .clickable { onQueryChange("""") },
  103 |                             tint = mutedColor,
  104 |                         )
  105 |                     }
  106 |                 }
  107 |             }
  108 |         },
  109 |     )
  110 | }"
pilot-0295,r0267,isotjs__todosian-app,isotjs__todosian-app/app/src/main/java/com/isotjs/todosian/ui/components/TodoRow.kt,534.0,PriorityChip,touch_target_size,NO_ISSUE,none,agreed,FP,NO_ISSUE,none,NO_ISSUE,none,,,"modifier = Modifier.size(18.dp),","  519 | private fun PriorityChip(
  520 |     selected: Boolean,
  521 |     label: String,
  522 |     onClick: () -> Unit,
  523 |     icon: ImageVector?,
  524 |     iconTint: Color? = null,
  525 | ) {
  526 |     FilterChip(
  527 |         selected = selected,
  528 |         onClick = onClick,
  529 |         leadingIcon = icon?.let { image ->
  530 |             {
  531 |                 Icon(
  532 |                     imageVector = image,
  533 |                     contentDescription = null,
  534 |                     modifier = Modifier.size(18.dp),
  535 |                     tint = iconTint ?: LocalContentColor.current,
  536 |                 )
  537 |             }
  538 |         },
  539 |         label = {
  540 |             Text(
  541 |                 text = label,
  542 |                 maxLines = 1,
  543 |                 overflow = TextOverflow.Ellipsis,
  544 |             )
  545 |         },
  546 |     )
  547 | }
  548 | 
  549 | internal fun showDatePicker(
  550 |     context: android.content.Context,
  551 |     initial: LocalDate,
  552 |     onPicked: (String) -> Unit,
  553 | ) {
  554 |     DatePickerDialog(
  555 |         context,
  556 |         { _, year, month, dayOfMonth ->
  557 |             val picked = LocalDate.of(year, month + 1, dayOfMonth)
  558 |             onPicked(picked.toString())
  559 |         },
  560 |         initial.year,
  561 |         initial.monthValue - 1,
  562 |         initial.dayOfMonth,
  563 |     ).show()
  564 | }
  565 | 
  566 | internal data class TasksMetaChipUi(
  567 |     val label: String,
  568 |     val icon: ImageVector?,
  569 |     val color: Color? = null,
  570 | )
  571 | 
  572 | @Composable
  573 | internal fun priorityColorFor(priority: TasksPriority?): Color? {
  574 |     return when (priority) {"
pilot-0296,r0028,Dking08__croc-app,Dking08__croc-app/app/src/main/java/com/dking/crocapp/ui/history/HistoryScreen.kt,323.0,CompactHistoryCard,touch_target_size,NO_ISSUE,none,agreed,FP,NO_ISSUE,none,NO_ISSUE,none,missing_content_description,,.size(40.dp),"  311 |             }
  312 |         }
  313 |     ) {
  314 |         Row(
  315 |             modifier = Modifier
  316 |                 .fillMaxWidth()
  317 |                 .padding(horizontal = 14.dp, vertical = 12.dp),
  318 |             verticalAlignment = Alignment.CenterVertically
  319 |         ) {
  320 |             // Direction icon with tinted background
  321 |             Box(
  322 |                 modifier = Modifier
  323 |                     .size(40.dp)
  324 |                     .clip(CircleShape)
  325 |                     .background(
  326 |                         when {
  327 |                             transfer.isStored && transfer.type == TransferType.RECEIVE -> MaterialTheme.colorScheme.secondaryContainer.copy(alpha = 0.7f)
  328 |                             transfer.isStored -> MaterialTheme.colorScheme.primaryContainer.copy(alpha = 0.7f)
  329 |                             transfer.type == TransferType.SEND -> MaterialTheme.colorScheme.primaryContainer.copy(alpha = 0.6f)
  330 |                             else -> MaterialTheme.colorScheme.tertiaryContainer.copy(alpha = 0.6f)
  331 |                         }
  332 |                     ),
  333 |                 contentAlignment = Alignment.Center
  334 |             ) {
  335 |                 Icon(
  336 |                     imageVector = when {
  337 |                         transfer.isStored && transfer.type == TransferType.RECEIVE -> Icons.Rounded.CloudDownload
  338 |                         transfer.isStored -> Icons.Rounded.CloudUpload
  339 |                         transfer.type == TransferType.SEND -> Icons.Rounded.Upload
  340 |                         else -> Icons.Rounded.Download
  341 |                     },
  342 |                     contentDescription = null,
  343 |                     tint = when {
  344 |                         transfer.isStored && transfer.type == TransferType.RECEIVE -> MaterialTheme.colorScheme.secondary
  345 |                         transfer.isStored -> MaterialTheme.colorScheme.primary
  346 |                         transfer.type == TransferType.SEND -> MaterialTheme.colorScheme.primary
  347 |                         else -> MaterialTheme.colorScheme.tertiary
  348 |                     },
  349 |                     modifier = Modifier.size(20.dp)
  350 |                 )
  351 |             }
  352 | 
  353 |             Spacer(modifier = Modifier.width(12.dp))
  354 | 
  355 |             // 2-line info
  356 |             Column(modifier = Modifier.weight(1f)) {
  357 |                 Row(
  358 |                     verticalAlignment = Alignment.CenterVertically,
  359 |                     horizontalArrangement = Arrangement.spacedBy(6.dp)
  360 |                 ) {
  361 |                     Text(
  362 |                         text = transfer.fileName,
  363 |                         style = MaterialTheme.typography.bodyMedium,"
pilot-0297,r0197,maxwhipw__marmalade-tts-android,maxwhipw__marmalade-tts-android/app/src/main/java/app/marmalade/tts/ui/screen/AppRoutingSheet.kt,200.0,AppRoutingSheet,touch_target_size,NO_ISSUE,none,agreed,FP,NO_ISSUE,none,NO_ISSUE,none,,,Spacer(Modifier.size(8.dp)),"  188 |                 }
  189 |             }
  190 |         }
  191 | 
  192 |         Row(
  193 |             modifier = Modifier
  194 |                 .fillMaxWidth()
  195 |                 .padding(horizontal = 24.dp, vertical = 16.dp),
  196 |             horizontalArrangement = Arrangement.End,
  197 |             verticalAlignment = Alignment.CenterVertically,
  198 |         ) {
  199 |             TextButton(onClick = onDismiss) { Text(stringResource(R.string.alias_cancel)) }
  200 |             Spacer(Modifier.size(8.dp))
  201 |             Button(onClick = onSave) { Text(stringResource(R.string.alias_save_routing)) }
  202 |         }
  203 |     }
  204 | }
  205 | 
  206 | @Composable
  207 | private fun AppRoutingRow(
  208 |     app: InstalledApp,
  209 |     checked: Boolean,
  210 |     currentOwner: String?,
  211 |     enabled: Boolean,
  212 |     onToggle: () -> Unit,
  213 | ) {
  214 |     Row(
  215 |         modifier = Modifier
  216 |             .fillMaxWidth()
  217 |             .toggleable(
  218 |                 value = checked,
  219 |                 enabled = enabled,
  220 |                 role = Role.Checkbox,
  221 |                 onValueChange = { onToggle() },
  222 |             )
  223 |             .padding(horizontal = 24.dp, vertical = 10.dp)
  224 |             .alpha(if (enabled) 1f else 0.45f),
  225 |         verticalAlignment = Alignment.CenterVertically,
  226 |     ) {
  227 |         AppIconTile(drawable = app.icon, size = 40.dp)
  228 |         Column(
  229 |             modifier = Modifier
  230 |                 .weight(1f)
  231 |                 .padding(start = 12.dp),
  232 |         ) {
  233 |             Text(text = app.displayName, style = MaterialTheme.typography.bodyLarge)
  234 |             Text(
  235 |                 // The owning alias is the more useful subtitle when there is
  236 |                 // one — it's what makes ticking this row an informed steal.
  237 |                 text = currentOwner?.let {
  238 |                     stringResource(R.string.alias_routing_owned_elsewhere, it)
  239 |                 } ?: app.packageName,
  240 |                 style = MaterialTheme.typography.labelSmall,"
pilot-0298,r0055,GetStream__stream-draw-android,GetStream__stream-draw-android/app/src/main/kotlin/io/getstream/streamdraw/ui/components/SketchbookControlMenu.kt,73.0,SketchbookControlMenu,touch_target_size,ISSUE,clickable_icon_not_iconbutton,adjudicated,TP_OTHER,ISSUE,clickable_icon_not_iconbutton,ISSUE,touch_target_size,"missing_content_description,missing_semantics_role,touch_target_size",CATEGORY ONLY: both agree on verdict; pick category,".size(40.dp),","   53 | fun SketchbookControlMenu(
   54 |     controller: SketchbookController,
   55 | ) {
   56 |     val context = LocalContext.current
   57 |     Row(
   58 |         modifier = Modifier
   59 |             .fillMaxWidth()
   60 |             .padding(10.dp),
   61 |         horizontalArrangement = Arrangement.SpaceAround,
   62 |         verticalAlignment = Alignment.CenterVertically
   63 |     ) {
   64 |         Icon(
   65 |             modifier = Modifier
   66 |                 .clickable {
   67 |                     controller.setEraseMode(false)
   68 |                     controller.setRainbowShader()
   69 |                     Toast
   70 |                         .makeText(context, ""Rainbow Shader"", Toast.LENGTH_SHORT)
   71 |                         .show()
   72 |                 }
   73 |                 .size(40.dp),
   74 |             tint = ChatTheme.colors.textHighEmphasis,
   75 |             imageVector = ImageVector.vectorResource(R.drawable.ic_brush),
   76 |             contentDescription = null
   77 |         )
   78 | 
   79 |         Box {
   80 |             val expanded = remember { mutableStateOf(false) }
   81 |             val widths = listOf(10f, 20f, 30f, 40f, 50f)
   82 |             Icon(
   83 |                 modifier = Modifier
   84 |                     .clickable { expanded.value = true }
   85 |                     .size(40.dp),
   86 |                 imageVector = ImageVector.vectorResource(R.drawable.ic_line_weight),
   87 |                 tint = ChatTheme.colors.textHighEmphasis,
   88 |                 contentDescription = null
   89 |             )
   90 |             DropdownMenu(
   91 |                 expanded = expanded.value,
   92 |                 modifier = Modifier.background(ChatTheme.colors.appBackground),
   93 |                 onDismissRequest = { expanded.value = false }
   94 |             ) {
   95 |                 widths.forEach { width ->
   96 |                     DropdownMenuItem(
   97 |                         onClick = {
   98 |                             controller.setPaintStrokeWidth(width)
   99 |                             expanded.value = false
  100 |                         }
  101 |                     ) {
  102 |                         Text(text = width.toString(), color = ChatTheme.colors.textHighEmphasis)
  103 |                     }
  104 |                 }
  105 |             }
  106 |         }
  107 | 
  108 |         Box {
  109 |             val expanded = remember { mutableStateOf(false) }
  110 |             Icon(
  111 |                 modifier = Modifier
  112 |                     .clickable { expanded.value = true }
  113 |                     .size(40.dp),"
pilot-0299,r0275,digiexchris__RoadTripRadar,digiexchris__RoadTripRadar/app/src/main/java/ca/voiditswarranty/roadtripradar/ui/ColorEditorSheet.kt,320.0,ColorCategoryRow,touch_target_size,ISSUE,missing_content_description,adjudicated,FP_DETECTOR,ISSUE,missing_content_description,HANDLED,none,missing_semantics_role,,"ColorSwatch(color = color, modifier = Modifier.size(32.dp))","  304 | internal fun ColorCategoryRow(
  305 |     category: ThemeColorCategory,
  306 |     color: Color,
  307 |     onColorChange: (Color) -> Unit,
  308 | ) {
  309 |     var expanded by rememberSaveable { mutableStateOf(false) }
  310 | 
  311 |     Column(modifier = Modifier.fillMaxWidth()) {
  312 |         Row(
  313 |             modifier = Modifier
  314 |                 .fillMaxWidth()
  315 |                 .clickable { expanded = !expanded }
  316 |                 .padding(vertical = 8.dp),
  317 |             verticalAlignment = Alignment.CenterVertically,
  318 |             horizontalArrangement = Arrangement.spacedBy(12.dp),
  319 |         ) {
  320 |             ColorSwatch(color = color, modifier = Modifier.size(32.dp))
  321 |             Text(
  322 |                 stringResource(category.labelRes),
  323 |                 style = MaterialTheme.typography.bodyMedium,
  324 |                 modifier = Modifier.weight(1f),
  325 |             )
  326 |             Icon(
  327 |                 if (expanded) Icons.Default.ExpandLess else Icons.Default.ExpandMore,
  328 |                 contentDescription = if (expanded) stringResource(R.string.cd_collapse) else stringResource(R.string.cd_expand),
  329 |             )
  330 |         }
  331 | 
  332 |         if (expanded) {
  333 |             ColorPickerExpanded(color = color, onColorChange = onColorChange)
  334 |             HorizontalDivider(modifier = Modifier.padding(top = 4.dp))
  335 |         }
  336 |     }
  337 | }
  338 | 
  339 | @Composable
  340 | internal fun ColorSwatch(color: Color, modifier: Modifier = Modifier) {
  341 |     val shape = RoundedCornerShape(6.dp)
  342 |     Box(
  343 |         modifier = modifier
  344 |             .clip(shape)
  345 |             .background(color)
  346 |             .border(1.dp, MaterialTheme.colorScheme.outline, shape),
  347 |     )
  348 | }
  349 | 
  350 | @Composable
  351 | internal fun ColorPickerExpanded(
  352 |     color: Color,
  353 |     onColorChange: (Color) -> Unit,
  354 | ) {
  355 |     var hexInput by remember(color) { mutableStateOf(StyleJsonPatcher.colorToHex(color)) }
  356 |     var hexError by remember { mutableStateOf(false) }
  357 | 
  358 |     Column(
  359 |         modifier = Modifier
  360 |             .fillMaxWidth()"
pilot-0300,r0294,isotjs__todosian-app,isotjs__todosian-app/app/src/main/java/com/isotjs/todosian/ui/components/TodoRow.kt,418.0,DateMetaRow,touch_target_size,NO_ISSUE,none,agreed,FP,NO_ISSUE,none,NO_ISSUE,none,,,"modifier = Modifier.size(18.dp),","  393 | private fun DateMetaRow(
  394 |     label: String,
  395 |     icon: ImageVector?,
  396 |     value: String?,
  397 |     allowClear: Boolean,
  398 |     onPick: (String) -> Unit,
  399 |     onClear: () -> Unit,
  400 |     modifier: Modifier = Modifier,
  401 | ) {
  402 |     val context = LocalContext.current
  403 |     Row(
  404 |         verticalAlignment = Alignment.CenterVertically,
  405 |         horizontalArrangement = Arrangement.spacedBy(10.dp),
  406 |         modifier = modifier.fillMaxWidth(),
  407 |     ) {
  408 |         Row(
  409 |             verticalAlignment = Alignment.CenterVertically,
  410 |             horizontalArrangement = Arrangement.spacedBy(8.dp),
  411 |             modifier = Modifier.weight(1f),
  412 |         ) {
  413 |             if (icon != null) {
  414 |                 Icon(
  415 |                     imageVector = icon,
  416 |                     contentDescription = null,
  417 |                     tint = MaterialTheme.colorScheme.onSurfaceVariant,
  418 |                     modifier = Modifier.size(18.dp),
  419 |                 )
  420 |             }
  421 |             Text(
  422 |                 text = label,
  423 |                 style = MaterialTheme.typography.bodyMedium,
  424 |             )
  425 |         }
  426 | 
  427 |         TextButton(
  428 |             onClick = {
  429 |                 val initial = runCatching { value?.let(LocalDate::parse) }.getOrNull() ?: LocalDate.now()
  430 |                 showDatePicker(
  431 |                     context = context,
  432 |                     initial = initial,
  433 |                     onPicked = onPick,
  434 |                 )
  435 |             },
  436 |         ) {
  437 |             Text(text = value ?: stringResource(R.string.action_set))
  438 |         }
  439 | 
  440 |         if (allowClear && value != null) {
  441 |             TextButton(onClick = onClear) {
  442 |                 Text(text = stringResource(R.string.action_clear))
  443 |             }
  444 |         }
  445 |     }
  446 | }
  447 | 
  448 | @Composable
  449 | private fun PriorityMetaRow(
  450 |     value: TasksPriority?,
  451 |     onChange: (TasksPriority?) -> Unit,
  452 |     useEmojisInUi: Boolean,
  453 |     modifier: Modifier = Modifier,
  454 | ) {
  455 |     val scroll = rememberScrollState()
  456 |     Row(
  457 |         verticalAlignment = Alignment.CenterVertically,
  458 |         horizontalArrangement = Arrangement.spacedBy(8.dp),"
