item_id,category,repo,file,composable,evidence,snippet,verdict,notes
pilot-0129,missing_interaction_semantics,dantech0xff__compose-qr-code-scanner,dantech0xff__compose-qr-code-scanner/app/src/main/java/com/creative/qrcodescanner/ui/nav/TopNavBar.kt,TopNavBar,.clickable without onClickLabel," 
@Composable
fun TopNavBar(@StringRes titleResId: Int, backNavClick: () -> Unit) {
    Column(
        modifier = Modifier
            .shadow(MaterialTheme.colorScheme.primary.copy(alpha = 0.5f),
                blurRadius = 12.dp, borderRadius = 0.dp, spread = 0.dp,
                offsetY = 1.dp, offsetX = 0.dp)
            .fillMaxWidth()
            .background(MaterialTheme.colorScheme.primary, shape = RectangleShape)
    ) {
        Spacer(modifier = Modifier.windowInsetsTopHeight(WindowInsets.statusBars))
        Row(
            modifier = Modifier
                .fillMaxWidth()
                .wrapContentHeight(),",,
pilot-0226,progress_no_semantics,cvc953__localplayer,cvc953__localplayer/app/src/main/java/com/cvc953/localplayer/ui/screens/ArtistsScreen.kt,ArtistsScreen,CircularProgressIndicator without progressSemantics,"@Suppress(""ktlint:standard:function-naming"")
@Composable
fun ArtistsScreen(
    artistViewModel: ArtistViewModel,
    playbackViewModel: PlaybackViewModel,
    playerViewModel: PlayerViewModel,
    onArtistClick: (artistName: String) -> Unit,
) {
    // Use the global SongViewModel to fetch all songs so we can build artist thumbnails
    val songViewModel: SongViewModel = viewModel()
    val songs by songViewModel.songs.collectAsState()
    val artists by artistViewModel.artists.collectAsState()

    // Expand and deduplicate artist names using normalization
    val expandedArtists =
        remember(artists) {",,
pilot-0294,touch_target_size,iTsMe-Zen__Areada,iTsMe-Zen__Areada/app/src/main/java/app/areada/ui/home/SearchBar.kt,SearchBar,size(18.dp) on interactive element,"
@Composable
internal fun SearchBar(
    query: String,
    isSearching: Boolean,
    onQueryChange: (String) -> Unit,
    onFocusChanged: (Boolean) -> Unit,
    modifier: Modifier = Modifier,
) {
    val textColor = MaterialTheme.colorScheme.onSurface
    val mutedColor = MaterialTheme.colorScheme.onSurfaceVariant
    BasicTextField(
        value = query,
        onValueChange = onQueryChange,
        modifier = modifier
            .height(40.dp)",,
pilot-0240,progress_no_semantics,jordond__MaterialKolor,jordond__MaterialKolor/builder/shared/src/commonMain/kotlin/com/materialkolor/builder/ui/home/components/ExportDialog.kt,ExportDialog,CircularProgressIndicator without progressSemantics,"
@Composable
fun ExportDialog(
    onDismiss: () -> Unit,
    modifier: Modifier = Modifier,
) {
    Dialog(
        onDismissRequest = {},
        properties = DialogProperties(
            dismissOnBackPress = false,
            dismissOnClickOutside = false,
        ),
        content = {
            Card(
                modifier = modifier
                    .size(300.dp)",,
pilot-0234,progress_no_semantics,RisorseArtificiali__anti-vocale,RisorseArtificiali__anti-vocale/app/src/main/java/com/antivocale/app/ui/components/ModelVariantCard.kt,DownloadProgressView,CircularProgressIndicator without progressSemantics," */
@Composable
internal fun DownloadProgressView(
    downloadState: DownloadState,
    downloadProgress: Float,
    showExtractingFileSize: Boolean = false
) {
    when (val state = downloadState) {
        is DownloadState.Downloading -> {
            // TASK-384: talkback reads the same percentage the sighted UI shows
            val percentText = ""${(downloadProgress * 100).toInt()}%""
            Column(verticalArrangement = Arrangement.spacedBy(4.dp)) {
                Row(
                    modifier = Modifier.fillMaxWidth(),
                    horizontalArrangement = Arrangement.SpaceBetween
                ) {",,
pilot-0053,decorative_mislabeled,Abhay-cloud__Fixed-Deposit-Tracker,Abhay-cloud__Fixed-Deposit-Tracker/app/src/main/java/dev/abhaycloud/fdtracker/presentation/ui/widget/FixedDepositWidget.kt,FixedDepositGlance,"decorative with description ""refresh""","
@Composable
private fun FixedDepositGlance(investedAmount: Double, maturityAmount: Double) {
    Box(
        modifier = GlanceModifier.fillMaxWidth().background(Color(0xff001F3F)).padding(16.dp),
        contentAlignment = Alignment.Center
    ) {
        Box(modifier = GlanceModifier.fillMaxWidth(), contentAlignment = Alignment.TopEnd) {
            Image(
                provider = ImageProvider(R.drawable.baseline_refresh_24),
                contentDescription = ""refresh"",
                colorFilter = ColorFilter.tint(
                    ColorProvider(
                        day = Color(0xff787878),
                        night = Color(0XFFCDD5EA)
                    )",,
pilot-0236,progress_no_semantics,beradeep__aiyo,beradeep__aiyo/ui/src/main/java/com/beradeep/aiyo/ui/screens/components/ModelSelectionSheet.kt,ModelSelectionSheet,LinearProgressIndicator without progressSemantics,"
@Composable
fun ModelSelectionSheet(
    isVisible: Boolean,
    modifier: Modifier = Modifier,
    isFetchingModels: Boolean,
    fetchModels: () -> Unit,
    models: List<Model>,
    selectedModel: Model,
    onModelSelected: (Model) -> Unit,
    onDismiss: () -> Unit
) {
    ModalBottomSheet(
        isVisible = isVisible,
        onDismissRequest = onDismiss,
        sheetGesturesEnabled = false",,
pilot-0040,color_contrast,eslamfaisal__android-compose-clean-architecture-sample,eslamfaisal__android-compose-clean-architecture-sample/features/recipe-details/src/main/java/com/eslam/bakingapp/features/recipe_details/presentation/RecipeDetailScreen.kt,DifficultyBadge,3 hardcoded Color literals with Text,"
@Composable
private fun DifficultyBadge(
    difficulty: Difficulty,
    modifier: Modifier = Modifier
) {
    val backgroundColor = when (difficulty) {
        Difficulty.EASY -> Color(0xFF4CAF50)
        Difficulty.MEDIUM -> Color(0xFFFFC107)
        Difficulty.HARD -> Color(0xFFFF5722)
    }
    
    Box(
        modifier = modifier
            .background(
                color = backgroundColor,",,
pilot-0113,missing_heading_semantics,isotjs__todosian-app,isotjs__todosian-app/app/src/main/java/com/isotjs/todosian/ui/dailyfocus/DailyFocusScreen.kt,DailyFocusScreen,titleLarge text without heading(),"@OptIn(ExperimentalMaterial3Api::class, ExperimentalFoundationApi::class)
@Composable
fun DailyFocusScreen(
    fileRepository: FileRepository,
    appSettingsRepository: AppSettingsRepository,
    onBack: () -> Unit,
    modifier: Modifier = Modifier,
) {
    // Collect settings once to seed the ViewModel factory
    val settings by appSettingsRepository.settings.collectAsStateWithLifecycle(
        initialValue = AppSettings(),
    )

    val viewModel: DailyFocusViewModel = viewModel(
        key = ""daily_focus_${settings.dailyFocusMode.name}_${settings.enableTasksPluginSupport}"",
        factory = DailyFocusViewModelFactory(",,
pilot-0163,missing_semantics_role,CarGuo__GSYGithubAppCompose,CarGuo__GSYGithubAppCompose/core/ui/src/main/java/com/shuyu/gsygithubappcompose/core/ui/components/AvatarImage.kt,AvatarImage,.clickable without Role,"
@Composable
fun AvatarImage(
    url: String,
    username: String?,
    modifier: Modifier = Modifier,
    size: Dp = 40.dp,
) {
    val navigator = LocalNavigator.current
    SubcomposeAsyncImage(
        model = url,
        contentDescription = ""Avatar"",
        modifier = modifier
            .size(size)
            .clip(CircleShape)
            .clickable {",,
pilot-0013,clickable_icon_not_iconbutton,maximilian-schwaerzler__Do-It,maximilian-schwaerzler__Do-It/app/src/main/java/at/co/schwaerzler/maximilian/doit/ui/navigation/screen/SettingsScreen.kt,SettingsScreenContent,Icon made clickable directly instead of IconButton,"@OptIn(ExperimentalMaterial3Api::class)
@Composable
fun SettingsScreenContent(
    onNavigateBack: () -> Unit,
    themeMode: AppThemeMode,
    onSetTheme: (AppThemeMode) -> Unit,
    versionName: String?,
    currentLocaleTag: String,
    supportedLocales: List<Pair<String, String>>,
    onSetLanguage: (String) -> Unit,
    notificationLeadTime: NotificationLeadTime,
    onSetNotificationLeadTime: (NotificationLeadTime) -> Unit,
    modifier: Modifier = Modifier,
    useDynamicColors: Boolean,
    onSetUseDynamicColors: (Boolean) -> Unit
) {",,
pilot-0220,pointerinput_no_semantics,DaKlok__BibleLockScreen,DaKlok__BibleLockScreen/app/src/main/java/com/daklok/biblelockscreen/ColorPickerDialog.kt,ColorPickerDialog,detectTapGestures without semantics/Role,"
@Composable
fun ColorPickerDialog(
    initialColor: Color = Color.White,
    strings: AppStrings,
    onDismiss: () -> Unit,
    onColorSelected: (Color) -> Unit
) {
    val (initH, initS, initV) = colorToHsv(initialColor)

    var hueState   by remember { mutableStateOf(initH) }
    var satState   by remember { mutableStateOf(initS) }
    var valueState by remember { mutableStateOf(initV) }

    val currentColor by remember(hueState, satState, valueState) {
        derivedStateOf { hsvToColor(hueState, satState, valueState) }",,
pilot-0209,pointerinput_no_semantics,braniik__slate,braniik__slate/app/src/main/java/com/braniik/slate/ui/drawer/list/HomeList.kt,HorizontalListItem,detectTapGestures without semantics/Role,"
@Composable
private fun HorizontalListItem(
    homeApp: HomeScreenApp,
    info: AppInfo,
    mode: HomeMode,
    dragOffsetPx: Float,
    onTap: (HomeScreenApp) -> Unit,
    onLongPress: (HomeScreenApp) -> Unit,
    onDragStart: () -> Unit,
    onDrag: (Float) -> Unit,
    onDragEnd: () -> Unit,
    modifier: Modifier = Modifier
) {
    val canDrag = mode == HomeMode.EDITING
    val currentOnDragStart by rememberUpdatedState(onDragStart)",,
pilot-0284,touch_target_size,GetStream__whatsApp-clone-compose,GetStream__whatsApp-clone-compose/features/chats/src/main/kotlin/io/getstream/whatsappclone/chats/messages/WhatsAppMessageTopBar.kt,WhatsAppMessageTopBar,size(26.dp) on interactive element,"
@Composable
fun WhatsAppMessageTopBar(
  messageUiState: WhatsAppMessageUiState,
  navigateToVideoCall: (Boolean) -> Unit,
  onBackClick: () -> Unit
) {
  TopAppBar(
    modifier = Modifier.fillMaxWidth(),
    navigationIcon = {
      Icon(
        modifier = Modifier
          .size(26.dp)
          .clickable {
            onBackClick()
          },",,
pilot-0065,error_state_no_semantics,AmanoTeam__Kahon,AmanoTeam__Kahon/app/src/main/java/eu/kanade/presentation/more/settings/screen/browse/components/ExtensionStoresDialogs.kt,ExtensionStoreCreateDialog,isError set without semantics { error(...) },"
@Composable
fun ExtensionStoreCreateDialog(
    onDismissRequest: () -> Unit,
    onCreate: (String) -> Unit,
    storeIndexUrls: Set<String>,
    processing: Boolean,
    errorMessage: String?,
) {
    val state = rememberTextFieldState()
    val storeAlreadyExists by remember(storeIndexUrls) {
        derivedStateOf {
            val indexUrl = state.text.toString()
            storeIndexUrls.contains(indexUrl)
        }
    }",,
pilot-0225,progress_no_semantics,iOrchid__android-jetpack-demo,iOrchid__android-jetpack-demo/compose/src/main/java/org/zhiwei/compose/screen/basic/material3/WidgetScreen.kt,UI_ProgressIndicator,CircularProgressIndicator without progressSemantics,"
@Composable
private fun UI_ProgressIndicator() {
    Title_Text(title = ""ProgressIndicator"")
    Title_Sub_Text(title = ""1、ProgressIndicator就是传统view中的progressBar，进度提示条/圈"")
    Title_Desc_Text(desc = ""Indeterminate progress 默认进度progress是0的时候"")
    CircularProgressIndicator()
    Spacer(modifier = Modifier.height(8.dp))
    LinearProgressIndicator()
    Spacer(modifier = Modifier.height(8.dp))
    Title_Desc_Text(desc = ""Determinate 有确切的进度"")
    //在compose中，数据变化都是state的，
    val progress = progressFlow.collectAsState(initial = 0)
    CircularProgressIndicator(
        progress = { progress.value / 100f },
        color = Color(0XFFFA7E23),",,
pilot-0128,missing_interaction_semantics,norsehorse-dev__BurnPonyAndroid,norsehorse-dev__BurnPonyAndroid/app/src/main/kotlin/com/burnpony/app/ui/legal/LegalScreen.kt,LegalScreen,.clickable without onClickLabel,"@OptIn(ExperimentalMaterial3Api::class)
@Composable
fun LegalScreen(document: LegalDocument, onBack: () -> Unit) {
    val context = LocalContext.current

    Scaffold(
        containerColor = BurnPonyTheme.background,
        topBar = {
            TopAppBar(
                title = { Text(stringResource(document.titleResId)) },
                navigationIcon = {
                    IconButton(onClick = onBack) {
                        Icon(
                            Icons.AutoMirrored.Filled.ArrowBack,
                            contentDescription = stringResource(R.string.legal_back),
                            tint = BurnPonyTheme.ember,",,
pilot-0295,touch_target_size,isotjs__todosian-app,isotjs__todosian-app/app/src/main/java/com/isotjs/todosian/ui/components/TodoRow.kt,PriorityChip,size(18.dp) on interactive element,"
@Composable
private fun PriorityChip(
    selected: Boolean,
    label: String,
    onClick: () -> Unit,
    icon: ImageVector?,
    iconTint: Color? = null,
) {
    FilterChip(
        selected = selected,
        onClick = onClick,
        leadingIcon = icon?.let { image ->
            {
                Icon(
                    imageVector = image,",,
pilot-0144,missing_merge_descendants,norsehorse-dev__AgePonyAndroid,norsehorse-dev__AgePonyAndroid/app/src/main/java/com/agepony/app/ui/files/RecipientPicker.kt,RecipientPickerContent,"clickable Row with 3 Text children, no mergeDescendants"," */
@Composable
internal fun RecipientPickerContent(
    vault: Vault,
    selection: RecipientSelection,
    modifier: Modifier = Modifier,
    showTitle: Boolean = true,
    confirmLabelSuffix: String = """",
    /** Whether confirming a passphrase should hold it for the rest of the session. */
    rememberPassphrase: Boolean = false,
    onCancel: () -> Unit,
    onConfirm: (recipients: List<AgeRecipient>, passphrase: String?) -> Unit,
) {
    var pasteText by remember { mutableStateOf("""") }
    var pasteError by remember { mutableStateOf<String?>(null) }
",,
pilot-0042,decorative_mislabeled,gininaba__AIPOSPasswordManager,gininaba__AIPOSPasswordManager/app/src/main/java/com/aipos/aipospm/ui/screens/PasswordGeneratorScreen.kt,PasswordGeneratorScreen,"decorative with description ""Copy""","@OptIn(ExperimentalMaterial3Api::class)
@Composable
fun PasswordGeneratorScreen(
    generatorViewModel: PasswordGeneratorViewModel,
    onNavigateBack: () -> Unit
) {
    val uiState by generatorViewModel.uiState.collectAsStateWithLifecycle()
    val snackbarHostState = remember { SnackbarHostState() }
    val scope = rememberCoroutineScope()
    val context = LocalContext.current
    val haptic = LocalHapticFeedback.current

    val strengthProgress by animateFloatAsState(
        targetValue = when (uiState.strength) {
            PasswordStrength.NONE -> 0f
            PasswordStrength.WEAK -> 0.33f",,
pilot-0069,error_state_no_semantics,maximilian-schwaerzler__Do-It,maximilian-schwaerzler__Do-It/app/src/main/java/at/co/schwaerzler/maximilian/doit/ui/navigation/screen/EditTodoScreen.kt,EditTodoScreenContent,isError set without semantics { error(...) },"@OptIn(ExperimentalMaterial3Api::class)
@Composable
private fun EditTodoScreenContent(
    id: Int?,
    uiState: EditTodoUiState,
    onTitleChange: (String) -> Unit,
    onDescriptionChange: (String) -> Unit,
    onDeadlineChange: (Instant?) -> Unit,
    onSave: () -> Unit,
    onCancel: () -> Unit,
    onDelete: () -> Unit,
    modifier: Modifier = Modifier,
) {
    var showDatePicker by remember { mutableStateOf(false) }
    var showTimePicker by remember { mutableStateOf(false) }
    var pendingDateMillis by remember { mutableLongStateOf(0L) }",,
pilot-0299,touch_target_size,digiexchris__RoadTripRadar,digiexchris__RoadTripRadar/app/src/main/java/ca/voiditswarranty/roadtripradar/ui/ColorEditorSheet.kt,ColorCategoryRow,size(32.dp) on interactive element,"
@Composable
internal fun ColorCategoryRow(
    category: ThemeColorCategory,
    color: Color,
    onColorChange: (Color) -> Unit,
) {
    var expanded by rememberSaveable { mutableStateOf(false) }

    Column(modifier = Modifier.fillMaxWidth()) {
        Row(
            modifier = Modifier
                .fillMaxWidth()
                .clickable { expanded = !expanded }
                .padding(vertical = 8.dp),
            verticalAlignment = Alignment.CenterVertically,",,
pilot-0049,decorative_mislabeled,KaushalVasava__XPhotogram,KaushalVasava__XPhotogram/app/src/main/java/com/lahsuak/apps/instagram/ui/screen/ChatScreen.kt,ChatScreen,"decorative with description ""Camera""","@OptIn(ExperimentalMaterial3Api::class)
@Composable
fun ChatScreen(
    userId: String,
    homeViewModel: HomeViewModel,
    navController: NavController,
) {
    var isProgress by remember {
        mutableStateOf(false)
    }
    val userState by remember {
        mutableStateOf(homeViewModel.getUserById(userId))
    }
    if (isProgress) {
        Box(
            modifier = Modifier.fillMaxSize(),",,
pilot-0035,color_contrast,kursatkumsuz__movie,kursatkumsuz__movie/feature/search/src/main/java/com/kursatkumsuz/search/presentation/component/SearchBar.kt,SearchBar,3 hardcoded Color literals with Text,"
@Composable
fun SearchBar(
    hint: String = """",
    onSearch: (String) -> Unit
) {
    var text by remember {
        mutableStateOf("""")
    }
    var isHintDisplayed by remember {
        mutableStateOf(hint != """")
    }

    Box(modifier = Modifier.padding(10.dp)) {

        TextField(",,
pilot-0132,missing_interaction_semantics,IacobIonut01__ReFra,IacobIonut01__ReFra/app/src/main/kotlin/com/dot/gallery/cloud/ui/people/PersonDetailScreen.kt,PersonDetailScreen,.clickable without onClickLabel,")
@Composable
fun PersonDetailScreen(
    metadataState: State<MediaMetadataState>,
    sharedTransitionScope: SharedTransitionScope,
    animatedContentScope: AnimatedContentScope,
) {
    val viewModel = hiltViewModel<PersonDetailViewModel>()
    val state by viewModel.uiState.collectAsStateWithLifecycle()
    val mediaState = viewModel.mediaState.collectAsStateWithLifecycle()
    val blurProgress by viewModel.blurProgress.collectAsStateWithLifecycle()
    val mergeCandidates by viewModel.mergeCandidates.collectAsStateWithLifecycle()
    val personMedia by viewModel.personMedia.collectAsStateWithLifecycle()
    var showRenameSheet by remember { mutableStateOf(false) }
    var editNameText by remember { mutableStateOf("""") }
    var showBirthdayPicker by remember { mutableStateOf(false) }",,
pilot-0002,clickable_icon_not_iconbutton,shardulvs__pdfinspector-android,shardulvs__pdfinspector-android/app/src/main/java/SVS/pdfinspector/ui/ThemeSettingsSheet.kt,Swatch,Icon made clickable directly instead of IconButton,"
@Composable
private fun Swatch(
    color: Color,
    selected: Boolean,
    enabled: Boolean,
    onClick: () -> Unit,
) {
    val ring = MaterialTheme.colorScheme.onSurface
    Box(
        modifier = Modifier
            .size(44.dp)
            .alpha(if (enabled) 1f else 0.4f)
            .clip(CircleShape)
            .background(color)
            .then(if (selected) Modifier.border(3.dp, ring, CircleShape) else Modifier)",,
pilot-0164,missing_semantics_role,EventFahrplan__EventFahrplan,EventFahrplan__EventFahrplan/app/src/main/java/nerd/tuxmobil/fahrplan/congress/settings/widgets/EngelsystemShiftsUrlPreference.kt,EngelsystemShiftsUrlPreference,.clickable without Role,"
@Composable
internal fun EngelsystemShiftsUrlPreference(
    engelsystemShiftsUrl: String,
    showDivider: Boolean = false,
    onClick: () -> Unit,
) {
    PreferenceItemContainer(showDivider = showDivider) {
        Column(
            modifier = Modifier
                .fillMaxWidth()
                .minimumInteractiveComponentSize()
                .clickable(onClick = onClick)
                .padding(
                    horizontal = PREFERENCE_HORIZONTAL_PADDING_DP.dp,
                    vertical = PREFERENCE_VERTICAL_PADDING_DP.dp,",,
pilot-0145,missing_merge_descendants,maxwhipw__marmalade-tts-android,maxwhipw__marmalade-tts-android/app/src/main/java/app/marmalade/tts/ui/onboarding/OnboardingScreen.kt,EnginePickStep,"clickable Row with 3 Text children, no mergeDescendants","
@Composable
private fun EnginePickStep(
    padding: PaddingValues,
    cards: List<EngineCardState>,
    probePending: Boolean,
    selectedIds: Set<String>,
    onToggle: (String) -> Unit,
    onInstall: () -> Unit,
    onBack: () -> Unit,
    onSkip: () -> Unit,
) {
    Column(
        modifier = Modifier
            .fillMaxSize()
            .padding(padding)",,
pilot-0280,textfield_no_label,maxwhipw__marmalade-tts-android,maxwhipw__marmalade-tts-android/app/src/main/java/app/marmalade/tts/ui/screen/VoicePickerScreen.kt,VoicePickerScreen,OutlinedTextField with placeholder but no label,"@OptIn(ExperimentalMaterial3Api::class)
@Composable
fun VoicePickerScreen(
    onBack: () -> Unit,
    onVoiceSelected: () -> Unit,
    viewModel: VoicePickerViewModel = hiltViewModel(),
) {
    val tree by viewModel.voiceTree.collectAsStateWithLifecycle()
    val installedEngines by viewModel.installedEngines.collectAsStateWithLifecycle()
    val selectedId by viewModel.selectedId.collectAsStateWithLifecycle()
    val previewState by viewModel.previewState.collectAsStateWithLifecycle()
    val pickerState by viewModel.pickerState.collectAsStateWithLifecycle()
    val latency by viewModel.voiceLatency.collectAsStateWithLifecycle()
    val contentReady by viewModel.contentReady.collectAsStateWithLifecycle()

    val modelMissingState = previewState as? PreviewState.ModelMissing",,
pilot-0171,missing_semantics_role,Nevodev__Cresto,Nevodev__Cresto/app/src/main/java/com/nevoit/cresto/ui/components/glasense/GlasenseMenu.kt,CustomSelectiveMenuItem,.clickable without Role,"
@Composable
private fun CustomSelectiveMenuItem(
    text: String,
    icon: Painter? = null,
    isSelected: () -> Boolean,
    onClick: () -> Unit
) {
    val contentColor = AppColors.content
    val interactionSource = remember { MutableInteractionSource() }
    Row(
        modifier = Modifier
            .height(48.dp)
            .fillMaxWidth()
            .clickable(
                interactionSource = interactionSource,",,
pilot-0233,progress_no_semantics,AhmadHassan-BTed__Parchment,AhmadHassan-BTed__Parchment/app/src/main/java/ted/parchment/reader/ui/components/PdfThumbnail.kt,PdfThumbnail,CircularProgressIndicator without progressSemantics," */
@Composable
fun PdfThumbnail(fileName: String) {
    val context = LocalContext.current
    var bitmap by remember { mutableStateOf<Bitmap?>(null) }
    var isLoading by remember { mutableStateOf(true) }
    val scope = rememberCoroutineScope()

    DisposableEffect(fileName) {
        val job = scope.launch(Dispatchers.IO) {
            var pfd: ParcelFileDescriptor? = null
            var pdfRenderer: PdfRenderer? = null
            var page: PdfRenderer.Page? = null

            try {
                pfd = PdfUtils.getPdfFileDescriptor(context, fileName)",,
pilot-0126,missing_interaction_semantics,chmouel__liseur,chmouel__liseur/app/src/main/kotlin/com/chmouel/liseur/reader/chrome/ContentsScreen.kt,AnnotationRow,.clickable without onClickLabel,"
@Composable
private fun AnnotationRow(
    annotation: BookAnnotation,
    theme: ReaderTheme,
    expanded: Boolean,
    onClick: () -> Unit,
    onToggleExpanded: () -> Unit,
    onDelete: () -> Unit,
) {
    val excerpt = annotation.text?.trim()?.takeIf { it.isNotEmpty() }
    val note = annotation.note?.trim()?.takeIf { it.isNotEmpty() }
    val bookNote = annotation.kind == AnnotationKind.BOOK_NOTE.name
    // Keyed on the words themselves: a mark keeps its id when it is edited,
    // so a note trimmed down to nothing would otherwise leave a ""Show more""
    // behind with nothing left to show.",,
pilot-0080,error_state_no_semantics,Darkrock-Studios__FastTrack,Darkrock-Studios__FastTrack/app/src/main/java/com/darkrockstudios/apps/fasttrack/screens/profile/ProfileScreen.kt,ProfileDataEntryCard,isError set without semantics { error(...) },"
@Composable
fun ProfileDataEntryCard(
	isMetric: Boolean,
	heightCm: String,
	heightFeet: String,
	heightInches: String,
	weightKg: String,
	weightLbs: String,
	age: String,
	gender: Gender,
	heightCmError: String?,
	heightFeetError: String?,
	heightInchesError: String?,
	weightKgError: String?,
	weightLbsError: String?,",,
pilot-0103,missing_heading_semantics,nikbulavin__flick,nikbulavin__flick/feature/movie/src/main/kotlin/ru/resodostudio/flick/feature/movie/MovieScreen.kt,MovieHeader,headlineSmall text without heading(),"
@Composable
private fun MovieHeader(movie: Movie) {
    Row(
        modifier = Modifier.padding(start = 16.dp, end = 16.dp, top = 16.dp),
        horizontalArrangement = Arrangement.spacedBy(16.dp),
        verticalAlignment = Alignment.Top
    ) {
        FlickAsyncImage(
            url = movie.backdropPath,
            contentDescription = null,
            modifier = Modifier
                .size(width = 130.dp, height = 181.dp)
                .clip(RoundedCornerShape(12.dp)),
        )
",,
pilot-0278,textfield_no_label,Waboodoo__HTTP-Shortcuts,Waboodoo__HTTP-Shortcuts/HTTPShortcuts/app/src/main/kotlin/ch/rmy/android/http_shortcuts/activities/documentation/DocumentationScreen.kt,SearchBar,TextField with placeholder but no label,"
@Composable
private fun SearchBar(
    modifier: Modifier = Modifier,
    query: String,
    results: Pair<Int, Int>?,
    onQueryChanged: (String?) -> Unit,
    onNext: (SearchDirection) -> Unit,
) {
    val focusRequester = remember {
        FocusRequester()
    }
    val keyboard = LocalSoftwareKeyboardController.current

    Row(
        modifier = Modifier",,
pilot-0087,missing_content_description,Pool-Of-Tears__Myne,Pool-Of-Tears__Myne/app/src/main/java/com/starry/myne/ui/screens/settings/composables/SettingsItems.kt,SettingItem,contentDescription = null,"
@Composable
fun SettingItem(icon: ImageVector, mainText: String, subText: String, onClick: () -> Unit) {
    val view = LocalView.current
    Card(
        onClick = {
            view.weakHapticFeedback()
            onClick()
        },
        colors = CardDefaults.cardColors(
            containerColor = MaterialTheme.colorScheme.surfaceColorAtElevation(3.dp)
        ),
        modifier = Modifier
            .padding(bottom = 8.dp)
            .fillMaxWidth()
            .wrapContentHeight(),",,
pilot-0076,error_state_no_semantics,AmrDeveloper__LinkHub,AmrDeveloper__LinkHub/app/src/main/java/com/amrdeveloper/linkhub/ui/link/LinkScreen.kt,LinkInputField,isError set without semantics { error(...) },"
@Composable
private fun LinkInputField(
    label: String,
    value: String,
    errorMessage: String,
    onValueChange: (String) -> Unit
) {
    OutlinedTextField(
        value = value,
        onValueChange = { onValueChange(it) },
        label = { Text(text = label) },
        leadingIcon = {
            Icon(
                painter = painterResource(R.drawable.ic_link),
                contentDescription = ""Link Icon"",",,
pilot-0085,missing_content_description,fflopsi__mensa-zh,fflopsi__mensa-zh/app/src/main/java/ch/florianfrauenfelder/mensazh/ui/main/detail/MenuRow.kt,MenuRow,contentDescription = null,"
@Composable
fun MenuRow(
  menu: Menu,
  selected: Boolean,
  select: (Menu) -> Unit,
  autoShowImage: Boolean,
  modifier: Modifier = Modifier,
) {
  val context = LocalContext.current
  val clipboard = LocalClipboard.current
  val haptics = LocalHapticFeedback.current
  val scope = rememberCoroutineScope()

  var showMore by rememberSaveable { mutableStateOf(if (autoShowImage) selected else false) }
  val painter = rememberAsyncImagePainter(model = menu.imageUrl)",,
pilot-0060,decorative_mislabeled,AmrDeveloper__LinkHub,AmrDeveloper__LinkHub/app/src/main/java/com/amrdeveloper/linkhub/ui/explorer/ExplorerScreen.kt,FolderHeader,"decorative with description ""Folder Icon""","
@Composable
private fun FolderHeader(folder: Folder) {
    Row(modifier = Modifier.padding(16.dp), verticalAlignment = Alignment.CenterVertically) {
        Icon(
            painter = painterResource(id = folder.folderColor.drawableId),
            contentDescription = ""Folder Icon"",
            tint = Color.Unspecified
        )

        Spacer(modifier = Modifier.width(8.dp))

        Text(text = ""/${folder.name}"")
    }
}
",,
pilot-0267,textfield_no_label,raheemadamboev__todo-app,raheemadamboev__todo-app/app/src/main/java/xyz/teamgravity/todo/presentation/component/textfield/TodoTextField.kt,TodoTextField,TextField with placeholder but no label,"
@Composable
fun TodoTextField(
    value: String,
    onValueChange: (value: String) -> Unit
) {
    TextField(
        value = value,
        onValueChange = onValueChange,
        placeholder = {
            TextPlain(
                id = R.string.task_name
            )
        },
        colors = TextFieldDefaults.colors(
            focusedContainerColor = Color.Transparent,",,
pilot-0300,touch_target_size,isotjs__todosian-app,isotjs__todosian-app/app/src/main/java/com/isotjs/todosian/ui/components/TodoRow.kt,DateMetaRow,size(18.dp) on interactive element,"
@Composable
private fun DateMetaRow(
    label: String,
    icon: ImageVector?,
    value: String?,
    allowClear: Boolean,
    onPick: (String) -> Unit,
    onClear: () -> Unit,
    modifier: Modifier = Modifier,
) {
    val context = LocalContext.current
    Row(
        verticalAlignment = Alignment.CenterVertically,
        horizontalArrangement = Arrangement.spacedBy(10.dp),
        modifier = modifier.fillMaxWidth(),",,
pilot-0114,missing_heading_semantics,XiaochangXu__HeartRateMonitor-composeui,XiaochangXu__HeartRateMonitor-composeui/android/feature/main/src/main/java/com/github/heartratemonitor_compose/ui/main/DevicesScreen.kt,DevicesScreen,headlineSmall text without heading(),"@OptIn(ExperimentalMaterial3Api::class, ExperimentalMaterial3ExpressiveApi::class)
@Composable
fun DevicesScreen(
    viewModel: MainViewModel,
    onNavigateBack: () -> Unit
) {
    val context = LocalContext.current

    val uiState by viewModel.devicesUiState.collectAsStateWithLifecycle()
    val scanResults = uiState.scanResults
    val appStatus = uiState.appStatus
    val searchTipShown = uiState.searchTipShown
    val connectingDeviceId = uiState.connectingDeviceId
    val favoriteDeviceId = uiState.favoriteDeviceId
    val connectedDevice = uiState.connectedDevice
",,
pilot-0260,text_truncation_scaling,nikbulavin__cashsense,nikbulavin__cashsense/core/designsystem/src/main/kotlin/ru/resodostudios/cashsense/core/designsystem/component/button/ToggleButton.kt,CsToggleButton,maxLines = 1 with Ellipsis (clips at large font scale),"
@Composable
fun CsToggleButton(
    checked: Boolean,
    title: String,
    onCheckedChange: (Boolean) -> Unit,
    modifier: Modifier = Modifier,
    icon: ImageVector? = null,
    shapes: ToggleButtonShapes = ToggleButtonDefaults.shapes(),
    enabled: Boolean = true,
) {
    val hapticFeedback = LocalHapticFeedback.current

    ToggleButton(
        checked = checked,
        onCheckedChange = { isChecked ->",,
pilot-0044,decorative_mislabeled,MoatazBadawy__Mawaqeet-Todo_and_Habits,MoatazBadawy__Mawaqeet-Todo_and_Habits/todos/ui/view/src/main/java/com/moataz/todos/ui/view/component/TodosToolbar.kt,TodosToolbar,"decorative with description ""Add new todo""","
@Composable
fun TodosToolbar(
    title: String,
    onAddTodoClickedIcon: () -> Unit,
) {
    TopAppBar(
        backgroundColor = WhiteLight,
        elevation = 0.dp,
        modifier = Modifier.height(60.dp),
        title = {
            Text(
                text = title,
                style = TextStyle(
                    fontFamily = TodoFontFamily,
                    fontWeight = FontWeight.Bold,",,
pilot-0018,clickable_icon_not_iconbutton,Waboodoo__HTTP-Shortcuts,Waboodoo__HTTP-Shortcuts/HTTPShortcuts/app/src/main/kotlin/ch/rmy/android/http_shortcuts/activities/documentation/DocumentationScreen.kt,SearchBar,Icon made clickable directly instead of IconButton,"
@Composable
private fun SearchBar(
    modifier: Modifier = Modifier,
    query: String,
    results: Pair<Int, Int>?,
    onQueryChanged: (String?) -> Unit,
    onNext: (SearchDirection) -> Unit,
) {
    val focusRequester = remember {
        FocusRequester()
    }
    val keyboard = LocalSoftwareKeyboardController.current

    Row(
        modifier = Modifier",,
pilot-0270,textfield_no_label,gininaba__AIPOSPasswordManager,gininaba__AIPOSPasswordManager/app/src/main/java/com/aipos/aipospm/ui/screens/CategoryManagerScreen.kt,CategoryManagerScreen,OutlinedTextField with placeholder but no label,"@OptIn(ExperimentalMaterial3Api::class)
@Composable
fun CategoryManagerScreen(
    categoryViewModel: CategoryViewModel,
    onNavigateBack: () -> Unit
) {
    val categories by categoryViewModel.categories.collectAsStateWithLifecycle()
    var newCategoryName by rememberSaveable { mutableStateOf("""") }
    
    var categoryToRename by remember { mutableStateOf<Category?>(null) }
    var renameNewName by rememberSaveable(categoryToRename) { mutableStateOf(categoryToRename?.name ?: """") }
    
    var categoryToDelete by remember { mutableStateOf<Category?>(null) }

    // Rename dialog
    if (categoryToRename != null) {",,
pilot-0141,missing_merge_descendants,christianrowlands__android-network-survey,christianrowlands__android-network-survey/networksurvey/src/main/java/com/craxiom/networksurvey/ui/nsanalytics/NsAnalyticsConnectionScreen.kt,WorkspaceStatusCard,"clickable Column with 2 Text children, no mergeDescendants","
@Composable
private fun WorkspaceStatusCard(
    workspaceName: String?,
    workspaceId: String?
) {
    val context = LocalContext.current

    Card(
        modifier = Modifier.fillMaxWidth(),
        colors = CardDefaults.cardColors(
            containerColor = Color(0xFF1E1F24)
        )
    ) {
        Row(
            modifier = Modifier",,
pilot-0068,error_state_no_semantics,android__nowinandroid,android__nowinandroid/core/designsystem/src/main/kotlin/com/google/samples/apps/nowinandroid/core/designsystem/component/DynamicAsyncImage.kt,DynamicAsyncImage,isError set without semantics { error(...) }," */
@Composable
fun DynamicAsyncImage(
    imageUrl: String,
    contentDescription: String?,
    modifier: Modifier = Modifier,
    placeholder: Painter = painterResource(R.drawable.core_designsystem_ic_placeholder_default),
) {
    val iconTint = LocalTintTheme.current.iconTint
    var isLoading by remember { mutableStateOf(true) }
    var isError by remember { mutableStateOf(false) }
    val imageLoader = rememberAsyncImagePainter(
        model = imageUrl,
        onState = { state ->
            isLoading = state is Loading
            isError = state is Error",,
pilot-0157,missing_merge_descendants,crome1394__point-forecast,crome1394__point-forecast/forecast-point/app/src/main/java/com/crome/forecastpoint/ui/screens/HazardExploreControls.kt,HazardScreenSettingsSection,"clickable Row with 2 Text children, no mergeDescendants"," */
@Composable
fun HazardScreenSettingsSection(
    accent: Color,
    expanded: Boolean,
    onExpandedChange: (Boolean) -> Unit,
    summary: String,
    onReset: (() -> Unit)? = null,
    content: @Composable () -> Unit,
) {
    Surface(
        Modifier
            .fillMaxWidth()
            .padding(horizontal = 16.dp, vertical = 6.dp),
        color = SurfaceDark,
        shape = RoundedCornerShape(18.dp),",,
pilot-0009,clickable_icon_not_iconbutton,GetStream__stream-draw-android,GetStream__stream-draw-android/app/src/main/kotlin/io/getstream/streamdraw/ui/components/SketchbookControlMenu.kt,SketchbookControlMenu,Icon made clickable directly instead of IconButton,"
@Composable
fun SketchbookControlMenu(
    controller: SketchbookController,
) {
    val context = LocalContext.current
    Row(
        modifier = Modifier
            .fillMaxWidth()
            .padding(10.dp),
        horizontalArrangement = Arrangement.SpaceAround,
        verticalAlignment = Alignment.CenterVertically
    ) {
        Icon(
            modifier = Modifier
                .clickable {",,
pilot-0088,missing_content_description,msusman1__Amadz,msusman1__Amadz/app/src/main/java/com/talsk/amadz/ui/callLogHistory/CallLogHistoryScreen.kt,CallLogHistoryScreenInternal,contentDescription = null,"@OptIn(ExperimentalMaterial3Api::class)
@Composable
private fun CallLogHistoryScreenInternal(
    state: CallLogHistoryUiState,
    onBackClick: () -> Unit,
    onCallClick: (String) -> Unit,
    onAddContactClick: (String) -> Unit,
    onDeleteHistory: () -> Unit,
    onToggleBlocked: () -> Unit
) {
    var menuExpanded by remember { mutableStateOf(false) }

    Scaffold(
        topBar = {
            TopAppBar(
                title = {",,
pilot-0070,error_state_no_semantics,wisnukurniawan__Compose-Expense,wisnukurniawan__Compose-Expense/app/src/main/java/com/wisnu/kurniawan/wallee/features/login/ui/LoginScreen.kt,LoginScreen,isError set without semantics { error(...) },"
@Composable
fun LoginScreen(
    viewModel: LoginViewModel,
    onLogin: () -> Unit
) {
    val state by viewModel.state.collectAsStateWithLifecycle()

    LoginScreen(
        state = state,
        onEmailChanged = { viewModel.dispatch(LoginAction.ChangeEmail(it)) },
        onPasswordChanged = { viewModel.dispatch(LoginAction.ChangePassword(it)) },
        onPasswordImeAction = { viewModel.dispatch(LoginAction.ClickImePasswordDone) },
        onClickLogin = { viewModel.dispatch(LoginAction.ClickLogin) }
    )
",,
pilot-0211,pointerinput_no_semantics,marosseleng__compose-material3-datetime-pickers,marosseleng__compose-material3-datetime-pickers/datetimepickers/src/main/java/com/marosseleng/compose/material3/datetimepickers/time/ui/TimePicker.kt,TouchRegisteringDial,detectTapGestures without semantics/Role," */
@Composable
internal fun TouchRegisteringDial(
    onAngleAndDistanceRatioChange: (angle: Float, ratio: Float) -> Unit,
    onTouchStop: () -> Unit,
    modifier: Modifier = Modifier,
    content: @Composable BoxScope.() -> Unit,
) {
    val diameterDp = 256.dp
    val diameterPx = with(LocalDensity.current) { diameterDp.toPx() }
    val radiusPx = diameterPx / 2f
    var centerX: Float by remember {
        mutableStateOf(0f)
    }
    var centerY: Float by remember {
        mutableStateOf(0f)",,
pilot-0023,color_contrast,hosizoraru__KeiOS,hosizoraru__KeiOS/app/src/main/java/os/kei/ui/page/main/widget/core/AppOverviewCards.kt,AppOverviewInlineMetricTile,2 hardcoded Color literals with Text,"
@Composable
fun AppOverviewInlineMetricTile(
    label: String,
    value: String,
    modifier: Modifier = Modifier,
    labelColor: Color = MiuixTheme.colorScheme.onBackgroundVariant,
    valueColor: Color = MiuixTheme.colorScheme.onBackground,
    containerColor: Color? = null,
    borderColor: Color? = null,
    labelMaxLines: Int = 2,
    valueMaxLines: Int = 2,
    labelWeight: Float = 0.58f,
    valueWeight: Float = 0.42f,
    showLabel: Boolean = true,
    valueTextAlign: TextAlign = TextAlign.End,",,
pilot-0052,decorative_mislabeled,Dking08__croc-app,Dking08__croc-app/app/src/main/java/com/dking/crocapp/ui/guide/GuideScreen.kt,GuideHeroHeader,"decorative with description ""croc-app icon""","
@Composable
private fun GuideHeroHeader() {
    Card(
        modifier = Modifier.fillMaxWidth(),
        colors = CardDefaults.cardColors(
            containerColor = MaterialTheme.colorScheme.primaryContainer.copy(alpha = 0.35f)
        ),
        shape = MaterialTheme.shapes.large
    ) {
        Row(
            modifier = Modifier
                .fillMaxWidth()
                .padding(14.dp),
            verticalAlignment = Alignment.CenterVertically
        ) {",,
pilot-0232,progress_no_semantics,MoatazBadawy__Mawaqeet-Todo_and_Habits,MoatazBadawy__Mawaqeet-Todo_and_Habits/todos/ui/view/src/main/java/com/moataz/todos/ui/view/component/Loading.kt,Loading,CircularProgressIndicator without progressSemantics,"
@Composable
fun Loading() {
    Box(modifier = Modifier.fillMaxSize(), contentAlignment = Alignment.Center) {
        CircularProgressIndicator(color = Color.Black)
    }
}
",,
pilot-0297,touch_target_size,maxwhipw__marmalade-tts-android,maxwhipw__marmalade-tts-android/app/src/main/java/app/marmalade/tts/ui/screen/AppRoutingSheet.kt,AppRoutingSheet,size(8.dp) on interactive element,"@OptIn(ExperimentalMaterial3Api::class)
@Composable
fun AppRoutingSheet(
    state: RoutingSheetState,
    installedApps: List<InstalledApp>,
    mappings: List<AppAliasMapping>,
    aliasNames: Map<String, String>,
    onQueryChange: (String) -> Unit,
    onToggle: (String) -> Unit,
    onSave: () -> Unit,
    onDismiss: () -> Unit,
) {
    val sheetState = rememberModalBottomSheetState(skipPartiallyExpanded = true)

    // Owner lookup for the ""Currently → X"" subtitle. Excludes this alias —
    // those rows are ticked, which already says where they belong.",,
pilot-0276,textfield_no_label,corphish__TextTools,corphish__TextTools/app/src/main/java/com/corphish/quicktools/activities/TextCountActivity.kt,InputSection,TextField with placeholder but no label,"
@Composable
fun InputSection(text: String, onValueChange: (String) -> Unit) {
    Column {
        Text(
            text = stringResource(id = R.string.input),
            style = TypographyV2.labelSmall,
            color = MaterialTheme.colorScheme.primary,
            modifier = Modifier.padding(bottom = 8.dp)
        )
        Surface(
            modifier = Modifier
                .fillMaxWidth()
                .height(300.dp),
            shape = MaterialTheme.shapes.medium,
            color = MaterialTheme.colorScheme.surface,",,
pilot-0165,missing_semantics_role,IacobIonut01__ReFra,IacobIonut01__ReFra/app/src/main/kotlin/com/dot/gallery/cloud/ui/people/PeopleListScreen.kt,PersonGridItem,.clickable without Role,"@OptIn(ExperimentalGlideComposeApi::class)
@Composable
private fun PersonGridItem(
    person: PersonInfo,
    onClick: () -> Unit
) {
    Column(
        horizontalAlignment = Alignment.CenterHorizontally,
        verticalArrangement = Arrangement.spacedBy(16.dp)
    ) {
        if (person.thumbnailUrl != null) {
            GlideImage(
                model = person.thumbnailUrl.toUri(),
                contentDescription = person.name,
                modifier = Modifier
                    .size(100.dp)",,
pilot-0254,text_truncation_scaling,gininaba__AIPOSPasswordManager,gininaba__AIPOSPasswordManager/app/src/main/java/com/aipos/aipospm/ui/screens/ApiKeyListScreen.kt,ApiKeyCard,maxLines = 1 with Ellipsis (clips at large font scale),"
@Composable
private fun ApiKeyCard(
    entry: ApiKeyEntry,
    categoryName: String?,
    onClick: () -> Unit,
    onFavoriteClick: () -> Unit,
    onCopyName: () -> Unit
) {
    Card(
        modifier = Modifier
            .fillMaxWidth()
            .bounceClick(onClick),
        shape = RoundedCornerShape(16.dp),
        colors = CardDefaults.cardColors(
            containerColor = MaterialTheme.colorScheme.surfaceContainerLow",,
pilot-0235,progress_no_semantics,miaowmiaow__fragmject,miaowmiaow__fragmject/core/ui/src/main/java/com/example/fragmject/core/ui/components/LoadingContent.kt,LoadingContent,CircularProgressIndicator without progressSemantics,"
@Composable
fun LoadingContent(
    isLoading: Boolean,
    modifier: Modifier = Modifier,
    innerPadding: PaddingValues = PaddingValues(),
    content: @Composable () -> Unit
) {
    Box(
        modifier = modifier
            .fillMaxSize()
            .padding(innerPadding)
    ) {
        content()
        if (isLoading) {
            CircularProgressIndicator(",,
pilot-0104,missing_heading_semantics,christianrowlands__android-network-survey,christianrowlands__android-network-survey/networksurvey/src/main/java/com/craxiom/networksurvey/ui/activesurvey/SurveyMonitorScreen.kt,SurveyStatistics,headlineSmall text without heading(),"
@Composable
private fun SurveyStatistics(
    surveyState: ActiveSurveyState,
    modifier: Modifier = Modifier
) {
    // Pass viewModel to access session data
    val viewModel: SurveyMonitorViewModel = viewModel()

    // Calculate elapsed time from session start
    var elapsedSeconds by remember { mutableIntStateOf(0) }

    LaunchedEffect(surveyState.isAnyActive) {
        if (surveyState.isAnyActive) {
            while (surveyState.isAnyActive) {
                val sessionStartTime = viewModel.getSurveySessionStartTime()",,
pilot-0029,color_contrast,Dev-Aditya-More__PokeVerse,Dev-Aditya-More__PokeVerse/app/src/main/java/com/aditya1875/pokeverse/feature/core/ui/components/NeuromorphicButton.kt,NeuromorphicButton,4 hardcoded Color literals with Text,"
@Composable
fun NeuromorphicButton(
    text: String,
    modifier: Modifier = Modifier,
    onClick: () -> Unit
) {
    val isDark = isSystemInDarkTheme()
    val backgroundColor = if (isDark) Color(0xFF1F1F1F) else Color(0xFFE0E0E0)
    val lightShadow = if (isDark) Color(0xFF2A2A2A) else Color.White
    val darkShadow = if (isDark) Color.Black else Color(0xFFB0B0B0)

    var isPressed by remember { mutableStateOf(false) }
    val scope = rememberCoroutineScope()

    val scale by animateFloatAsState(",,
pilot-0179,missing_semantics_role,dmzz-yyhyy__LightNovelReader,dmzz-yyhyy__LightNovelReader/api/src/main/kotlin/io/nightfish/lightnovelreader/api/ui/components/SettingsEntry.kt,SettingsSwitchEntry,.clickable without Role," */
@Composable
fun SettingsSwitchEntry(
    modifier: Modifier = Modifier,
    painter: Painter? = null,
    title: String,
    description: String,
    checked: Boolean,
    booleanUserData: BooleanUserData,
    disabled: Boolean = false
) {
    SettingsSwitchEntry(
        modifier = modifier,
        painter = painter,
        title = title,
        description = description,",,
pilot-0016,clickable_icon_not_iconbutton,akexorcist__ruam-mij-android,akexorcist__ruam-mij-android/feature/overview/src/main/kotlin/com/akexorcist/ruammij/feature/overview/OverviewScreen.kt,UnverifiedInstalledAppItem,Icon made clickable directly instead of IconButton,"
@Composable
private fun UnverifiedInstalledAppItem(
    name: String?,
    packageName: String?,
    appCount: Int,
    onInstallerClick: (packageName: String?) -> Unit,
) {
    Row(
        modifier = Modifier
            .fillMaxWidth()
            .border(
                width = 1.dp,
                color = MaterialTheme.colorScheme.outline,
                shape = RoundedCornerShape(6.dp),
            )",,
pilot-0237,progress_no_semantics,Dev-Aditya-More__PokeVerse,Dev-Aditya-More__PokeVerse/app/src/main/java/com/aditya1875/pokeverse/feature/analysis/presentation/screens/TeamAnalysis.kt,AnalysisAdGate,CircularProgressIndicator without progressSemantics,"
@Composable
private fun AnalysisAdGate(
    adState: RewardedAdState,
    onWatchAd: () -> Unit,
    onGetPremium: () -> Unit
) {
    Box(
        Modifier
            .fillMaxSize()
            .background(AnalysisColors.BG),
        contentAlignment = Alignment.Center
    ) {
        Column(
            Modifier.padding(32.dp),
            horizontalAlignment = Alignment.CenterHorizontally,",,
pilot-0077,error_state_no_semantics,wisnukurniawan__Compose-Expense,wisnukurniawan__Compose-Expense/app/src/main/java/com/wisnu/kurniawan/wallee/features/account/detail/ui/AccountDetailScreen.kt,AccountDetailScreen,isError set without semantics { error(...) },"
@Composable
fun AccountDetailScreen(
    viewModel: AccountDetailViewModel,
    onClosePage: () -> Unit,
    onCancelClick: () -> Unit,
    onCategorySectionClick: () -> Unit,
) {
    val state by viewModel.state.collectAsStateWithLifecycle()

    val localFocusManager = LocalFocusManager.current

    HandleEffect(
        viewModel = viewModel,
    ) {
        when (it) {",,
pilot-0247,text_truncation_scaling,Nyabsi__VRCAA,Nyabsi__VRCAA/app/src/main/java/cc/sovellus/vrcaa/ui/components/card/ProfileCard.kt,ProfileCard,maxLines = 1 with Ellipsis (clips at large font scale),"@OptIn(ExperimentalGlideComposeApi::class, ExperimentalMaterial3Api::class)
@Composable
fun ProfileCard(
    thumbnailUrl: String,
    iconUrl: String,
    displayName: String,
    statusDescription: String,
    trustRankColor: Color,
    statusColor: Color,
    tags: List<String>,
    badges: List<Badge>,
    pronouns: String,
    ageVerificationStatus: String,
    disablePeek: Boolean = true,
    onPeek: (url: String) -> Unit
) {",,
pilot-0277,textfield_no_label,BlazeCodeDev__TSViewer,BlazeCodeDev__TSViewer/app/src/main/java/com/blazecode/tsviewer/views/EditTextPreference.kt,EditTextPreference,OutlinedTextField with placeholder but no label,"@OptIn(ExperimentalMaterial3Api::class)
@Composable
fun EditTextPreference(
    modifier: Modifier = Modifier,
    title: String,
    text: String? = null,
    placeholder: String? = null,
    icon: Painter? = null,
    showSummary: Boolean? = true,
    isPassword: Boolean? = false,
    isNumber: Boolean? = false,
    singleLine: Boolean = false,
    onTextChange: (String) -> Unit){

    val isDialogVisible = remember { mutableStateOf(false) }
    val prefilledText = text ?: """"",,
pilot-0119,missing_heading_semantics,zhishengplus__ZhishengWeather,zhishengplus__ZhishengWeather/app/src/main/kotlin/com/zhisheng/weather/ui/AppUpdateDialog.kt,AppUpdateDialog,headlineSmall text without heading(),"
@Composable
fun AppUpdateDialog(
    initialInfo: AppUpdateInfo? = null,
    onClose: () -> Unit,
) {
    val context = LocalContext.current
    val scope = rememberCoroutineScope()
    var ui by remember(initialInfo) {
        mutableStateOf<UpdateUi>(initialInfo?.let(UpdateUi::Available) ?: UpdateUi.Checking)
    }
    var progress by remember { mutableFloatStateOf(0f) }

    val permissionLauncher = rememberLauncherForActivityResult(
        ActivityResultContracts.StartActivityForResult(),
    ) {",,
pilot-0265,textfield_no_label,crome1394__point-forecast,crome1394__point-forecast/forecast-point/app/src/main/java/com/crome/forecastpoint/ui/screens/MapScreen.kt,FieldRow,OutlinedTextField with placeholder but no label,"
    @Composable
    fun FieldRow() {
        Row(verticalAlignment = Alignment.CenterVertically) {
            OutlinedTextField(
                value = query,
                onValueChange = onQueryChange,
                modifier = Modifier.weight(1f),
                singleLine = true,
                placeholder = { Text(""Search city…"", color = OnSurfaceMuted) },
                leadingIcon = {
                    Icon(Icons.Filled.Search, contentDescription = null, tint = OnSurfaceMuted)
                },
                colors = OutlinedTextFieldDefaults.colors(
                    focusedTextColor = Color.White,
                    unfocusedTextColor = Color.White,",,
pilot-0259,text_truncation_scaling,nikbulavin__cashsense,nikbulavin__cashsense/core/ui/src/main/kotlin/ru/resodostudios/cashsense/core/ui/component/SectionTitle.kt,SectionTitle,maxLines = 1 with Ellipsis (clips at large font scale),"
@Composable
fun SectionTitle(
    @StringRes titleRes: Int,
    modifier: Modifier = Modifier,
) {
    Text(
        text = stringResource(titleRes),
        style = MaterialTheme.typography.labelLarge,
        modifier = modifier.padding(top = 24.dp, bottom = 12.dp),
        color = MaterialTheme.colorScheme.primary,
        maxLines = 1,
        overflow = TextOverflow.Ellipsis,
    )
}",,
pilot-0046,decorative_mislabeled,MohamadOday__iris-gallery,MohamadOday__iris-gallery/app/src/main/java/com/iris/gallery/ui/AboutScreen.kt,AboutScreen,"decorative with description ""Iris Gallery Logo""","@OptIn(ExperimentalMaterial3Api::class)
@Composable
fun AboutScreen(
    padding: PaddingValues = PaddingValues(0.dp),
    onBack: () -> Unit
) {
    val context = LocalContext.current
    var eggClicks by remember { mutableIntStateOf(0) }
    var activeToast by remember { mutableStateOf<Toast?>(null) }
    var showEasterEggSheet by remember { mutableStateOf(false) }
    val sheetState = rememberModalBottomSheetState(skipPartiallyExpanded = true)
    val scope = rememberCoroutineScope()

    fun openUrl(url: String) {
        val intent = Intent(Intent.ACTION_VIEW, Uri.parse(url)).apply {
            addFlags(Intent.FLAG_ACTIVITY_NEW_TASK)",,
pilot-0061,error_state_no_semantics,CliffracerMerchant__SoundAura,CliffracerMerchant__SoundAura/app/src/main/java/com/cliffracertech/soundaura/addbutton/AddButtonDialog.kt,NamingTextField,isError set without semantics { error(...) },"}

@Composable private fun NamingTextField(
    state: NamingState,
    modifier: Modifier,
) = Column(modifier) {
    TextField(
        value = state.name,
        onValueChange = state::onNameChange,
        textStyle = MaterialTheme.typography.body1,
        singleLine = true,
        isError = state.message?.isError == true,
        modifier = Modifier.fillMaxWidth())
    AnimatedValidatorMessage(state.message)
}
",,
pilot-0096,missing_content_description,christianrowlands__android-network-survey,christianrowlands__android-network-survey/networksurvey/src/main/java/com/craxiom/networksurvey/ui/nsanalytics/NsAnalyticsConnectionScreen.kt,UploadSettingsCard,contentDescription = null,"
@Composable
private fun UploadSettingsCard(
    uploadState: UploadState,
    uploadStatusMessage: String,
    uploadProgress: Float,
    uploadedRecords: Int,
    totalRecordsToUpload: Int,
    autoUploadEnabled: Boolean,
    uploadFrequencyMinutes: Int,
    lastUploadTime: Long,
    lastUploadResult: String?,
    uploadPausedForQuota: Boolean,
    quotaCurrentUsage: Int,
    quotaMaxRecords: Int,
    quotaMessage: String?,",,
pilot-0289,touch_target_size,GetStream__whatsApp-clone-compose,GetStream__whatsApp-clone-compose/features/chats/src/main/kotlin/io/getstream/whatsappclone/chats/messages/WhatsAppMessageTopBar.kt,WhatsAppMessageTopBar,size(26.dp) on interactive element,"
@Composable
fun WhatsAppMessageTopBar(
  messageUiState: WhatsAppMessageUiState,
  navigateToVideoCall: (Boolean) -> Unit,
  onBackClick: () -> Unit
) {
  TopAppBar(
    modifier = Modifier.fillMaxWidth(),
    navigationIcon = {
      Icon(
        modifier = Modifier
          .size(26.dp)
          .clickable {
            onBackClick()
          },",,
pilot-0223,progress_no_semantics,yassineAbou__Clock,yassineAbou__Clock/app/src/main/java/com/yassineabou/clock/util/components/BackgroundIndicator.kt,BackgroundIndicator,CircularProgressIndicator without progressSemantics,"
@Composable
fun BackgroundIndicator(
    /*@FloatRange(from = 0.0, to = 1.0)*/
    progress: Float,
    modifier: Modifier = Modifier,
    foregroundColor: Color = MaterialTheme.colorScheme.primary,
    backgroundColor: Color = MaterialTheme.colorScheme.primary.copy(alpha = PrimaryLightAlpha),
    strokeWidth: Dp = ProgressIndicatorDefaults.StrokeWidth,
) {
    Box(modifier) {
        CircularProgressIndicator(
            progress = progress,
            modifier = Modifier.fillMaxSize(),
            color = foregroundColor,
            strokeWidth = strokeWidth,",,
pilot-0199,missing_state_description,odaridavid__WeatherApp,odaridavid__WeatherApp/app/src/main/java/com/github/odaridavid/weatherapp/designsystem/organism/BottomSheets.kt,SingleSelectBottomSheet,RadioButton without stateDescription,"@OptIn(ExperimentalMaterial3Api::class)
@Composable
fun SingleSelectBottomSheet(
    title: String,
    items: List<BottomSheetItem>,
    selectedItem: BottomSheetItem,
    sheetState: SheetState,
    onSaveState: (BottomSheetItem) -> Unit,
    onDismiss: (() -> Unit)? = null,
) {
    val scope = rememberCoroutineScope()
    ModalBottomSheet(
        onDismissRequest = {
            scope.launch {
                sheetState.hide()
            }",,
pilot-0291,touch_target_size,dmzz-yyhyy__LightNovelReader,dmzz-yyhyy__LightNovelReader/app/src/main/kotlin/indi/dmzz_yyhyy/lightnovelreader/ui/home/reading/stats/StatsOverviewScreen.kt,LevelBox,size(20.dp) on interactive element,"
@Composable
private fun LevelBox(
    color: Color,
    selected: Boolean? = false,
    onClick: (() -> Unit)? = null
) {
    Box(
        modifier = Modifier
            .size(20.dp)
            .padding(2.dp)
            .clip(RoundedCornerShape(2.dp))
            .let { modifier ->
                if (selected == true) {
                    modifier.border(1.dp, MaterialTheme.colorScheme.onSurface)
                } else {",,
pilot-0231,progress_no_semantics,isotjs__todosian-app,isotjs__todosian-app/app/src/main/java/com/isotjs/todosian/ui/components/TodosianComponents.kt,TodosianLinearProgress,LinearProgressIndicator without progressSemantics,"
@Composable
fun TodosianLinearProgress(
    progress: Float,
    modifier: Modifier = Modifier,
) {
    val shape = RoundedCornerShape(TodosianDimens.ProgressHeight / 2)
    LinearProgressIndicator(
        progress = { progress.coerceIn(0f, 1f) },
        color = MaterialTheme.colorScheme.primary,
        trackColor = MaterialTheme.colorScheme.surfaceContainerHighest,
        modifier = modifier
            .height(TodosianDimens.ProgressHeight)
            .clip(shape),
    )
}",,
pilot-0094,missing_content_description,elgrande73__FOSS-snore-detector-android-app,elgrande73__FOSS-snore-detector-android-app/app/src/main/java/com/aistudio/snoredetector/afkwd/MainActivity.kt,SettingsTab,contentDescription = null,"
@Composable
fun SettingsTab(viewModel: SnoreViewModel) {
    // Collect Configuration states
    val useRms by viewModel.useRms.collectAsState()
    val rmsDbThreshold by viewModel.rmsDbThreshold.collectAsState()

    val useZcr by viewModel.useZcr.collectAsState()
    val zcrThreshold by viewModel.zcrThreshold.collectAsState()

    val useBandEnergy by viewModel.useBandEnergy.collectAsState()
    val bandEnergyThreshold by viewModel.bandEnergyThreshold.collectAsState()

    val useLowFreqRatio by viewModel.useLowFreqRatio.collectAsState()
    val lowFreqRatioThreshold by viewModel.lowFreqRatioThreshold.collectAsState()
",,
pilot-0290,touch_target_size,crome1394__point-forecast,crome1394__point-forecast/forecast-point/app/src/main/java/com/crome/forecastpoint/MainActivity.kt,AppDrawer,size(32.dp) on interactive element,"
@Composable
private fun AppDrawer(
    favorites: List<SavedLocation>,
    activeId: String?,
    navConfig: List<com.crome.forecastpoint.data.DrawerNavConfigItem>,
    onNavOrderChange: (List<String>) -> Unit,
    onForecast: () -> Unit,
    onCurrentLocation: () -> Unit,
    onAddCity: () -> Unit,
    onMap: () -> Unit,
    onSun: () -> Unit,
    onMoon: () -> Unit,
    onSpaceWeather: () -> Unit,
    onEarthquakes: () -> Unit,
    onStorms: () -> Unit,",,
pilot-0001,clickable_icon_not_iconbutton,maximilian-schwaerzler__Do-It,maximilian-schwaerzler__Do-It/app/src/main/java/at/co/schwaerzler/maximilian/doit/ui/navigation/screen/SettingsScreen.kt,SettingsScreenContent,Icon made clickable directly instead of IconButton,"@OptIn(ExperimentalMaterial3Api::class)
@Composable
fun SettingsScreenContent(
    onNavigateBack: () -> Unit,
    themeMode: AppThemeMode,
    onSetTheme: (AppThemeMode) -> Unit,
    versionName: String?,
    currentLocaleTag: String,
    supportedLocales: List<Pair<String, String>>,
    onSetLanguage: (String) -> Unit,
    notificationLeadTime: NotificationLeadTime,
    onSetNotificationLeadTime: (NotificationLeadTime) -> Unit,
    modifier: Modifier = Modifier,
    useDynamicColors: Boolean,
    onSetUseDynamicColors: (Boolean) -> Unit
) {",,
pilot-0022,color_contrast,RevenueCat__purchases-android,RevenueCat__purchases-android/ui/revenuecatui/src/main/kotlin/com/revenuecat/purchases/ui/revenuecatui/components/LoadedPaywallComponentsPreviews.kt,LoadedPaywallComponents_Preview_CenteredBodyFooter,4 hardcoded Color literals with Text,"@Preview(name = ""CenteredBodyFooter"", showSystemUi = true)
@Composable
private fun LoadedPaywallComponents_Preview_CenteredBodyFooter() {
    val textColor = ColorScheme(light = ColorInfo.Hex(Color(0xFF272727).toArgb()))
    val backgroundColor = ColorScheme(light = ColorInfo.Hex(Color(0xFFFDFDFD).toArgb()))
    val footerColor = ColorScheme(light = ColorInfo.Hex(Color(0x99057C5B).toArgb()))
    val ctaTextColor = ColorScheme(light = ColorInfo.Hex(Color.White.toArgb()))
    val ctaBackgroundColor = ColorScheme(light = ColorInfo.Hex(Color(0xFF0A3D2E).toArgb()))

    val data = PaywallComponentsData(
        id = ""preview_centered_body_footer"",
        templateName = ""template"",
        assetBaseURL = URL(""https://assets.pawwalls.com""),
        componentsConfig = ComponentsConfig(
            base = PaywallComponentsConfig(
                stack = StackComponent(",,
pilot-0139,missing_interaction_semantics,KaushalVasava__XPhotogram,KaushalVasava__XPhotogram/app/src/main/java/com/lahsuak/apps/instagram/ui/screen/HomeScreen.kt,HomeScreen,.clickable without onClickLabel,"@OptIn(ExperimentalMaterial3Api::class, ExperimentalMaterialApi::class)
@Composable
fun HomeScreen(
    modifier: Modifier = Modifier,
    homeViewModel: HomeViewModel,
    navController: NavController,
) {

    val userState = homeViewModel.users.collectAsState()
    val storiesState =
        homeViewModel.stories.collectAsState()
    val postsState =
        homeViewModel.posts.collectAsState()
    val bottomSheet = rememberModalBottomSheetState()
    var isBottomSheetOpened by remember {
        mutableStateOf(false)",,
pilot-0137,missing_interaction_semantics,piratecash__pcash-wallet,piratecash__pcash-wallet/app/src/main/java/cash/p/terminal/ui/compose/components/CoinImage.kt,CoinImage,.clickable without onClickLabel,"
@Composable
fun CoinImage(
    coin: Coin?,
    modifier: Modifier,
    colorFilter: ColorFilter? = null
) = HsImage(
    url = coin?.imageUrl,
    alternativeUrl = coin?.alternativeImageUrl,
    placeholder = coin?.imagePlaceholder,
    modifier = modifier.clip(CircleShape),
    colorFilter = colorFilter
)

@Composable
fun CoinImage(",,
pilot-0003,clickable_icon_not_iconbutton,jmccoy600__androidCrypt,jmccoy600__androidCrypt/app/src/main/java/com/androidcrypt/app/MainActivity.kt,DeviceFolderPickerDialog,Icon made clickable directly instead of IconButton," */
@Composable
private fun DeviceFolderPickerDialog(
    onDismiss: () -> Unit,
    onFolderSelected: (java.io.File) -> Unit
) {
    var currentDir by remember {
        mutableStateOf(android.os.Environment.getExternalStorageDirectory())
    }

    // Sorted list of sub-directories in the current directory
    val subDirs = remember(currentDir) {
        currentDir.listFiles()
            ?.filter { it.isDirectory && !it.isHidden }
            ?.sortedBy { it.name.lowercase() }
            ?: emptyList()",,
pilot-0177,missing_semantics_role,maxwhipw__marmalade-tts-android,maxwhipw__marmalade-tts-android/app/src/main/java/app/marmalade/tts/ui/screen/AdvancedSettingsScreen.kt,BenchmarkSection,.clickable without Role," */
@Composable
private fun BenchmarkSection(onClick: () -> Unit) {
    SectionHeader(stringResource(R.string.settings_debug))

    ListItem(
        modifier = Modifier.clickable(onClick = onClick),
        headlineContent = { Text(stringResource(R.string.settings_benchmark)) },
        supportingContent = {
            Text(text = stringResource(R.string.settings_benchmark_desc))
        },
        trailingContent = {
            Icon(
                imageVector = Icons.AutoMirrored.Filled.KeyboardArrowRight,
                contentDescription = null,
            )",,
pilot-0246,text_truncation_scaling,isotjs__todosian-app,isotjs__todosian-app/app/src/main/java/com/isotjs/todosian/ui/category/CategoryScreen.kt,CategoryScreen,maxLines = 1 with Ellipsis (clips at large font scale),"@OptIn(ExperimentalMaterial3Api::class, ExperimentalFoundationApi::class)
@Composable
fun CategoryScreen(
    fileRepository: FileRepository,
    appSettingsRepository: AppSettingsRepository,
    categoryUri: Uri,
    onBack: () -> Unit,
    modifier: Modifier = Modifier,
    autoOpenAddTodo: Boolean = false,
) {
    val viewModel: CategoryViewModel = viewModel(
        factory = CategoryViewModelFactory(
            fileRepository = fileRepository,
            categoryUri = categoryUri,
        ),
    )",,
pilot-0176,missing_semantics_role,zhishengplus__ZhishengWeather,zhishengplus__ZhishengWeather/app/src/main/kotlin/com/zhisheng/weather/ui/LandscapeStandbyScreen.kt,ClassicLandscapeStandbyScreen,.clickable without Role,"/** 已发布并获得用户认可的经典横屏终端；作为独立实现长期保留。 */
@Composable
private fun ClassicLandscapeStandbyScreen(
    uiState: HomeUiState,
    onRefresh: () -> Unit,
    onExitLandscape: () -> Unit,
    onSettings: () -> Unit,
) {
    val data = uiState.weather
    val current = data?.current
    val offset = data?.utcOffsetSeconds
    var nowMillis by remember { mutableLongStateOf(System.currentTimeMillis()) }
    LaunchedEffect(offset) {
        while (true) {
            nowMillis = System.currentTimeMillis()
            delay(1_000L - nowMillis % 1_000L)",,
pilot-0150,missing_merge_descendants,Dev-Aditya-More__PokeVerse,Dev-Aditya-More__PokeVerse/app/src/main/java/com/aditya1875/pokeverse/feature/analysis/presentation/screens/TeamAnalysis.kt,EmptyAnalysisView,"clickable Column with 3 Text children, no mergeDescendants","
@Composable
fun EmptyAnalysisView(navController: NavController) {
    Box(Modifier.fillMaxSize().background(AnalysisColors.BG), contentAlignment = Alignment.Center) {
        Column(
            Modifier.padding(32.dp),
            horizontalAlignment = Alignment.CenterHorizontally,
            verticalArrangement = Arrangement.spacedBy(12.dp)
        ) {
            Text(""📋"", fontSize = 56.sp)
            Text(stringResource(R.string.analysis_empty_title), style = MaterialTheme.typography.headlineSmall,
                color = Color.White, fontWeight = FontWeight.Bold)
            Text(stringResource(R.string.analysis_empty_subtitle),
                style = MaterialTheme.typography.bodyMedium,
                color = Color.White.copy(alpha = 0.6f), textAlign = TextAlign.Center)
            Spacer(Modifier.height(8.dp))",,
pilot-0054,decorative_mislabeled,cryptrr__AutoPie,cryptrr__AutoPie/app/src/main/java/com/autosec/pie/autopieapp/presentation/screens/HomeScreen.kt,InstallNewCommandsBadge,"decorative with description ""Install commands""","
@Composable
private fun InstallNewCommandsBadge(
    onInstallNewClick: () -> Unit,
    message: String? = null
) {
    Box(
        Modifier
            .height(500.dp)
            .fillMaxWidth(),
        contentAlignment = Alignment.Center
    ) {
        Column(horizontalAlignment = Alignment.CenterHorizontally) {
            Icon(
                modifier = Modifier
                    .padding(4.dp)",,
pilot-0078,error_state_no_semantics,christianrowlands__android-network-survey,christianrowlands__android-network-survey/networksurvey/src/main/java/com/craxiom/networksurvey/ui/cellular/CalculatorScreen.kt,NciInputField,isError set without semantics { error(...) },"
@Composable
fun NciInputField(
    cellIdInput: String,
    viewModel: CalculatorViewModel,
    onValueChange: (String) -> Unit
) {
    val nciError by viewModel.nciError.collectAsState()

    OutlinedTextField(
        value = cellIdInput,
        onValueChange = onValueChange,
        label = { Text(""NCI"") },
        keyboardOptions = KeyboardOptions.Default.copy(keyboardType = KeyboardType.Number),
        modifier = Modifier.fillMaxWidth(),
        singleLine = true,",,
pilot-0033,color_contrast,kursatkumsuz__movie,kursatkumsuz__movie/core/component/src/main/java/com/kursatkumsuz/component/AuthPasswordText.kt,AuthPasswordText,6 hardcoded Color literals with Text,"@OptIn(ExperimentalMaterial3Api::class)
@Composable
fun AuthPasswordText(onInput: (String) -> Unit) {

    var passwordState by remember { mutableStateOf("""") }
    var passwordVisibility by remember { mutableStateOf(false) }


    val icon = if (passwordVisibility) {
        painterResource(id = R.drawable.ic_visible)
    } else {
        painterResource(id = R.drawable.ic_invisible)
    }

    TextField(
        value = passwordState,",,
pilot-0102,missing_heading_semantics,Angel-Studio__SoundTap,Angel-Studio__SoundTap/app/src/main/java/fr/angel/soundtap/ui/OnboardingScreen.kt,OnboardingScreen,headlineMedium text without heading(),"@OptIn(ExperimentalMaterial3Api::class, ExperimentalPermissionsApi::class)
@Composable
fun OnboardingScreen(
	modifier: Modifier = Modifier,
	mainViewModel: MainViewModel,
) {
	val context = LocalContext.current
	val density = LocalDensity.current

	val accessibilityServiceUiState by SoundTapAccessibilityService.uiState.collectAsStateWithLifecycle()
	val uiState by mainViewModel.uiState.collectAsStateWithLifecycle()

	var hasAcceptedPrivacyPolicy by rememberSaveable { mutableStateOf(false) }
	var hasAcceptedAccessibilityServiceConditions by rememberSaveable { mutableStateOf(false) }

	val notificationsPermissionState = rememberPermissionState(Manifest.permission.POST_NOTIFICATIONS)",,
pilot-0279,textfield_no_label,corphish__TextTools,corphish__TextTools/app/src/main/java/com/corphish/quicktools/activities/NumberAnalysisActivity.kt,InputSection,TextField with placeholder but no label,"
@Composable
fun InputSection(
    text: String,
    selectedBase: Int,
    supportedBases: List<Int>,
    onTextChange: (String) -> Unit,
    onBaseChange: (Int) -> Unit,
    modifier: Modifier = Modifier,
    isWideScreen: Boolean = false
) {
    var expanded by remember { mutableStateOf(false) }

    Column(modifier = modifier.padding(vertical = 16.dp, horizontal = 16.dp)) {
        Text(
            text = stringResource(R.string.input),",,
pilot-0182,missing_state_description,demosten-com__SrednaBG,demosten-com__SrednaBG/android/app/src/main/kotlin/com/demosten/srednabg/app/ui/screens/SettingsScreen.kt,SettingsScreen,Switch without stateDescription,"@OptIn(ExperimentalMaterial3Api::class, ExperimentalComposeUiApi::class)
@Composable
fun SettingsScreen(viewModel: SettingsViewModel = hiltViewModel()) {
    val voiceEnabled by viewModel.voiceEnabled.collectAsStateWithLifecycle()
    val periodicVoiceUpdates by viewModel.periodicVoiceUpdates.collectAsStateWithLifecycle()
    val announceOnlyWhenOver by viewModel.announceOnlyWhenOver.collectAsStateWithLifecycle()
    val appLanguage by viewModel.appLanguage.collectAsStateWithLifecycle()
    val vehicleType by viewModel.vehicleType.collectAsStateWithLifecycle()
    val autoStopHours by viewModel.autoStopHours.collectAsStateWithLifecycle()
    val historyRetention by viewModel.historyRetention.collectAsStateWithLifecycle()
    val mapThemeMode by viewModel.mapThemeMode.collectAsStateWithLifecycle()
    val zoneSyncEnabled by viewModel.zoneSyncEnabled.collectAsStateWithLifecycle()
    val overlayEnabled by viewModel.overlayEnabled.collectAsStateWithLifecycle()
    val isSyncing by viewModel.isSyncing.collectAsStateWithLifecycle()
    val zoneDataVersion by viewModel.zoneDataVersion.collectAsStateWithLifecycle()
    val zoneDataHash by viewModel.zoneDataHash.collectAsStateWithLifecycle()",,
pilot-0253,text_truncation_scaling,nemoXdev__CryptoSafe,nemoXdev__CryptoSafe/app/src/main/java/com/cryptosafe/app/MainActivity.kt,CryptoSafeApp,maxLines = 1 with Ellipsis (clips at large font scale),"@OptIn(ExperimentalMaterial3Api::class)
@Composable
fun CryptoSafeApp(
    vm: MainViewModel,
    database: AppDatabase? = null,
    locked: Boolean = false
) {
    val context = LocalContext.current
    val scope = rememberCoroutineScope()
    var showLanguageMenu by remember { mutableStateOf(false) }

    
    LaunchedEffect(locked) {
        if (locked) {
            vm.onLocked()
        }",,
pilot-0027,color_contrast,jmccoy600__androidCrypt,jmccoy600__androidCrypt/app/src/main/java/com/androidcrypt/app/MainActivity.kt,FileManagerScreen,18 hardcoded Color literals with Text,"
@Composable
fun FileManagerScreen() {
    val context = LocalContext.current
    val scope = rememberCoroutineScope()
    
    // Mounted volume state
    var mountedVolumes by remember { mutableStateOf(VolumeMountManager.getMountedVolumes()) }
    var selectedVolume by remember { mutableStateOf<String?>(null) }
    var volumeInfo by remember { mutableStateOf<MountedVolumeInfo?>(null) }
    var usedSpace by remember { mutableStateOf(0L) }
    var freeSpace by remember { mutableStateOf(0L) }
    var totalSpace by remember { mutableStateOf(0L) }
    
    // UI state
    var statusMessage by remember { mutableStateOf("""") }",,
pilot-0152,missing_merge_descendants,KaushalVasava__XPhotogram,KaushalVasava__XPhotogram/app/src/main/java/com/lahsuak/apps/instagram/ui/components/PostItem.kt,PostItem,"clickable Row with 2 Text children, no mergeDescendants","
@Composable
fun PostItem(
    post: Post,
    user: User,
    onImageClick: () -> Unit,
    onMoreClick: () -> Unit,
) {
    var likes by remember {
        mutableIntStateOf(post.likeCount)
    }
    var isExpanded by remember {
        mutableStateOf(false)
    }
    Column(Modifier.padding(vertical = 4.dp)) {
        Row(",,
pilot-0101,missing_heading_semantics,krzdabrowski__android-starter-2022,krzdabrowski__android-starter-2022/basic-feature/src/main/java/eu/krzdabrowski/starter/basicfeature/presentation/composable/RocketsErrorContent.kt,RocketsErrorContent,headlineSmall text without heading(),"
@Composable
fun RocketsErrorContent(modifier: Modifier = Modifier) {
    Box(
        modifier = modifier
            .fillMaxSize()
            .verticalScroll(rememberScrollState()), // for swipe-to-refresh
        contentAlignment = Alignment.Center,
    ) {
        Text(
            text = stringResource(id = R.string.rockets_error_fetching),
            color = Color.Red,
            textAlign = TextAlign.Center,
            style = MaterialTheme.typography.headlineSmall,
        )
    }",,
pilot-0184,missing_state_description,iOrchid__android-jetpack-demo,iOrchid__android-jetpack-demo/compose/src/main/java/org/zhiwei/compose/screen/basic/material3/WidgetScreen.kt,UI_Radio,RadioButton without stateDescription,"
@Composable
private fun UI_Radio() {
    Title_Text(title = ""RadioButton"")
    Title_Sub_Text(title = ""RadioButton可单个使用，一般也是用在radioGroup中组合使用"")
    //在compose中，每个基础控件都是细颗粒度的，通过多样化组合来实现想要的效果
    var isRadioSelected by remember { mutableStateOf(true) }
    Title_Desc_Text(desc = ""常规使用，启用与禁用的状态，及点击选中，颜色配置等"")
    Row(modifier = Modifier.fillMaxWidth(), horizontalArrangement = Arrangement.SpaceEvenly) {
        // 可用状态
        RadioButton(selected = isRadioSelected, onClick = { isRadioSelected = !isRadioSelected })
        RadioButton(
            selected = !isRadioSelected,
            onClick = { isRadioSelected = !isRadioSelected },
            colors = RadioButtonDefaults.colors(
                selectedColor = Color(0xffE91E63),",,
pilot-0262,textfield_no_label,beradeep__aiyo,beradeep__aiyo/ui/src/main/java/com/beradeep/aiyo/ui/screens/components/ModelSelectionSheet.kt,ModelSelectionSheet,TextField with placeholder but no label,"
@Composable
fun ModelSelectionSheet(
    isVisible: Boolean,
    modifier: Modifier = Modifier,
    isFetchingModels: Boolean,
    fetchModels: () -> Unit,
    models: List<Model>,
    selectedModel: Model,
    onModelSelected: (Model) -> Unit,
    onDismiss: () -> Unit
) {
    ModalBottomSheet(
        isVisible = isVisible,
        onDismissRequest = onDismiss,
        sheetGesturesEnabled = false",,
pilot-0074,error_state_no_semantics,maxwhipw__marmalade-tts-android,maxwhipw__marmalade-tts-android/app/src/main/java/app/marmalade/tts/ui/screen/AliasScreen.kt,AliasEditorSheet,isError set without semantics { error(...) },"@OptIn(ExperimentalMaterial3Api::class)
@Composable
private fun AliasEditorSheet(
    state: EditorState,
    voicePath: VoicePath?,
    effects: List<Effect>,
    canDelete: Boolean,
    canSetPrimary: Boolean,
    fallbackCandidates: List<VoiceAlias>,
    onSetPrimary: () -> Unit,
    onNameChange: (String) -> Unit,
    onOpenVoicePicker: () -> Unit,
    onFallbackChange: (String?) -> Unit,
    onSpeedChange: (Float) -> Unit,
    onEffectChange: (String?) -> Unit,
    onPhonemizationLanguageChange: (String?) -> Unit,",,
pilot-0090,missing_content_description,android__nowinandroid,android__nowinandroid/app-nia-catalog/src/main/kotlin/com/google/samples/apps/niacatalog/ui/Catalog.kt,NiaCatalog,contentDescription = null,"@OptIn(ExperimentalLayoutApi::class)
@Composable
fun NiaCatalog() {
    NiaTheme {
        Surface {
            val contentPadding = WindowInsets
                .systemBars
                .add(WindowInsets(left = 16.dp, top = 16.dp, right = 16.dp, bottom = 16.dp))
                .asPaddingValues()
            LazyColumn(
                modifier = Modifier.fillMaxSize(),
                contentPadding = contentPadding,
                verticalArrangement = Arrangement.spacedBy(16.dp),
            ) {
                item {
                    Text(",,
pilot-0239,progress_no_semantics,Chesire__Nekome,Chesire__Nekome/features/search/src/main/java/com/chesire/nekome/app/search/search/ui/SearchScreen.kt,Render,CircularProgressIndicator without progressSemantics,"
@Composable
private fun Render(
    state: State<UIState>,
    onInputTextChanged: (String) -> Unit,
    onSearchGroupSelected: (SearchGroup) -> Unit,
    onSearchPressed: () -> Unit,
    onSeriesTrack: (ResultModel) -> Unit,
    onSnackbarShown: () -> Unit
) {
    val snackbarHostState = remember { SnackbarHostState() }

    Scaffold(
        snackbarHost = {
            SnackbarHost(
                hostState = snackbarHostState,",,
pilot-0071,error_state_no_semantics,eslamfaisal__android-compose-clean-architecture-sample,eslamfaisal__android-compose-clean-architecture-sample/app/src/androidTest/java/com/eslam/bakingapp/ui/LoginScreenTest.kt,LoginTestContent,isError set without semantics { error(...) },"
@Composable
private fun LoginTestContent(
    uiState: LoginUiState,
    onEmailChange: (String) -> Unit,
    onPasswordChange: (String) -> Unit,
    onLoginClick: () -> Unit
) {
    Column(
        modifier = Modifier
            .fillMaxSize()
            .padding(24.dp),
        horizontalAlignment = Alignment.CenterHorizontally,
        verticalArrangement = Arrangement.Center
    ) {
        Text(",,
pilot-0283,touch_target_size,dmzz-yyhyy__LightNovelReader,dmzz-yyhyy__LightNovelReader/app/src/main/kotlin/indi/dmzz_yyhyy/lightnovelreader/ui/components/Dialog.kt,ColorPickerDialog,size(44.dp) on interactive element,"@OptIn(ExperimentalLayoutApi::class)
@Composable
fun ColorPickerDialog(
    onDismissRequest: () -> Unit,
    onConfirmation: (Color) -> Unit,
    selectedColor: Color,
    colors: List<Color>,
    description: String = stringResource(R.string.dialog_color_picker_background_desc),
) {
    var currentColor by remember {
        mutableStateOf(selectedColor)
    }

    BaseDialog (
        icon = painterResource(R.drawable.palette_24px),
        title = stringResource(R.string.dialog_color_picker),",,
pilot-0115,missing_heading_semantics,jordond__MaterialKolor,jordond__MaterialKolor/builder/shared/src/commonMain/kotlin/com/materialkolor/builder/ui/home/preview/device/components/content/PhoneHomeScreen.kt,ListItem,headlineSmall text without heading(),"
@Composable
private fun ListItem(
    details: CardDetails,
    update: (CardOption) -> Unit,
    modifier: Modifier = Modifier,
) {
    Card(
        colors = CardDefaults.cardColors(
            containerColor = colorScheme.secondaryContainer,
        ),
        modifier = modifier,
    ) {
        Row(
            horizontalArrangement = Arrangement.spacedBy(8.dp),
            modifier = Modifier.fillMaxSize(),",,
pilot-0011,clickable_icon_not_iconbutton,IacobIonut01__ReFra,IacobIonut01__ReFra/app/src/main/kotlin/com/dot/gallery/cloud/ui/CloudAddServerScreen.kt,SelectableRow,Icon made clickable directly instead of IconButton,"
@Composable
private fun SelectableRow(
    icon: ImageVector,
    title: String,
    subtitle: String,
    checked: Boolean,
    onToggle: () -> Unit
) {
    Row(
        modifier = Modifier
            .fillMaxWidth()
            .clickable(onClick = onToggle)
            .padding(horizontal = 12.dp, vertical = 10.dp),
        verticalAlignment = Alignment.CenterVertically,
        horizontalArrangement = Arrangement.spacedBy(12.dp)",,
pilot-0140,missing_interaction_semantics,wisnukurniawan__Compose-ToDo,wisnukurniawan__Compose-ToDo/app/src/main/java/com/wisnu/kurniawan/composetodolist/features/todo/detail/ui/TaskScreen.kt,TaskCreator,.clickable without onClickLabel,"
@Composable
fun TaskCreator(
    modifier: Modifier = Modifier,
    text: String,
    color: Color,
    onClick: () -> Unit,
) {
    Row(
        modifier = modifier.fillMaxWidth(),
        horizontalArrangement = Arrangement.SpaceAround,
    ) {
        Surface(
            modifier = Modifier
                .fillMaxWidth()
                .padding(top = 8.dp, start = 16.dp, end = 16.dp, bottom = 32.dp)",,
pilot-0006,clickable_icon_not_iconbutton,maximilian-schwaerzler__Do-It,maximilian-schwaerzler__Do-It/app/src/main/java/at/co/schwaerzler/maximilian/doit/ui/navigation/screen/SettingsScreen.kt,SettingsScreenContent,Icon made clickable directly instead of IconButton,"@OptIn(ExperimentalMaterial3Api::class)
@Composable
fun SettingsScreenContent(
    onNavigateBack: () -> Unit,
    themeMode: AppThemeMode,
    onSetTheme: (AppThemeMode) -> Unit,
    versionName: String?,
    currentLocaleTag: String,
    supportedLocales: List<Pair<String, String>>,
    onSetLanguage: (String) -> Unit,
    notificationLeadTime: NotificationLeadTime,
    onSetNotificationLeadTime: (NotificationLeadTime) -> Unit,
    modifier: Modifier = Modifier,
    useDynamicColors: Boolean,
    onSetUseDynamicColors: (Boolean) -> Unit
) {",,
pilot-0107,missing_heading_semantics,norsehorse-dev__AgePonyAndroid,norsehorse-dev__AgePonyAndroid/app/src/main/java/com/agepony/app/ui/identities/IdentitiesScreen.kt,GenerateX25519,titleLarge text without heading(),"
@Composable
private fun GenerateX25519(vault: Vault, onDone: () -> Unit, onCancel: () -> Unit) {
    var name by rememberSaveable { mutableStateOf("""") }
    var busy by remember { mutableStateOf(false) }
    val scope = rememberCoroutineScope()

    Column(
        Modifier.fillMaxSize().padding(24.dp),
        verticalArrangement = Arrangement.spacedBy(16.dp),
    ) {
        Text(""age X25519"", style = MaterialTheme.typography.titleLarge, color = MaterialTheme.colorScheme.primary)
        Text(
            ""Creates a fresh age X25519 keypair, stored in your vault."",
            style = MaterialTheme.typography.bodyMedium,
            color = MaterialTheme.colorScheme.onSurfaceVariant,",,
pilot-0073,error_state_no_semantics,norsehorse-dev__AgePonyAndroid,norsehorse-dev__AgePonyAndroid/app/src/main/java/com/agepony/app/ui/VaultGate.kt,CreateSecretDialog,isError set without semantics { error(...) }," */
@Composable
private fun CreateSecretDialog(
    onConfirm: (CharArray, String) -> Unit,
    onDismiss: () -> Unit,
) {
    var kind by remember { mutableStateOf(""password"") }
    var value by remember { mutableStateOf("""") }
    var again by remember { mutableStateOf("""") }
    val focusRequester = remember { FocusRequester() }
    val keyboard = LocalSoftwareKeyboardController.current
    val view = LocalView.current
    val isPin = kind == ""pin""
    val mismatch = again.isNotEmpty() && value != again
    val valid = value.isNotEmpty() && value == again
",,
pilot-0039,color_contrast,GetStream__meeting-room-compose,GetStream__meeting-room-compose/app/src/main/kotlin/io/getstream/meeting/room/compose/ui/component/StreamButton.kt,StreamButton,2 hardcoded Color literals with Text,"
@Composable
fun StreamButton(
  modifier: Modifier = Modifier,
  text: String,
  enabled: Boolean = true,
  onClick: () -> Unit,
) {
  Button(
    modifier = modifier.clip(RoundedCornerShape(8.dp)),
    enabled = enabled,
    onClick = onClick,
    colors = ButtonDefaults.buttonColors(
      backgroundColor = VideoTheme.colors.primaryAccent,
      contentColor = VideoTheme.colors.primaryAccent,
      disabledBackgroundColor = Color(0xFF979797),",,
pilot-0245,text_truncation_scaling,IacobIonut01__ReFra,IacobIonut01__ReFra/app/src/main/kotlin/com/dot/gallery/cloud/ui/settings/CloudNetworkingScreen.kt,NetworkingHeroCard,maxLines = 1 with Ellipsis (clips at large font scale)," */
@Composable
private fun NetworkingHeroCard(
    effectiveUrl: String,
    localActive: Boolean,
    autoUrlSwitch: Boolean,
    onToggleAuto: (Boolean) -> Unit
) {
    Column(
        modifier = Modifier
            .fillMaxWidth()
            .padding(horizontal = 16.dp, vertical = 8.dp)
            .clip(RoundedCornerShape(28.dp))
            .background(MaterialTheme.colorScheme.surfaceContainer)
            .padding(20.dp),
        verticalArrangement = Arrangement.spacedBy(20.dp)",,
pilot-0187,missing_state_description,norsehorse-dev__AgePonyAndroid,norsehorse-dev__AgePonyAndroid/app/src/main/java/com/agepony/app/ui/identities/IdentitiesScreen.kt,GenerateSecurityKey,Switch without stateDescription,"
@Composable
private fun GenerateSecurityKey(vault: Vault, onDone: () -> Unit, onCancel: () -> Unit) {
    val activity = LocalContext.current as? FragmentActivity
    var name by rememberSaveable { mutableStateOf("""") }
    var useP256 by rememberSaveable { mutableStateOf(false) }
    var busy by remember { mutableStateOf(false) }
    var error by remember { mutableStateOf<String?>(null) }
    val scope = rememberCoroutineScope()
    var pin by rememberSaveable { mutableStateOf("""") }
    var needsPin by remember { mutableStateOf(false) }

    Column(
        Modifier.fillMaxSize().padding(24.dp),
        verticalArrangement = Arrangement.spacedBy(16.dp),
    ) {",,
pilot-0206,pointerinput_no_semantics,braniik__slate,braniik__slate/app/src/main/java/com/braniik/slate/ui/drawer/list/HomeList.kt,VerticalListItem,detectTapGestures without semantics/Role,"
@Composable
private fun VerticalListItem(
    homeApp: HomeScreenApp,
    info: AppInfo,
    mode: HomeMode,
    dragOffsetPx: Float,
    onTap: (HomeScreenApp) -> Unit,
    onLongPress: (HomeScreenApp) -> Unit,
    onDragStart: () -> Unit,
    onDrag: (Float) -> Unit,
    onDragEnd: () -> Unit,
    modifier: Modifier = Modifier
) {
    val canDrag = mode == HomeMode.EDITING
    val currentOnDragStart by rememberUpdatedState(onDragStart)",,
pilot-0275,textfield_no_label,cvc953__localplayer,cvc953__localplayer/app/src/main/java/com/cvc953/localplayer/ui/components/MultiSongSelectionBar.kt,MultiSongSelectionBar,OutlinedTextField with placeholder but no label,"@Suppress(""ktlint:standard:function-naming"")
@Composable
fun MultiSongSelectionBar(
    selectedSongIds: Set<Long>,
    songs: List<Song>,
    playlists: List<Playlist>,
    onClearSelection: () -> Unit,
    onCreatePlaylist: (String) -> Unit,
    onAddSongToPlaylist: (playlistName: String, songId: Long) -> Unit,
    onAddToQueueNextAll: (List<Song>) -> Unit,
    onAddToQueueEndAll: (List<Song>) -> Unit,
    modifier: Modifier = Modifier,
) {
    if (selectedSongIds.isEmpty()) return

    val context = LocalContext.current",,
pilot-0156,missing_merge_descendants,MohamadOday__iris-gallery,MohamadOday__iris-gallery/app/src/main/java/com/iris/gallery/ui/EditChoiceSheet.kt,EditChoiceBottomSheet,"clickable Column with 2 Text children, no mergeDescendants","@Composable
@OptIn(ExperimentalMaterial3Api::class)
fun EditChoiceBottomSheet(
    onDismiss: () -> Unit,
    onChooseBuiltIn: (rememberChoice: Boolean) -> Unit,
    onChooseExternal: (rememberChoice: Boolean) -> Unit,
) {
    val sheetState = rememberModalBottomSheetState(skipPartiallyExpanded = true)
    var rememberChoice by remember { mutableStateOf(false) }

    ModalBottomSheet(
        onDismissRequest = onDismiss,
        sheetState = sheetState,
        containerColor = MaterialTheme.colorScheme.surfaceContainerLow,
        shape = RoundedCornerShape(topStart = 28.dp, topEnd = 28.dp),
    ) {",,
pilot-0241,text_truncation_scaling,chmouel__liseur,chmouel__liseur/app/src/main/kotlin/com/chmouel/liseur/ui/stats/ReadingStatsScreen.kt,BentoTile,maxLines = 1 with Ellipsis (clips at large font scale),"
@Composable
private fun BentoTile(
    icon: ImageVector,
    value: String,
    label: String,
    modifier: Modifier = Modifier,
) {
    Surface(
        shape = RoundedCornerShape(16.dp),
        color = MaterialTheme.colorScheme.surfaceContainerLow,
        modifier = modifier,
    ) {
        Column(
            modifier = Modifier.padding(16.dp),
        ) {",,
pilot-0191,missing_state_description,norsehorse-dev__BurnPonyAndroid,norsehorse-dev__BurnPonyAndroid/app/src/main/kotlin/com/burnpony/app/ui/settings/SettingsScreen.kt,ProxyModeRow,RadioButton without stateDescription,"
@Composable
private fun ProxyModeRow(
    id: String,
    labelRes: Int,
    selected: String,
    onSelect: (String) -> Unit,
) {
    Row(
        modifier = Modifier
            .fillMaxWidth()
            .clickable(role = Role.RadioButton) { onSelect(id) }
            .padding(vertical = 2.dp),
        verticalAlignment = Alignment.CenterVertically,
    ) {
        RadioButton(",,
pilot-0130,missing_interaction_semantics,jordond__MaterialKolor,jordond__MaterialKolor/builder/shared/src/commonMain/kotlin/com/materialkolor/builder/ui/home/components/ContrastSelector.kt,ContrastButton,.clickable without onClickLabel,"
@Composable
private fun ContrastButton(
    contrast: Contrast,
    isSelected: Boolean,
    onClick: () -> Unit,
    modifier: Modifier = Modifier,
) {
    val containerColor by animateColorAsState(
        if (isSelected) MaterialTheme.colorScheme.tertiary
        else MaterialTheme.colorScheme.tertiaryContainer,
    )

    val contentColor by animateColorAsState(
        if (isSelected) MaterialTheme.colorScheme.onTertiary
        else MaterialTheme.colorScheme.onTertiaryContainer,",,
pilot-0109,missing_heading_semantics,maxwhipw__marmalade-tts-android,maxwhipw__marmalade-tts-android/app/src/main/java/app/marmalade/tts/ui/onboarding/OnboardingScreen.kt,InstallingStep,headlineSmall text without heading(),"
@Composable
private fun InstallingStep(
    padding: PaddingValues,
    installStates: Map<String, InstallState>,
    allEngines: List<EngineDescriptor>,
    selectedIds: Set<String>,
    onRetry: (String) -> Unit,
    onContinue: () -> Unit,
) {
    val rowsToShow = allEngines.filter { it.name in selectedIds }
    val allDone = rowsToShow.all { e ->
        val s = installStates[e.name]
        s is InstallState.Installed || s is InstallState.Failed
    }
",,
pilot-0287,touch_target_size,BlazeCodeDev__TSViewer,BlazeCodeDev__TSViewer/wear/src/main/java/com/blazecode/tsviewer/wear/screens/ClientList.kt,ClientList,size(16.dp) on interactive element,"@Preview
@Composable
fun ClientList(viewModel: ClientListViewModel = viewModel()){
    val uiState = viewModel.uiState.collectAsState()
    val context = LocalContext.current

    val scrollState = rememberScalingLazyListState()
    val scope = rememberCoroutineScope()
    val focusRequester = remember { FocusRequester() }
    LaunchedEffect(Unit) {
        focusRequester.requestFocus()
    }

    ScalingLazyColumn (modifier = Modifier
        .onPreRotaryScrollEvent {
            scope.launch {",,
pilot-0190,missing_state_description,DigitaleGesellschaft__EventFahrplan,DigitaleGesellschaft__EventFahrplan/app/src/main/java/nerd/tuxmobil/fahrplan/congress/settings/widgets/SwitchPreference.kt,SwitchPreference,Switch without stateDescription,"
@Composable
internal fun SwitchPreference(
    title: String,
    checked: Boolean,
    onCheckedChange: (Boolean) -> Unit,
    modifier: Modifier = Modifier,
    subtitle: String? = null,
) {
    val interactionSource = remember { MutableInteractionSource() }

    Row(
        verticalAlignment = CenterVertically,
        modifier = modifier
            .fillMaxWidth()
            .minimumInteractiveComponentSize()",,
pilot-0133,missing_interaction_semantics,Pool-Of-Tears__Myne,Pool-Of-Tears__Myne/app/src/main/java/com/starry/myne/ui/screens/settings/composables/AboutScreen.kt,LinkButton,.clickable without onClickLabel,"
@Composable
private fun LinkButton(
    text: String,
    icon: ImageVector,
    onClick: () -> Unit,
) {
    Row(
        verticalAlignment = Alignment.CenterVertically,
        modifier = Modifier
            .clickable { onClick() }
            .padding(all = 4.dp),
    ) {
        Icon(
            imageVector = icon,
            contentDescription = null,",,
pilot-0067,error_state_no_semantics,xavier-tobin__BundledUI-Android,xavier-tobin__BundledUI-Android/src/main/java/com/xaviertobin/bundledui/section/widgets/SectionTextInput.kt,SectionPasswordInput,isError set without semantics { error(...) },"@OptIn(ExperimentalMaterial3Api::class)
@Composable
fun SectionPasswordInput(
    password: TextFieldState,
    fontSize: TextUnit = 16.sp,
    label: String,
    placeholder: String? = label,
    first: Boolean = false,
    last: Boolean = false,
    required: Boolean = false,
    enabled: Boolean = true,
    errorMessage: String? = null,
) {

    var showPassword by remember { mutableStateOf(false) }
    var focused by remember { mutableStateOf(false) }",,
pilot-0036,color_contrast,crome1394__point-forecast,crome1394__point-forecast/forecast-point/app/src/main/java/com/crome/forecastpoint/ui/screens/HourlyScreen.kt,HourlyTable,3 hardcoded Color literals with Text,"
@Composable
private fun HourlyTable(
    headers: List<String>,
    rows: List<HourlyTableRow>,
) {
    Column(Modifier.fillMaxSize()) {
        Row(
            Modifier
                .fillMaxWidth()
                .background(HeaderBg)
                .height(HeaderHeight),
            verticalAlignment = Alignment.CenterVertically,
        ) {
            Box(
                Modifier",,
pilot-0208,pointerinput_no_semantics,OMGSoundboard__android-app,OMGSoundboard__android-app/app/src/main/java/audio/omgsoundboard/presentation/composables/CategoryItem.kt,CategoryItem,detectTapGestures without semantics/Role,"
@Composable
fun CategoryItem(
    item: Category,
    index: Int,
    onDropMenu: (Offset) -> Unit,
) {
    val interactionSource = remember { MutableInteractionSource() }
    val scope = rememberCoroutineScope()
    var layoutCoordinates: LayoutCoordinates? = null

    Surface(
        modifier = Modifier
            .fillMaxWidth()
            .height(60.dp)
            .padding(bottom = 6.dp)",,
pilot-0118,missing_heading_semantics,corphish__TextTools,corphish__TextTools/app/src/main/java/com/corphish/quicktools/activities/MainActivity.kt,AppHeader,headlineMedium text without heading(),"
@Composable
fun AppHeader() {
    Column(modifier = Modifier.padding(bottom = 16.dp)) {
        Text(
            text = stringResource(id = R.string.app_name),
            style = TypographyV2.headlineMedium,
            color = MaterialTheme.colorScheme.primary,
            fontFamily = BrandFontFamily,
            modifier = Modifier.padding(bottom = 8.dp)
        )

        Text(
            text = stringResource(id = R.string.app_desc), style = Typography.bodyMedium
        )
    }",,
pilot-0242,text_truncation_scaling,Dking08__croc-app,Dking08__croc-app/app/src/main/java/com/dking/crocapp/ui/quick/QuickScreen.kt,QuickReceivedFilesCard,maxLines = 1 with Ellipsis (clips at large font scale),"
@Composable
private fun QuickReceivedFilesCard(receivedFiles: List<ReceivedFile>) {
    val context = androidx.compose.ui.platform.LocalContext.current

    Card(
        modifier = Modifier.fillMaxWidth(),
        colors = CardDefaults.cardColors(
            containerColor = MaterialTheme.colorScheme.surfaceContainerLow
        ),
        shape = MaterialTheme.shapes.extraLarge
    ) {
        Column(
            modifier = Modifier.padding(16.dp),
            verticalArrangement = Arrangement.spacedBy(8.dp)
        ) {",,
pilot-0227,progress_no_semantics,kursatkumsuz__movie,kursatkumsuz__movie/core/component/src/main/java/com/kursatkumsuz/component/LoadingPage.kt,LoadingPage,CircularProgressIndicator without progressSemantics,"
@Composable
fun LoadingPage() {
    Column(
        modifier = Modifier
            .fillMaxSize()
            .background(Color.Black),
        verticalArrangement = Arrangement.Center,
        horizontalAlignment = Alignment.CenterHorizontally
    ) {
        Text(
            text = ""Loading"",
            color = MaterialTheme.colorScheme.primary,
            maxLines = 1,
            overflow = TextOverflow.Ellipsis
        )",,
pilot-0288,touch_target_size,dantech0xff__compose-qr-code-scanner,dantech0xff__compose-qr-code-scanner/app/src/main/java/com/creative/qrcodescanner/ui/history/HistoryLayout.kt,HistoryScreenLayout,size(8.dp) on interactive element,"@OptIn(ExperimentalFoundationApi::class)
@Composable
fun HistoryScreenLayout(viewModel: HistoryViewModel = hiltViewModel(),
                        appNav: NavHostController) {

    val qrCodeHistoryUIState by viewModel.qrCodeHistoryUIState.collectAsStateWithLifecycle()

    BackHandler {
        appNav.popBackStack()
    }

    Scaffold(topBar = {
        TopNavBar(titleResId = R.string.qr_code_history) {
            appNav.popBackStack()
        }
    },",,
pilot-0025,color_contrast,iOrchid__android-jetpack-demo,iOrchid__android-jetpack-demo/compose/src/main/java/org/zhiwei/compose/screen/basic/material3/ButtonScreen.kt,Button_Screen,8 hardcoded Color literals with Text," */
@Composable
internal fun Button_Screen(modifier: Modifier = Modifier) {

    LazyColumn(modifier.fillMaxSize()) {

        item {
            Title_Text(title = ""Button"")
            //1、普通的常规属性
            Title_Desc_Text(desc = ""1、button 常用属性如圆角，禁用，图标，背景色阴影边框等"")
            Row(
                Modifier
                    .fillMaxWidth()
                    .padding(5.dp), horizontalArrangement = Arrangement.SpaceEvenly
            ) {
                Button(onClick = {/*点击事件是在这里处理*/ }) {",,
pilot-0058,decorative_mislabeled,gautam84__Foodike,gautam84__Foodike/app/src/main/java/com/example/foodike/presentation/history/components/HistorySection.kt,HistorySection,"decorative with description ""Non-Vegetarian""","
@Composable
fun HistorySection() {
    Column(
        modifier = Modifier
            .fillMaxSize()
            .padding(16.dp)
    ) {
        Card(
            elevation = 16.dp
        ) {
            Column(
                modifier = Modifier
                    .padding(12.dp)
            ) {
                Row(",,
pilot-0215,pointerinput_no_semantics,ArcaDone__AwesomeUI,ArcaDone__AwesomeUI/sharedUI/src/commonMain/kotlin/com/arcadone/awesomeui/components/chart/progreessionchart/ProgressionChartVariant.kt,LineChartItem,detectTapGestures without semantics/Role,"
@Composable
private fun LineChartItem(
    data: List<ChartDataPoint>,
    modifier: Modifier = Modifier,
    style: ProgressionChartStyle,
    animate: Boolean,
    animateToProgress: Float,
    interactive: Boolean,
    showTooltip: Boolean,
) {
    if (data.isEmpty()) return

    val targetProgress = animateToProgress.coerceIn(0f, 1f)

    // Animation progress (0.0 to targetProgress)",,
pilot-0243,text_truncation_scaling,nemoXdev__CryptoSafe,nemoXdev__CryptoSafe/app/src/main/java/com/cryptosafe/app/MainActivity.kt,CryptoSafeApp,maxLines = 1 with Ellipsis (clips at large font scale),"@OptIn(ExperimentalMaterial3Api::class)
@Composable
fun CryptoSafeApp(
    vm: MainViewModel,
    database: AppDatabase? = null,
    locked: Boolean = false
) {
    val context = LocalContext.current
    val scope = rememberCoroutineScope()
    var showLanguageMenu by remember { mutableStateOf(false) }

    
    LaunchedEffect(locked) {
        if (locked) {
            vm.onLocked()
        }",,
pilot-0185,missing_state_description,hwki__SimpleBitcoinWidget,hwki__SimpleBitcoinWidget/bitcoin/src/main/java/com/brentpanther/bitcoinwidget/ui/settings/SettingsComponents.kt,RadioDialogItem,RadioButton without stateDescription,"
@Composable
private fun RadioDialogItem(
    item: String,
    selected: Boolean,
    onClick: () -> Unit
) {
    Row(
        Modifier
            .fillMaxWidth()
            .height(48.dp)
            .selectable(
                selected = selected,
                onClick = onClick,
                role = Role.RadioButton
            )",,
pilot-0106,missing_heading_semantics,isotjs__todosian-app,isotjs__todosian-app/app/src/main/java/com/isotjs/todosian/ui/home/HomeScreen.kt,EmptyHomeState,titleLarge text without heading(),"
@Composable
private fun EmptyHomeState(
    onCreateCategory: () -> Unit,
    modifier: Modifier = Modifier,
) {
    Box(
        modifier = modifier,
        contentAlignment = Alignment.Center,
    ) {
        Column(
            horizontalAlignment = Alignment.CenterHorizontally,
            modifier = Modifier.padding(16.dp),
        ) {
            Text(
                text = stringResource(R.string.home_empty_title),",,
pilot-0026,color_contrast,hosizoraru__KeiOS,hosizoraru__KeiOS/app/src/main/java/os/kei/ui/page/main/widget/core/AppOverviewCards.kt,AppOverviewMetricTile,2 hardcoded Color literals with Text,"
@Composable
fun AppOverviewMetricTile(
    label: String,
    value: String,
    modifier: Modifier = Modifier,
    labelColor: Color = MiuixTheme.colorScheme.onBackgroundVariant,
    valueColor: Color = MiuixTheme.colorScheme.onBackground,
    containerColor: Color? = null,
    borderColor: Color? = null,
    backdrop: Backdrop? = null,
    valueMaxLines: Int = 2,
    emphasizedValue: Boolean = true,
) {
    val isDark = isAppInDarkTheme()
    val resolvedContainerColor =",,
pilot-0081,missing_content_description,christianrowlands__android-network-survey,christianrowlands__android-network-survey/networksurvey/src/main/java/com/craxiom/networksurvey/ui/activesurvey/SurveyMonitorScreen.kt,SurveyStatistics,contentDescription = null,"
@Composable
private fun SurveyStatistics(
    surveyState: ActiveSurveyState,
    modifier: Modifier = Modifier
) {
    // Pass viewModel to access session data
    val viewModel: SurveyMonitorViewModel = viewModel()

    // Calculate elapsed time from session start
    var elapsedSeconds by remember { mutableIntStateOf(0) }

    LaunchedEffect(surveyState.isAnyActive) {
        if (surveyState.isAnyActive) {
            while (surveyState.isAnyActive) {
                val sessionStartTime = viewModel.getSurveySessionStartTime()",,
pilot-0032,color_contrast,Abhay-cloud__Fixed-Deposit-Tracker,Abhay-cloud__Fixed-Deposit-Tracker/app/src/main/java/dev/abhaycloud/fdtracker/presentation/ui/components/FixedDepositItem.kt,FixedDepositItem,3 hardcoded Color literals with Text,"
@Composable
fun FixedDepositItem(
    modifier: Modifier,
    fixedDeposit: FixedDeposit,
    onClick: (FixedDeposit) -> Unit
) {
    var completedDays by rememberSaveable {
        mutableIntStateOf(0)
    }
    var remainingDays by rememberSaveable {
        mutableIntStateOf(0)
    }
    LaunchedEffect(key1 = fixedDeposit) {
        completedDays = System.currentTimeMillis().getDifferenceBetweenDays(fixedDeposit.startDate.time)
        remainingDays = fixedDeposit.maturityDate.time.getDifferenceBetweenDays(System.currentTimeMillis())",,
pilot-0261,textfield_no_label,iTsMe-Zen__Areada,iTsMe-Zen__Areada/app/src/main/java/app/areada/ui/reader/ReaderDialogs.kt,GoToPositionDialog,OutlinedTextField with placeholder but no label,"
@Composable
internal fun GoToPositionDialog(
    label: String,
    currentIndex: Int,
    total: Int,
    title: String? = null,
    onDismiss: () -> Unit,
    onConfirm: (Int) -> Unit,
) {
    val dialogTitle = title ?: stringResource(R.string.go_to)
    val safeTotal = total.coerceAtLeast(1)
    var input by rememberSaveable(label, currentIndex, safeTotal) {
        mutableStateOf((currentIndex + 1).coerceIn(1, safeTotal).toString())
    }
    val targetIndex = input.toIntOrNull()?.minus(1)",,
pilot-0031,color_contrast,nemoXdev__CryptoSafe,nemoXdev__CryptoSafe/app/src/main/java/com/cryptosafe/app/screens/CreateBoxScreen.kt,CreateBoxScreen,3 hardcoded Color literals with Text,"
@Composable
fun CreateBoxScreen(
    database: AppDatabase,
    onBack: () -> Unit
) {
    val context = LocalContext.current
    val scope = rememberCoroutineScope()
    var boxName by remember { mutableStateOf("""") }
    var password by remember { mutableStateOf("""") }
    var confirmPassword by remember { mutableStateOf("""") }
    var showPassword by remember { mutableStateOf(false) }
    var autoDeleteHours by remember { mutableIntStateOf(0) }
    var lockMode by remember { mutableStateOf(""always"") }
    var lockTimeoutMinutes by remember { mutableIntStateOf(5) }
",,
pilot-0269,textfield_no_label,IacobIonut01__ReFra,IacobIonut01__ReFra/app/src/main/kotlin/com/dot/gallery/cloud/ui/settings/CloudNetworkingScreen.kt,CloudNetworkingScreen,OutlinedTextField with placeholder but no label,"
@Composable
fun CloudNetworkingScreen(configId: Long) {
    val settingsVm = hiltViewModel<CloudSettingsViewModel>()
    val config by settingsVm.config.collectAsStateWithLifecycle()
    val loadState by settingsVm.loadState.collectAsStateWithLifecycle()

    LaunchedEffect(configId) { settingsVm.loadConfig(configId) }
    if (config == null) {
        AccountSettingsStateScreen(stringResource(R.string.cloud_networking), loadState)
        return
    }
    val autoUrlSwitch = config?.autoUrlSwitch ?: false
    val serverUrl = config?.serverUrl ?: """"
    val wifiSsid = config?.localWifiSsid ?: """"
    val localUrl = config?.localServerUrl ?: """"",,
pilot-0161,missing_semantics_role,christianrowlands__android-network-survey,christianrowlands__android-network-survey/networksurvey/src/main/java/com/craxiom/networksurvey/ui/nsanalytics/NsAnalyticsConnectionScreen.kt,WorkspaceStatusCard,.clickable without Role,"
@Composable
private fun WorkspaceStatusCard(
    workspaceName: String?,
    workspaceId: String?
) {
    val context = LocalContext.current

    Card(
        modifier = Modifier.fillMaxWidth(),
        colors = CardDefaults.cardColors(
            containerColor = Color(0xFF1E1F24)
        )
    ) {
        Row(
            modifier = Modifier",,
pilot-0180,missing_semantics_role,Hamza417__Peristyle,Hamza417__Peristyle/app/src/main/java/app/simple/peri/ui/commons/MenuItemWithCheckbox.kt,MenuItemWithCheckbox,.clickable without Role,"
@Composable
fun MenuItemWithCheckbox(
        text: String,
        summary: String? = null,
        isChecked: Boolean = false,
        onCheckedChange: (Boolean) -> Unit,
        isDestructive: Boolean = false,
        @SuppressLint(""ModifierParameter"") modifier: Modifier = Modifier
) {
    val interactionSource = remember { MutableInteractionSource() }
    val isChecked = remember { mutableStateOf(isChecked) }

    Row(
            modifier = modifier
                .fillMaxWidth()",,
pilot-0264,textfield_no_label,raheemadamboev__todo-app,raheemadamboev__todo-app/app/src/main/java/xyz/teamgravity/todo/presentation/component/topbar/TopBarSearch.kt,TopBarSearch,OutlinedTextField with placeholder but no label,"
@Composable
fun TopBarSearch(
    query: String,
    onQueryChange: (query: String) -> Unit,
    onCancel: () -> Unit
) {
    Row(
        verticalAlignment = Alignment.CenterVertically,
        modifier = Modifier.fillMaxWidth()
    ) {
        IconButtonPlain(
            onClick = onCancel,
            icon = Icons.AutoMirrored.Rounded.ArrowBack,
            contentDescription = R.string.cd_back_button
        )",,
pilot-0015,clickable_icon_not_iconbutton,piratecash__pcash-wallet,piratecash__pcash-wallet/app/src/main/java/cash/p/terminal/ui/compose/components/BottomSheetsElements.kt,BottomSheetsElementsHeader,Icon made clickable directly instead of IconButton,"
@Composable
fun BottomSheetsElementsHeader(
    icon: Painter,
    title: String,
    subtitle: String,
    onClickClose: () -> Unit
) {
    Row(
        modifier = Modifier
            .fillMaxWidth()
            .height(64.dp)
            .padding(start = 12.dp, top = 12.dp, end = 12.dp, bottom = 9.dp)
    ) {
        Image(
            modifier = Modifier.size(24.dp),",,
pilot-0217,pointerinput_no_semantics,zhishengplus__ZhishengWeather,zhishengplus__ZhishengWeather/app/src/main/kotlin/com/zhisheng/weather/ui/RadarScreen.kt,RadarScrubber,detectTapGestures without semantics/Role,"
@Composable
private fun RadarScrubber(
    frames: List<RadarFrame>,
    nowIndex: Int,
    selectedIndex: Int,
    utcOffsetSeconds: Int?,
    onSelect: (Int) -> Unit,
) {
    val palette = LocalZhishengPalette.current
    var trackWidthPx by remember { mutableFloatStateOf(1f) }
    fun indexAt(x: Float): Int {
        if (frames.isEmpty() || trackWidthPx <= 0f) return 0
        return (x / trackWidthPx * frames.size).toInt().coerceIn(0, frames.lastIndex)
    }
    // 分界刻度：过去/未来两段的交界，「现在」用橙色标记",,
pilot-0218,pointerinput_no_semantics,Darkrock-Studios__hammer-editor,Darkrock-Studios__hammer-editor/composeUi/src/commonMain/kotlin/com/darkrockstudios/apps/hammer/common/storyeditor/OutlineOverviewUi.kt,OutlineOverviewContent,detectTapGestures without semantics/Role," */
@Composable
fun OutlineOverviewContent(
	component: OutlineOverview,
	onDismiss: () -> Unit,
) {
	val state by component.state.subscribeAsState()

	val chapters = remember(state.overview) { groupByChapter(state.overview) }
	val totalScenes = remember(chapters) { chapters.sumOf { it.scenes.size } }
	val totalChapters = chapters.count { it.chapter != null }

	val listState = rememberLazyListState()
	val coroutineScope = rememberCoroutineScope()

	val activeChapterIndex by remember(chapters.size) {",,
pilot-0095,missing_content_description,AhmadHassan-BTed__Parchment,AhmadHassan-BTed__Parchment/app/src/main/java/ted/parchment/reader/ui/viewer/TocPanel.kt,TocPanel,contentDescription = null," */
@Composable
fun TocPanel(
    tableOfContents: List<TocItem>,
    currentPage: Int,
    accentColor: Color,
    textColor: Color,
    onChapterSelected: (TocItem) -> Unit
) {
    Column(
        modifier = Modifier
            .fillMaxWidth()
            .padding(bottom = 40.dp)
    ) {
        // ── Header ──────────────────────────────────────────────────────────
        Row(",,
pilot-0282,touch_target_size,christianrowlands__android-network-survey,christianrowlands__android-network-survey/networksurvey/src/main/java/com/craxiom/networksurvey/ui/cellular/TowerMapScreen.kt,ZoomControls,size(40.dp) on interactive element," */
@Composable
fun ZoomControls(
    onZoomIn: () -> Unit,
    onZoomOut: () -> Unit,
    modifier: Modifier = Modifier
) {
    Surface(
        modifier = modifier,
        color = MaterialTheme.colorScheme.surface.copy(alpha = 0.85f),
        shape = CircleShape,
        shadowElevation = 6.dp
    ) {
        Column(
            modifier = Modifier.padding(4.dp),
            verticalArrangement = Arrangement.spacedBy(4.dp)",,
pilot-0244,text_truncation_scaling,imashnake0__Animite,imashnake0__Animite/profile/src/main/kotlin/com/imashnake/animite/profile/ui/UpdateEntryDialog.kt,StatusDropDown,maxLines = 1 with Ellipsis (clips at large font scale),"// TODO: Reuse dropdown from the tabs.
@Composable
private fun StatusDropDown(
    type: Media.Small.Type,
    selectedStatus: User.TrackingStatus,
    onSelectStatus: (User.TrackingStatus) -> Unit,
    modifier: Modifier = Modifier
) {
    val statuses = if (type == Media.Small.Type.ANIME) {
        User.TrackingStatus.animeStatuses()
    } else User.TrackingStatus.mangaStatuses()
    val cascadeState = rememberCascadeState()
    var isStatusDropDownExpanded by remember { mutableStateOf(false) }
    val haptic = LocalHapticFeedback.current

    val iconPadding = (dimensionResource(R.dimen.tracking_list_header_height) - dimensionResource(R.dimen.tracking_list_header_icon_size)) / 2",,
pilot-0056,decorative_mislabeled,CraftWorksMC__Chora,CraftWorksMC__Chora/app/src/main/java/com/craftworks/music/ui/screens/AlbumDetailsScreen.kt,AlbumDetails,"decorative with description ""Unstar Album""","@ExperimentalFoundationApi
@Composable
fun AlbumDetails(
    selectedAlbumId: String = """",
    selectedAlbumImage: Uri = Uri.EMPTY,
    navHostController: NavHostController = rememberNavController(),
    mediaController: MediaController? = null,
    viewModel: AlbumDetailsViewModel = hiltViewModel()
) {
    val imageFadingEdge = Brush.verticalGradient(listOf(Color.Red.copy(0.75f), Color.Transparent))

    var showLoading by remember { mutableStateOf(false) }
    val currentAlbum = viewModel.songsInAlbum.collectAsStateWithLifecycle().value
    val showTrackNumbers by AppearanceSettingsManager(LocalContext.current).showTrackNumbersFlow.collectAsStateWithLifecycle(false)

    var songToRate by remember { mutableStateOf<MediaItem?>(null) }",,
pilot-0034,color_contrast,crome1394__point-forecast,crome1394__point-forecast/forecast-point/app/src/main/java/com/crome/forecastpoint/ui/screens/SunMoonScreen.kt,AltitudeChart,4 hardcoded Color literals with Text,"
@Composable
private fun AltitudeChart(
    altitudes: List<Float>,
    pathColor: Color,
    fillColor: Color,
    modifier: Modifier = Modifier,
) {
    if (altitudes.size < 2) return

    val minA = min(-10f, altitudes.minOrNull() ?: -10f)
    val maxA = max(60f, altitudes.maxOrNull() ?: 60f)
    val peakAlt = altitudes.maxOrNull() ?: 0f
    val peakIdx = altitudes.indices.maxByOrNull { altitudes[it] } ?: 12
    val range = (maxA - minA).coerceAtLeast(1f)
    // Y ticks: max, horizon (0°) if in range, min",,
pilot-0122,missing_interaction_semantics,wisnukurniawan__Compose-Expense,wisnukurniawan__Compose-Expense/app/src/main/java/com/wisnu/kurniawan/wallee/features/account/detail/ui/AccountDetailScreen.kt,AmountSection,.clickable without onClickLabel,"
@Composable
private fun AmountSection(
    totalAmount: TextFieldValue,
    totalAmountDisplay: String,
    onTotalAmountChange: (TextFieldValue) -> Unit,
) {
    val focusRequester = remember { FocusRequester() }

    PgHeadlineLabel(
        text = stringResource(R.string.account_edit_balance),
        modifier = Modifier.padding(start = 16.dp, bottom = 6.dp)
    )

    Box(
        modifier = Modifier",,
pilot-0116,missing_heading_semantics,v1tzor__TimePlanner,v1tzor__TimePlanner/core/ui/src/main/java/ru/aleshin/timeplanner/core/ui/views/Dialog.kt,DialogHeader,headlineSmall text without heading(),"
@Composable
fun DialogHeader(
    modifier: Modifier = Modifier,
    header: String,
    title: String? = null,
    paddingValues: PaddingValues = PaddingValues(top = 24.dp, bottom = 12.dp, start = 24.dp, end = 24.dp),
    headerColor: Color = MaterialTheme.colorScheme.onSurface,
    titleColor: Color = MaterialTheme.colorScheme.onSurfaceVariant,
) {
    Column(modifier = modifier.padding(paddingValues)) {
        Text(
            text = header,
            color = headerColor,
            style = MaterialTheme.typography.headlineSmall,
        )",,
pilot-0296,touch_target_size,Dking08__croc-app,Dking08__croc-app/app/src/main/java/com/dking/crocapp/ui/history/HistoryScreen.kt,CompactHistoryCard,size(20.dp) on interactive element,"
@Composable
private fun CompactHistoryCard(
    transfer: TransferHistory,
    onOpenTransfer: () -> Boolean,
    onCodeSelected: (String) -> Unit,
    onCopyCode: () -> Unit,
    onToggleFavorite: () -> Unit,
    onDelete: () -> Unit,
    onRevoke: () -> Unit
) {
    val context = LocalContext.current
    val clipboardManager = LocalClipboardManager.current
    var showMenu by remember { mutableStateOf(false) }
    var showQrDialog by remember { mutableStateOf(false) }
    var showRevokeDialog by remember { mutableStateOf(false) }",,
pilot-0143,missing_merge_descendants,KaushalVasava__XPhotogram,KaushalVasava__XPhotogram/app/src/main/java/com/lahsuak/apps/instagram/ui/screen/HomeScreen.kt,HomeScreen,"clickable Row with 2 Text children, no mergeDescendants","@OptIn(ExperimentalMaterial3Api::class, ExperimentalMaterialApi::class)
@Composable
fun HomeScreen(
    modifier: Modifier = Modifier,
    homeViewModel: HomeViewModel,
    navController: NavController,
) {

    val userState = homeViewModel.users.collectAsState()
    val storiesState =
        homeViewModel.stories.collectAsState()
    val postsState =
        homeViewModel.posts.collectAsState()
    val bottomSheet = rememberModalBottomSheetState()
    var isBottomSheetOpened by remember {
        mutableStateOf(false)",,
pilot-0281,touch_target_size,dantech0xff__compose-qr-code-scanner,dantech0xff__compose-qr-code-scanner/app/src/main/java/com/creative/qrcodescanner/ui/nav/TopNavBar.kt,TopNavBar,size(6.dp) on interactive element," 
@Composable
fun TopNavBar(@StringRes titleResId: Int, backNavClick: () -> Unit) {
    Column(
        modifier = Modifier
            .shadow(MaterialTheme.colorScheme.primary.copy(alpha = 0.5f),
                blurRadius = 12.dp, borderRadius = 0.dp, spread = 0.dp,
                offsetY = 1.dp, offsetX = 0.dp)
            .fillMaxWidth()
            .background(MaterialTheme.colorScheme.primary, shape = RectangleShape)
    ) {
        Spacer(modifier = Modifier.windowInsetsTopHeight(WindowInsets.statusBars))
        Row(
            modifier = Modifier
                .fillMaxWidth()
                .wrapContentHeight(),",,
pilot-0075,error_state_no_semantics,maximilian-schwaerzler__Do-It,maximilian-schwaerzler__Do-It/app/src/main/java/at/co/schwaerzler/maximilian/doit/ui/navigation/screen/EditTodoScreen.kt,EditTodoScreenContent,isError set without semantics { error(...) },"@OptIn(ExperimentalMaterial3Api::class)
@Composable
private fun EditTodoScreenContent(
    id: Int?,
    uiState: EditTodoUiState,
    onTitleChange: (String) -> Unit,
    onDescriptionChange: (String) -> Unit,
    onDeadlineChange: (Instant?) -> Unit,
    onSave: () -> Unit,
    onCancel: () -> Unit,
    onDelete: () -> Unit,
    modifier: Modifier = Modifier,
) {
    var showDatePicker by remember { mutableStateOf(false) }
    var showTimePicker by remember { mutableStateOf(false) }
    var pendingDateMillis by remember { mutableLongStateOf(0L) }",,
pilot-0037,color_contrast,DaKlok__BibleLockScreen,DaKlok__BibleLockScreen/app/src/main/java/com/daklok/biblelockscreen/VerseDatabaseScreen.kt,CustomDbRow,3 hardcoded Color literals with Text,"
@Composable
private fun CustomDbRow(
    strings: AppStrings,
    db: CustomVerseDb,
    onEdit: () -> Unit,
    onDelete: () -> Unit,
    // Fired when the user taps ""Use"". Null = button hidden.
    onUse: (() -> Unit)? = null,
    // True when this DB is the currently-active custom source — swaps
    // the ""Use"" button for a non-interactive ""✓ Active"" badge.
    isActive: Boolean = false
) {
    val haptic = LocalHapticFeedback.current
    Row(
        modifier = Modifier",,
pilot-0148,missing_merge_descendants,crome1394__point-forecast,crome1394__point-forecast/forecast-point/app/src/main/java/com/crome/forecastpoint/ui/screens/SevereWeatherSummaryScreen.kt,TropicalReportRow,"clickable Row with 3 Text children, no mergeDescendants","
@Composable
private fun TropicalReportRow(
    s: SevereWeatherService.TropicalStorm,
    onOpenUrl: (String) -> Unit,
) {
    Row(
        Modifier
            .fillMaxWidth()
            .clickable(enabled = s.advisoryUrl != null) {
                s.advisoryUrl?.let { onOpenUrl(it) }
            }
            .padding(vertical = 6.dp),
        verticalAlignment = Alignment.Top,
    ) {
        TypeBadge(""Trop"", Color(0xFF4FC3F7))",,
pilot-0197,missing_state_description,braniik__slate,braniik__slate/app/src/main/java/com/braniik/slate/ui/drawer/list/ListEditDialog.kt,ListEditDialog,Switch without stateDescription,"
@Composable
fun ListEditDialog(
    app: HomeScreenApp,
    info: AppInfo,
    onDismiss: () -> Unit,
    onSave: (HomeScreenApp) -> Unit
) {
    var textSize by remember(app.key) { mutableIntStateOf(app.listTextSizeSp) }
    var iconSize by remember(app.key) { mutableIntStateOf(app.listIconSizeDp) }
    var showIcon by remember(app.key) { mutableStateOf(app.showLabel) }
    var iconShape by remember(app.key) { mutableStateOf(app.iconShape) }
    var rotation by remember(app.key) { mutableFloatStateOf(app.rotationDeg) }

    EditDialogShell(
        title = info.label,",,
pilot-0238,progress_no_semantics,piratecash__pcash-wallet,piratecash__pcash-wallet/app/src/main/java/cash/p/terminal/modules/coin/overview/ui/CoinOverviewScreen.kt,Loading,CircularProgressIndicator without progressSemantics,"@Preview
@Composable
fun LoadingPreview() {
    cash.p.terminal.ui_compose.theme.ComposeAppTheme {
        Loading()
    }
}

@Composable
fun Error(message: String) {
    Box(
        modifier = Modifier.fillMaxSize(),
        contentAlignment = Alignment.Center
    ) {
        subhead2_grey(text = message)
    }",,
pilot-0212,pointerinput_no_semantics,android__nowinandroid,android__nowinandroid/core/designsystem/src/main/kotlin/com/google/samples/apps/nowinandroid/core/designsystem/component/scrollbar/Scrollbar.kt,Scrollbar,detectTapGestures without semantics/Role," * Returns the position of the scrollbar thumb on the track as a percentage
 */
private fun ScrollbarTrack.thumbPosition(
    dimension: Float,
): Float = max(
    a = min(
        a = dimension / size,
        b = 1f,
    ),
    b = 0f,
)

/**
 * Class definition for the core properties of a scroll bar
 */
@Immutable",,
pilot-0252,text_truncation_scaling,iTsMe-Zen__Areada,iTsMe-Zen__Areada/app/src/main/java/app/areada/ui/reader/ReaderSharedComponents.kt,BookRow,maxLines = 1 with Ellipsis (clips at large font scale),"@OptIn(ExperimentalFoundationApi::class)
@Composable
internal fun BookRow(
    title: String,
    type: DocumentType,
    progressLabel: String?,
    pinned: Boolean,
    hasNote: Boolean = false,
    typeLabel: String? = null,
    extraMetadata: String? = null,
    selected: Boolean = false,
    onClick: () -> Unit,
) {
    @Suppress(""DEPRECATION"")
    val clipboard = LocalClipboardManager.current
    val context = LocalContext.current",,
pilot-0097,missing_content_description,zodl-inc__zodl-android,zodl-inc__zodl-android/feature-voting/src/main/java/co/electriccoin/zcash/ui/screen/voting/proposaldetail/VoteProposalDetailView.kt,ForumLinkRow,contentDescription = null,"
@Composable
private fun ForumLinkRow(onClick: () -> Unit) {
    Row(
        verticalAlignment = Alignment.CenterVertically,
        modifier =
            Modifier
                .fillMaxWidth()
                .clickable(onClick = onClick)
    ) {
        Surface(
            shape = CircleShape,
            color = ZashiColors.Surfaces.bgTertiary,
            modifier = Modifier.size(40.dp)
        ) {
            Icon(",,
pilot-0063,error_state_no_semantics,maxwhipw__marmalade-tts-android,maxwhipw__marmalade-tts-android/app/src/main/java/app/marmalade/tts/ui/screen/EffectEditorScreen.kt,EffectEditorScreen,isError set without semantics { error(...) },"@OptIn(ExperimentalMaterial3Api::class)
@Composable
fun EffectEditorScreen(
    onBack: () -> Unit,
    viewModel: EffectEditorViewModel = hiltViewModel(),
) {
    val state by viewModel.state.collectAsStateWithLifecycle()

    Scaffold(
        contentWindowInsets = WindowInsets(0),
        topBar = {
            CenterAlignedTopAppBar(
                title = {
                    Text(
                        stringResource(
                            if (state.isEdit) {",,
pilot-0091,missing_content_description,MohamadOday__iris-gallery,MohamadOday__iris-gallery/app/src/main/java/com/iris/gallery/ui/AboutScreen.kt,AboutLinkRow,contentDescription = null,"
@Composable
private fun AboutLinkRow(
    icon: ImageVector,
    title: String,
    subtitle: String,
    onClick: () -> Unit
) {
    Row(
        modifier = Modifier
            .fillMaxWidth()
            .clickable(onClick = onClick)
            .padding(vertical = 4.dp),
        verticalAlignment = Alignment.CenterVertically,
        horizontalArrangement = Arrangement.spacedBy(14.dp)
    ) {",,
pilot-0123,missing_interaction_semantics,lorenzovngl__FoodExpirationDates,lorenzovngl__FoodExpirationDates/app/src/main/java/com/lorenzovainigli/foodexpirationdates/feature/foodlist/presentation/component/FoodCard.kt,FoodCard,.clickable without onClickLabel,"
@Composable
fun FoodCard(
    item: FoodCardUiModel,
    onClickEdit: () -> Unit,
    onClickDelete: () -> Unit,
    modifier: Modifier = Modifier
) {
    val spacing = LocalSpacing.current
    val expiration = item.expirationText
    val backgroundColor = getExpirationColor(
        expirationStatus = item.expirationStatus,
        daysUntilExpiration = item.daysUntilExpiration,
        isDarkTheme = isSystemInDarkTheme(),
    )
    val foodNameTextColor = MaterialTheme.colorScheme.onSurface",,
pilot-0158,missing_merge_descendants,iOrchid__android-jetpack-demo,iOrchid__android-jetpack-demo/compose/src/main/java/org/zhiwei/compose/screen/basic/material3/ButtonScreen.kt,Button_Screen,"clickable Row with 3 Text children, no mergeDescendants"," */
@Composable
internal fun Button_Screen(modifier: Modifier = Modifier) {

    LazyColumn(modifier.fillMaxSize()) {

        item {
            Title_Text(title = ""Button"")
            //1、普通的常规属性
            Title_Desc_Text(desc = ""1、button 常用属性如圆角，禁用，图标，背景色阴影边框等"")
            Row(
                Modifier
                    .fillMaxWidth()
                    .padding(5.dp), horizontalArrangement = Arrangement.SpaceEvenly
            ) {
                Button(onClick = {/*点击事件是在这里处理*/ }) {",,
pilot-0272,textfield_no_label,joelkanyi__NewsApp,joelkanyi__NewsApp/presentation/src/main/java/io/github/joelkanyi/presentation/search/SearchNewsScreen.kt,SearchTextField,TextField with placeholder but no label,"
@Composable
fun SearchTextField(
    focusRequester: FocusRequester,
    searchValue: String,
    onSearchValueChange: (String) -> Unit,
    modifier: Modifier = Modifier
) {
    TextField(
        modifier = modifier
            .testTag(stringResource(R.string.search_news_text_field))
            .focusRequester(focusRequester),
        value = searchValue,
        onValueChange = onSearchValueChange,
        placeholder = {
            Text(",,
pilot-0153,missing_merge_descendants,zhishengplus__ZhishengWeather,zhishengplus__ZhishengWeather/app/src/main/kotlin/com/zhisheng/weather/ui/WhatsNewDialog.kt,WhatsNewDialog,"clickable Row with 2 Text children, no mergeDescendants","
@Composable
fun WhatsNewDialog(onClose: () -> Unit) {
    var page by rememberSaveable { mutableIntStateOf(0) }
    val pageCount = 5

    Dialog(
        onDismissRequest = onClose,
        properties = DialogProperties(usePlatformDefaultWidth = false),
    ) {
        BoxWithConstraints(
            modifier = Modifier
                .fillMaxSize()
                .background(ZhishengBg.copy(alpha = 0.90f))
                .safeDrawingPadding()
                .padding(12.dp),",,
pilot-0017,clickable_icon_not_iconbutton,Angel-Studio__SoundTap,Angel-Studio__SoundTap/app/src/main/java/fr/angel/soundtap/ui/components/MediaCards.kt,PlaybackCard,Icon made clickable directly instead of IconButton,"
@Composable
fun PlaybackCard(
	modifier: Modifier,
	media: MediaCallback,
	packageInfo: ResolveInfo,
) {
	val context = LocalContext.current
	val packageManager = context.packageManager

	val song =
		media.playingSong ?: run {
			EmptyPlayerCard(
				modifier = modifier,
				packageInfo = packageInfo,
			)",,
pilot-0138,missing_interaction_semantics,OMGSoundboard__android-app,OMGSoundboard__android-app/app/src/main/java/audio/omgsoundboard/presentation/composables/AboutItem.kt,AboutItem,.clickable without onClickLabel,"
@Composable
fun AboutItem(icon: Int, title: Int, onClick: () -> Unit){
    Row(
        modifier = Modifier
            .padding(horizontal = 16.dp, vertical = 12.dp)
            .clickable { onClick() },
        horizontalArrangement = Arrangement.Start,
        verticalAlignment = Alignment.CenterVertically
    ) {

        Icon(
            painter = painterResource(id = icon),

            contentDescription = null
        )",,
pilot-0131,missing_interaction_semantics,higorslva__biketrackd,higorslva__biketrackd/app/src/main/java/com/biketrackd/app/ui/components/CitySearchDialog.kt,CitySearchDialog,.clickable without onClickLabel,"
@Composable
fun CitySearchDialog(
    onCitySelected: (CityResult) -> Unit,
    onDismiss: () -> Unit,
) {
    var query by remember { mutableStateOf("""") }
    val results = remember { mutableStateListOf<CityResult>() }
    var isLoading by remember { mutableStateOf(false) }
    var searchJob by remember { mutableStateOf<Job?>(null) }
    val scope = rememberCoroutineScope()

    AlertDialog(
        onDismissRequest = onDismiss,
        title = { Text(stringResource(R.string.dialog_city_search)) },
        text = {",,
pilot-0198,missing_state_description,dononcharles__NiceToast,dononcharles__NiceToast/app/src/main/java/com/dononcharles/nicetoastapp/MainActivity.kt,MainScreen,Checkbox without stateDescription,"
@Composable
fun MainScreen(
    modifier: Modifier = Modifier,
    fontFamily: FontFamily,
    useCustom: Boolean,
    isDarkMode: Boolean,
    onDarkModeChecked: (Boolean) -> Unit,
    fullBackground: Boolean,
    onFullBackgroundChecked: (Boolean) -> Unit,
    onSwitchChange: (Boolean) -> Unit,
    onSuccessClick: () -> Unit,
    onErrorClick: () -> Unit,
    onWarningClick: () -> Unit,
    onInfoClick: () -> Unit,
    onDeleteClick: () -> Unit,",,
pilot-0136,missing_interaction_semantics,zhishengplus__ZhishengWeather,zhishengplus__ZhishengWeather/app/src/main/kotlin/com/zhisheng/weather/ui/SettingsScreen.kt,LandscapeSettingsRail,.clickable without onClickLabel,"/** 横屏专用索引：常规横屏完整露出四类，极矮窗口仍可滚动访问，右侧只滚当前类别。 */
@Composable
private fun LandscapeSettingsRail(
    selected: Int,
    onSelected: (Int) -> Unit,
    modifier: Modifier = Modifier,
) {
    val sections = listOf(
        Triple(""01//"", ""数据与位置"", ""DATA / LOCATION""),
        Triple(""02//"", ""首页内容"", ""HOME CONTENT""),
        Triple(""03//"", ""外观与设备"", ""DISPLAY / DEVICE""),
        Triple(""04//"", ""关于枳生"", ""ABOUT""),
    )
    LazyColumn(
        modifier = modifier.background(ZhishengSurface.copy(alpha = 0.72f)).padding(8.dp),
        verticalArrangement = Arrangement.spacedBy(4.dp),",,
pilot-0181,missing_state_description,chmouel__noise-timer,chmouel__noise-timer/app/src/main/kotlin/com/chmouel/noisetimer/MainActivity.kt,NoiseTimerScreen,Switch without stateDescription,"
@Composable
fun NoiseTimerScreen() {
    val context = LocalContext.current
    val state by NoiseEngine.state.collectAsStateWithLifecycle()
    var customMinutesText by remember { mutableStateOf("""") }

    // Play/Pause are the only actions that need to go through the service,
    // since starting/stopping the foreground service (and its lifetime) is
    // the service's whole job.
    fun sendPlaybackAction(action: String) {
        NoiseService.start(context, action)
    }

    val accent by animateColorAsState(state.noiseType.accent(), tween(600), label = ""accent"")
    val background = MaterialTheme.colorScheme.background",,
pilot-0147,missing_merge_descendants,GetStream__whatsApp-clone-compose,GetStream__whatsApp-clone-compose/features/calls/src/main/kotlin/io/getstream/whatsappclone/calls/WhatsAppCallHistory.kt,WhatsAppCallHistory,"clickable Row with 2 Text children, no mergeDescendants","
@Composable
fun WhatsAppCallHistory(
  whatsAppUser: WhatsAppUser,
  onItemClicked: () -> Unit
) {
  Box {
    Row(
      modifier = Modifier
        .fillMaxSize()
        .clickable { onItemClicked() }
        .padding(12.dp),
      verticalAlignment = Alignment.CenterVertically
    ) {
      GlideImage(
        modifier = Modifier",,
pilot-0028,color_contrast,ArcaDone__AwesomeUI,ArcaDone__AwesomeUI/sharedUI/src/commonMain/kotlin/com/arcadone/awesomeui/components/chart/progreessionchart/ProgressionChartDoubleGesture.kt,FullAnalyticsPreview,4 hardcoded Color literals with Text,"@Preview(name = ""Premium Analytics Preview"", showBackground = true)
@Composable
fun FullAnalyticsPreview() {
    val analyticsData = listOf(
        ChartDataPoint(45f, ""Jan 01""),
        ChartDataPoint(52f, ""Jan 05""),
        ChartDataPoint(48f, ""Jan 10""),
        ChartDataPoint(65f, ""Jan 15""),
        ChartDataPoint(82f, ""Jan 20""),
        ChartDataPoint(78f, ""Jan 25""),
        ChartDataPoint(95f, ""Jan 30""),
    )

    var currentRange by remember {
        mutableStateOf<RangeSelectionData?>(RangeSelectionData(65f, 78f, ""Jan 15"", ""Jan 25"", 13f))
    }",,
pilot-0012,clickable_icon_not_iconbutton,IacobIonut01__ReFra,IacobIonut01__ReFra/app/src/main/kotlin/com/dot/gallery/cloud/ui/people/PeopleListScreen.kt,PersonGridItem,Icon made clickable directly instead of IconButton,"@OptIn(ExperimentalGlideComposeApi::class)
@Composable
private fun PersonGridItem(
    person: PersonInfo,
    onClick: () -> Unit
) {
    Column(
        horizontalAlignment = Alignment.CenterHorizontally,
        verticalArrangement = Arrangement.spacedBy(16.dp)
    ) {
        if (person.thumbnailUrl != null) {
            GlideImage(
                model = person.thumbnailUrl.toUri(),
                contentDescription = person.name,
                modifier = Modifier
                    .size(100.dp)",,
pilot-0271,textfield_no_label,KaushalVasava__XPhotogram,KaushalVasava__XPhotogram/app/src/main/java/com/lahsuak/apps/instagram/ui/screen/CreateTweetScreen.kt,CreateTweetScreen,TextField with placeholder but no label,"@OptIn(ExperimentalMaterial3Api::class)
@Composable
fun CreateTweetScreen(homeViewModel: HomeViewModel, navController: NavController) {
    val user = DemoData.demoUser
    var text by rememberSaveable {
        mutableStateOf("""")
    }
    Scaffold(
        floatingActionButton = {
            FloatingActionButton(onClick = {
                homeViewModel.updateTweet(
                    tweet = Tweet(description = text, userId = user.id)
                )
                navController.popBackStack()
            }) {
                Icon(Icons.Default.Done, contentDescription = ""Add"")",,
pilot-0019,clickable_icon_not_iconbutton,Pool-Of-Tears__Myne,Pool-Of-Tears__Myne/app/src/main/java/com/starry/myne/ui/screens/settings/composables/AboutScreen.kt,LinkButton,Icon made clickable directly instead of IconButton,"
@Composable
private fun LinkButton(
    text: String,
    icon: ImageVector,
    onClick: () -> Unit,
) {
    Row(
        verticalAlignment = Alignment.CenterVertically,
        modifier = Modifier
            .clickable { onClick() }
            .padding(all = 4.dp),
    ) {
        Icon(
            imageVector = icon,
            contentDescription = null,",,
pilot-0117,missing_heading_semantics,wisnukurniawan__Compose-ToDo,wisnukurniawan__Compose-ToDo/app/src/main/java/com/wisnu/kurniawan/composetodolist/features/todo/step/ui/StepScreenExp.kt,TaskCell,headlineSmall text without heading(),"
@Composable
private fun TaskCell(
    name: TextFieldValue,
    color: Color,
    leftIcon: ImageVector,
    onValueChange: (TextFieldValue) -> Unit,
    onFocusChanged: (FocusState) -> Unit,
    onStatusClick: () -> Unit
) {
    val focusManager = LocalFocusManager.current

    Column {
        Row(
            verticalAlignment = Alignment.CenterVertically,
            modifier = Modifier.padding(all = 8.dp)",,
pilot-0121,missing_interaction_semantics,isotjs__todosian-app,isotjs__todosian-app/app/src/main/java/com/isotjs/todosian/ui/settings/SettingsScreen.kt,SettingsScreen,.clickable without onClickLabel,"@OptIn(ExperimentalMaterial3Api::class)
@Composable
fun SettingsScreen(
    fileRepository: FileRepository,
    appSettingsRepository: AppSettingsRepository,
    preferencesManager: PreferencesManager,
    onBack: () -> Unit,
    onRequireOnboarding: () -> Unit,
    modifier: Modifier = Modifier,
) {
    val viewModel: SettingsViewModel = viewModel(
        factory = SettingsViewModelFactory(fileRepository),
    )

    var showChangelogSheet by remember { mutableStateOf(false) }
",,
pilot-0201,pointerinput_no_semantics,msusman1__Amadz,msusman1__Amadz/app/src/main/java/com/talsk/amadz/ui/home/KeyPad.kt,RowScope,detectTapGestures without semantics/Role,"
@Composable
fun RowScope.DialButton(
    title: Char,
    subtitle: String,
    onTapDown: (Char) -> Unit,
    onTapUp: () -> Unit
) {
    val interactionSource = remember { MutableInteractionSource() }

    Column(
        modifier = Modifier
            .weight(1f)
            .height(56.dp)
            .background(
                shape = RoundedCornerShape(16.dp),",,
pilot-0230,progress_no_semantics,RisorseArtificiali__anti-vocale,RisorseArtificiali__anti-vocale/app/src/main/java/com/antivocale/app/ui/components/ModelVariantCard.kt,DownloadProgressView,LinearProgressIndicator without progressSemantics," */
@Composable
internal fun DownloadProgressView(
    downloadState: DownloadState,
    downloadProgress: Float,
    showExtractingFileSize: Boolean = false
) {
    when (val state = downloadState) {
        is DownloadState.Downloading -> {
            // TASK-384: talkback reads the same percentage the sighted UI shows
            val percentText = ""${(downloadProgress * 100).toInt()}%""
            Column(verticalArrangement = Arrangement.spacedBy(4.dp)) {
                Row(
                    modifier = Modifier.fillMaxWidth(),
                    horizontalArrangement = Arrangement.SpaceBetween
                ) {",,
pilot-0189,missing_state_description,shardulvs__pdfinspector-android,shardulvs__pdfinspector-android/app/src/main/java/SVS/pdfinspector/ui/ElementEditSheet.kt,ElementEditSheet,Checkbox without stateDescription,"@OptIn(ExperimentalMaterial3Api::class)
@Composable
fun ElementEditSheet(
    target: EditTarget,
    onApply: (EditRequest) -> Unit,
    onImportFont: (Uri) -> Unit,
    onDismiss: () -> Unit,
) {
    val caps = target.caps
    val id = target.node.id
    var x by remember(id) { mutableStateOf(fmt(target.x)) }
    var y by remember(id) { mutableStateOf(fmt(target.y)) }
    var w by remember(id) { mutableStateOf(fmt(target.w)) }
    var h by remember(id) { mutableStateOf(fmt(target.h)) }
    var fill by remember(id) { mutableStateOf(target.fillArgb?.let(::argbToHex) ?: """") }
    var stroke by remember(id) { mutableStateOf(target.strokeArgb?.let(::argbToHex) ?: """") }",,
pilot-0266,textfield_no_label,beradeep__aiyo,beradeep__aiyo/ui/src/main/java/com/beradeep/aiyo/ui/screens/chat/components/RenameConversationDialog.kt,RenameConversationDialog,OutlinedTextField with placeholder but no label,"
@Composable
fun RenameConversationDialog(
    initial: String,
    onSave: (String) -> Unit,
    onDismiss: () -> Unit
) {
    var key by remember { mutableStateOf(initial) }
    AlertDialog(
        onDismissRequest = onDismiss,
        onConfirmClick = { onSave(key) },
        title = ""Rename conversation"",
        text = ""Rename conversation"",
        confirmButtonText = ""Rename"",
        dismissButtonText = ""Cancel"",
        content = {",,
pilot-0083,missing_content_description,gininaba__AIPOSPasswordManager,gininaba__AIPOSPasswordManager/app/src/main/java/com/aipos/aipospm/ui/screens/AddEditPasswordScreen.kt,AddEditPasswordScreen,contentDescription = null,"@OptIn(ExperimentalMaterial3Api::class)
@Composable
fun AddEditPasswordScreen(
    passwordViewModel: PasswordViewModel,
    categoryViewModel: CategoryViewModel,
    passwordId: Int?,
    onNavigateBack: () -> Unit,
    onNavigateToGenerator: () -> Unit
) {
    val uiState by passwordViewModel.uiState.collectAsStateWithLifecycle()
    val categories by categoryViewModel.categories.collectAsStateWithLifecycle()
    val snackbarHostState = remember { SnackbarHostState() }

    var title by rememberSaveable { mutableStateOf("""") }
    var username by rememberSaveable { mutableStateOf("""") }
    var password by rememberSaveable { mutableStateOf("""") }",,
pilot-0169,missing_semantics_role,Waboodoo__HTTP-Shortcuts,Waboodoo__HTTP-Shortcuts/HTTPShortcuts/app/src/main/kotlin/ch/rmy/android/http_shortcuts/activities/documentation/DocumentationScreen.kt,SearchBar,.clickable without Role,"
@Composable
private fun SearchBar(
    modifier: Modifier = Modifier,
    query: String,
    results: Pair<Int, Int>?,
    onQueryChanged: (String?) -> Unit,
    onNext: (SearchDirection) -> Unit,
) {
    val focusRequester = remember {
        FocusRequester()
    }
    val keyboard = LocalSoftwareKeyboardController.current

    Row(
        modifier = Modifier",,
pilot-0167,missing_semantics_role,NicosNicolaou16__Pokedex_Compose,NicosNicolaou16__Pokedex_Compose/app/src/main/java/com/nicos/pokedex_compose/presentation/generic_compose_views/Toolbar.kt,CustomToolbar,.clickable without Role,"@OptIn(ExperimentalMaterial3Api::class)
@Composable
fun CustomToolbar(title: Int, backButton: (() -> Unit)? = null) {
    CenterAlignedTopAppBar(
        title = {
            Text(
                stringResource(title),
                style = TextStyle(
                    color = Color.White,
                    fontWeight = FontWeight.Bold,
                    fontSize = 21.sp
                )
            )
        },
        navigationIcon = {
            if (backButton != null)",,
pilot-0100,missing_content_description,Chesire__Nekome,Chesire__Nekome/features/login/src/main/java/com/chesire/nekome/app/login/credentials/ui/CredentialsScreen.kt,PasswordInput,contentDescription = null,"
@Composable
private fun PasswordInput(
    password: String,
    isLoggingIn: Boolean,
    isPasswordError: Boolean,
    onPasswordChanged: (String) -> Unit,
    onLoginPressed: () -> Unit
) {
    val keyboardController = LocalSoftwareKeyboardController.current
    var passwordVisible by rememberSaveable { mutableStateOf(false) }
    OutlinedTextField(
        value = password,
        onValueChange = onPasswordChanged,
        leadingIcon = {
            Icon(",,
pilot-0135,missing_interaction_semantics,Antoine-lab-pixel__BoxingClock,Antoine-lab-pixel__BoxingClock/app/src/main/java/com/antoinelabpixel/boxingclock/ui/screens/SettingsScreen.kt,SettingRow,.clickable without onClickLabel,"
@Composable
private fun SettingRow(label: String, value: String, onClick: () -> Unit) {
    Row(
        modifier = Modifier
            .fillMaxWidth()
            .clickable(onClick = onClick)
            .padding(horizontal = 16.dp, vertical = 20.dp),
        horizontalArrangement = Arrangement.SpaceBetween,
        verticalAlignment = Alignment.CenterVertically
    ) {
        Text(label, fontSize = 20.sp, fontWeight = FontWeight.Bold)
        Text(value, fontSize = 20.sp, color = MaterialTheme.colorScheme.primary)
    }
}
",,
pilot-0202,pointerinput_no_semantics,wisnukurniawan__Compose-Expense,wisnukurniawan__Compose-Expense/app/src/main/java/com/wisnu/kurniawan/wallee/features/transaction/detail/ui/TransactionDetailScreen.kt,TransactionDetailScreen,detectTapGestures without semantics/Role,"
@Composable
fun TransactionDetailScreen(
    viewModel: TransactionDetailViewModel,
    onClosePage: () -> Unit,
    onCancelClick: () -> Unit,
    onAccountSectionClick: () -> Unit,
    onAddAccountClick: () -> Unit,
    onCategorySectionClick: () -> Unit,
    onTransferAccountSectionClick: () -> Unit,
) {
    val state by viewModel.state.collectAsStateWithLifecycle()

    val focusRequester = remember { FocusRequester() }
    val localFocusManager = LocalFocusManager.current
    val activity = LocalContext.current as AppCompatActivity",,
pilot-0213,pointerinput_no_semantics,dmzz-yyhyy__LightNovelReader,dmzz-yyhyy__LightNovelReader/app/src/main/kotlin/indi/dmzz_yyhyy/lightnovelreader/ui/components/ElasticContainer.kt,ElasticPressContainer,detectTapGestures without semantics/Role,"
@Composable
fun ElasticPressContainer(
    pagerState: PagerState,
    modifier: Modifier = Modifier,
    content: @Composable BoxScope.() -> Unit
) {
    var pressed by remember { mutableStateOf(false) }
    val targetScale =
        when {
            pressed -> 0.98f
            pagerState.isScrollInProgress -> 0.97f
            else -> 1f
        }

    val scale by animateFloatAsState(",,
pilot-0298,touch_target_size,GetStream__stream-draw-android,GetStream__stream-draw-android/app/src/main/kotlin/io/getstream/streamdraw/ui/components/SketchbookControlMenu.kt,SketchbookControlMenu,size(40.dp) on interactive element,"
@Composable
fun SketchbookControlMenu(
    controller: SketchbookController,
) {
    val context = LocalContext.current
    Row(
        modifier = Modifier
            .fillMaxWidth()
            .padding(10.dp),
        horizontalArrangement = Arrangement.SpaceAround,
        verticalAlignment = Alignment.CenterVertically
    ) {
        Icon(
            modifier = Modifier
                .clickable {",,
pilot-0178,missing_semantics_role,THEbluefirestudios__memeboard-fdroid,THEbluefirestudios__memeboard-fdroid/app/src/main/java/com/bluefirestudios/memeboard/MainActivity.kt,SoundButton,.clickable without Role,"@OptIn(ExperimentalFoundationApi::class)
@Composable
fun SoundButton(
    sound: SoundItem,
    isEditMode: Boolean,
    isDragged: Boolean,
    onRemove: () -> Unit,
    onRename: () -> Unit,
    onClick: () -> Unit,
    onBoundsReported: (rootX: Float, rootY: Float, w: Float, h: Float) -> Unit
) {
    val haptic = LocalHapticFeedback.current

    LaunchedEffect(isDragged) {
        if (isDragged) haptic.performHapticFeedback(HapticFeedbackType.LongPress)
    }",,
pilot-0066,error_state_no_semantics,wisnukurniawan__Compose-ToDo,wisnukurniawan__Compose-ToDo/app/src/main/java/com/wisnu/kurniawan/composetodolist/features/login/ui/LoginScreen.kt,LoginScreen,isError set without semantics { error(...) },"
@Composable
fun LoginScreen(viewModel: LoginViewModel, onNavigateToDashboard: () -> Unit) {
    val state by viewModel.state.collectAsStateWithLifecycle()

    LoginScreen(
        state = state,
        onEmailChanged = { viewModel.dispatch(LoginAction.ChangeEmail(it)) },
        onPasswordChanged = { viewModel.dispatch(LoginAction.ChangePassword(it)) },
        onPasswordImeAction = { viewModel.dispatch(LoginAction.ClickImePasswordDone) },
        onClickLogin = { viewModel.dispatch(LoginAction.ClickLogin) }
    )

    HandleEffect(viewModel) {
        when (it) {
            LoginEffect.NavigateToDashboard -> {",,
pilot-0004,clickable_icon_not_iconbutton,jordond__MaterialKolor,jordond__MaterialKolor/builder/shared/src/commonMain/kotlin/com/materialkolor/builder/ui/home/components/ContrastSelector.kt,ContrastButton,Icon made clickable directly instead of IconButton,"
@Composable
private fun ContrastButton(
    contrast: Contrast,
    isSelected: Boolean,
    onClick: () -> Unit,
    modifier: Modifier = Modifier,
) {
    val containerColor by animateColorAsState(
        if (isSelected) MaterialTheme.colorScheme.tertiary
        else MaterialTheme.colorScheme.tertiaryContainer,
    )

    val contentColor by animateColorAsState(
        if (isSelected) MaterialTheme.colorScheme.onTertiary
        else MaterialTheme.colorScheme.onTertiaryContainer,",,
pilot-0160,missing_merge_descendants,zhishengplus__ZhishengWeather,zhishengplus__ZhishengWeather/app/src/main/kotlin/com/zhisheng/weather/ui/ContributorsDialog.kt,ContributorsDialog,"clickable Row with 2 Text children, no mergeDescendants","
@Composable
fun ContributorsDialog(onClose: () -> Unit) {
    Dialog(
        onDismissRequest = onClose,
        properties = DialogProperties(usePlatformDefaultWidth = false),
    ) {
        BoxWithConstraints(
            modifier = Modifier
                .fillMaxSize()
                .background(ZhishengBg.copy(alpha = 0.82f))
                .safeDrawingPadding()
                .padding(12.dp),
            contentAlignment = Alignment.Center,
        ) {
            val panelMaxHeight = minOf(maxHeight - 24.dp, 620.dp)",,
pilot-0098,missing_content_description,Dking08__croc-app,Dking08__croc-app/app/src/main/java/com/dking/crocapp/ui/components/TransferProgressCard.kt,TransferHeader,contentDescription = null,"
@Composable
private fun TransferHeader(
    icon: androidx.compose.ui.graphics.vector.ImageVector,
    iconTint: androidx.compose.ui.graphics.Color,
    iconBackground: androidx.compose.ui.graphics.Color,
    title: String,
    subtitle: String?,
    titleColor: androidx.compose.ui.graphics.Color = MaterialTheme.colorScheme.onSurface,
    showLegacyBadge: Boolean = false
) {
    Row(
        modifier = Modifier.fillMaxWidth(),
        verticalAlignment = Alignment.CenterVertically
    ) {
        Box(",,
pilot-0072,error_state_no_semantics,SachinRupani__LoginWithJetpackCompose,SachinRupani__LoginWithJetpackCompose/app/src/main/java/com/jodhpurtechies/composelogin/ui/screens/unauthenticated/registration/RegistrationInputs.kt,RegistrationInputs,isError set without semantics { error(...) },"
@Composable
fun RegistrationInputs(
    registrationState: RegistrationState,
    onEmailIdChange: (String) -> Unit,
    onMobileNumberChange: (String) -> Unit,
    onPasswordChange: (String) -> Unit,
    onConfirmPasswordChange: (String) -> Unit,
    onSubmit: () -> Unit,
) {
    // Login Inputs Section
    Column(modifier = Modifier.fillMaxWidth()) {

        // Email ID
        EmailTextField(
            modifier = Modifier",,
pilot-0007,clickable_icon_not_iconbutton,zhishengplus__ZhishengWeather,zhishengplus__ZhishengWeather/app/src/main/kotlin/com/zhisheng/weather/ui/RadarScreen.kt,RadarIconAction,Icon made clickable directly instead of IconButton,"
@Composable
private fun RadarIconAction(icon: ImageVector, description: String, onClick: () -> Unit) {
    val palette = LocalZhishengPalette.current
    Box(
        Modifier.size(44.dp).background(palette.surface.copy(alpha = 0.94f)).border(1.dp, palette.cardBorder)
            .clickable(role = Role.Button, onClickLabel = description, onClick = onClick),
        contentAlignment = Alignment.Center,
    ) {
        Icon(icon, contentDescription = null, tint = palette.text)
    }
}

@Composable
private fun RadarTextAction(label: String, description: String, onClick: () -> Unit) {
    val palette = LocalZhishengPalette.current",,
pilot-0263,textfield_no_label,norsehorse-dev__BurnPonyAndroid,norsehorse-dev__BurnPonyAndroid/app/src/main/kotlin/com/burnpony/app/ui/settings/SettingsScreen.kt,SettingsScreen,TextField with placeholder but no label,"@OptIn(ExperimentalMaterial3Api::class)
@Composable
fun SettingsScreen(
    viewModel: SettingsViewModel,
    onOpenLegal: (LegalDocument) -> Unit,
) {
    val context = LocalContext.current
    val serverBaseUrl by viewModel.serverBaseUrl.collectAsStateWithLifecycle()
    val serverField by viewModel.serverField.collectAsStateWithLifecycle()
    val serverProblem by viewModel.serverProblem.collectAsStateWithLifecycle()
    val proxyMode by viewModel.proxyMode.collectAsStateWithLifecycle()
    val proxyHost by viewModel.proxyHost.collectAsStateWithLifecycle()
    val proxyPort by viewModel.proxyPort.collectAsStateWithLifecycle()
    val proxyUsername by viewModel.proxyUsername.collectAsStateWithLifecycle()
    val proxyPassword by viewModel.proxyPassword.collectAsStateWithLifecycle()
",,
pilot-0172,missing_semantics_role,Darkrock-Studios__FastTrack,Darkrock-Studios__FastTrack/app/src/main/java/com/darkrockstudios/apps/fasttrack/screens/settings/SettingsScreen.kt,SettingsActionItem,.clickable without Role,"
@Composable
private fun SettingsActionItem(
	@StringRes headline: Int,
	@StringRes details: Int,
	onClick: () -> Unit
) {
	ListItem(
		headlineContent = {
			Text(
				text = stringResource(id = headline),
				style = MaterialTheme.typography.labelLarge,
				fontWeight = FontWeight.Bold
			)
		},
		supportingContent = {",,
pilot-0196,missing_state_description,alorma__Compose-Settings,alorma__Compose-Settings/samples/shared/src/commonMain/kotlin/com/alorma/compose/settings/sample/shared/SettingsScreenExpressive.kt,SettingsCheckboxSampleSectionExpressive,Checkbox without stateDescription,"@OptIn(ExperimentalMaterial3ExpressiveApi::class)
@Composable
private fun SettingsCheckboxSampleSectionExpressive(
  colors: ListItemColors,
) {
  SampleSection(
    title = ""SettingsCheckbox (Expressive)"",
    verticalArrangement = Arrangement.spacedBy(ListItemDefaults.SegmentedGap),
  ) {
    val state = remember { mutableStateOf(false) }
    SettingsCheckbox(
      state = state.value,
      colors = colors,
      shapes = ListItemDefaults.segmentedShapes(0, 2),
      title = { Text(text = ""Checkbox"") },
      subtitle = { Text(text = ""Checkbox subtitle"") },",,
pilot-0154,missing_merge_descendants,jordond__MaterialKolor,jordond__MaterialKolor/builder/shared/src/commonMain/kotlin/com/materialkolor/builder/ui/components/ColorPicker.kt,ColorPickerDialog,"clickable Row with 2 Text children, no mergeDescendants","
@Composable
fun ColorPickerDialog(
    state: ColorPickerState?,
    onColorChanged: (Color) -> Unit,
    onDismiss: () -> Unit,
    toggleMode: () -> Unit,
    selectImage: () -> Unit,
    modifier: Modifier = Modifier,
    controller: ColorPickerController = rememberColorPickerController(),
) {
    if (state != null) {
        ColorPickerDialog(
            state = state,
            onColorChanged = onColorChanged,
            onConfirm = onDismiss,",,
pilot-0159,missing_merge_descendants,MohamadOday__iris-gallery,MohamadOday__iris-gallery/app/src/main/java/com/iris/gallery/ui/ExifEditorSheet.kt,ExifEditorSheet,"clickable Column with 2 Text children, no mergeDescendants","@OptIn(ExperimentalMaterial3Api::class)
@Composable
fun ExifEditorSheet(
    image: MediaImage,
    exif: ExifMetadata?,
    onDismiss: () -> Unit,
    onSave: (ExifEditRequest) -> Unit,
) {
    val sheetState = rememberModalBottomSheetState(skipPartiallyExpanded = true)
    val dateFormat = remember { SimpleDateFormat(""yyyy-MM-dd HH:mm"", Locale.getDefault()) }

    var selectedTab by remember { mutableIntStateOf(0) }
    var showStripDialog by remember { mutableStateOf(false) }

    // File & MediaStore State
    var fileName by remember(image.id) { mutableStateOf(image.name) }",,
pilot-0193,missing_state_description,isotjs__todosian-app,isotjs__todosian-app/app/src/main/java/com/isotjs/todosian/ui/settings/SettingsScreen.kt,SettingsScreen,Switch without stateDescription,"@OptIn(ExperimentalMaterial3Api::class)
@Composable
fun SettingsScreen(
    fileRepository: FileRepository,
    appSettingsRepository: AppSettingsRepository,
    preferencesManager: PreferencesManager,
    onBack: () -> Unit,
    onRequireOnboarding: () -> Unit,
    modifier: Modifier = Modifier,
) {
    val viewModel: SettingsViewModel = viewModel(
        factory = SettingsViewModelFactory(fileRepository),
    )

    var showChangelogSheet by remember { mutableStateOf(false) }
",,
pilot-0170,missing_semantics_role,iOrchid__android-jetpack-demo,iOrchid__android-jetpack-demo/compose/src/main/java/org/zhiwei/compose/screen/basic/SurfaceShapeClickable.kt,SurfaceCase,.clickable without Role," */
@Composable
private fun SurfaceCase() {
    Text(text = ""Surface"", fontSize = 20.sp, fontWeight = FontWeight.Bold)
    Text(
        text = ""1、Surface可理解为绘制面板，它可对其内部控件进行形状的裁剪。"",
        fontSize = 12.sp,
        fontWeight = FontWeight.Light
    )
    //使用同一个modifier的基本图形，来设置不同的shape
    Row {
        val modifier = Modifier
            .aspectRatio(1.0f)//宽高比1:1
            .weight(1f)//让内部每个compose组件都占据相等的权重空间
            .padding(12.dp)//加个padding
        //注意compose的shape选择，是androidx.compose包下的，而不是Android传统graphic包下的。当然你选错了IDE也会提示。",,
pilot-0062,error_state_no_semantics,IacobIonut01__ReFra,IacobIonut01__ReFra/app/src/main/kotlin/com/dot/gallery/cloud/ui/CloudAddServerScreen.kt,ServerStep,isError set without semantics { error(...) },"
@Composable
private fun ServerStep(
    state: AddServerUiState,
    descriptor: com.dot.gallery.cloud.ui.descriptor.ProviderUiDescriptor,
    isUrlValid: Boolean,
    viewModel: CloudAccountsViewModel
) {
    AppTextField(
        value = state.serverUrl,
        onValueChange = viewModel::updateServerUrl,
        label = { Text(stringResource(R.string.cloud_server_url)) },
        placeholder = { Text(stringResource(descriptor.urlHintRes)) },
        modifier = frostedFieldModifier(),
        containerColor = Color.Transparent,
        singleLine = true,",,
pilot-0216,pointerinput_no_semantics,crome1394__point-forecast,crome1394__point-forecast/forecast-point/app/src/main/java/com/crome/forecastpoint/ui/screens/SettingsScreen.kt,HourlyTabConfigEditor,detectTapGestures without semantics/Role," */
@Composable
private fun HourlyTabConfigEditor(
    config: List<HourlyTabConfigItem>,
    onConfigChange: (List<HourlyTabConfigItem>) -> Unit,
) {
    var items by remember { mutableStateOf(config) }
    val density = LocalDensity.current
    val rowHeightPx = with(density) { 56.dp.toPx() }
    var draggingIndex by remember { mutableIntStateOf(-1) }
    var dragOffsetY by remember { mutableFloatStateOf(0f) }
    LaunchedEffect(config) {
        if (draggingIndex < 0 && config != items) items = config
    }

    fun commit(next: List<HourlyTabConfigItem>) {",,
pilot-0099,missing_content_description,BlazeCodeDev__TSViewer,BlazeCodeDev__TSViewer/app/src/main/java/com/blazecode/tsviewer/views/EditTextPreference.kt,EditTextPreference,Icon() without contentDescription,"@OptIn(ExperimentalMaterial3Api::class)
@Composable
fun EditTextPreference(
    modifier: Modifier = Modifier,
    title: String,
    text: String? = null,
    placeholder: String? = null,
    icon: Painter? = null,
    showSummary: Boolean? = true,
    isPassword: Boolean? = false,
    isNumber: Boolean? = false,
    singleLine: Boolean = false,
    onTextChange: (String) -> Unit){

    val isDialogVisible = remember { mutableStateOf(false) }
    val prefilledText = text ?: """"",,
pilot-0008,clickable_icon_not_iconbutton,norsehorse-dev__BurnPonyAndroid,norsehorse-dev__BurnPonyAndroid/app/src/main/kotlin/com/burnpony/app/ui/compose/ComposeScreen.kt,OptionBadge,Icon made clickable directly instead of IconButton,"
@Composable
private fun OptionBadge(icon: ImageVector, onClick: () -> Unit) {
    Box(
        modifier = Modifier
            .size(32.dp)
            .background(BurnPonyTheme.fieldBackground, CircleShape)
            .border(1.dp, BurnPonyTheme.line, CircleShape)
            .clickable(onClick = onClick),
        contentAlignment = Alignment.Center,
    ) {
        Icon(icon, null, tint = BurnPonyTheme.ember, modifier = Modifier.size(15.dp))
    }
}

@Composable",,
pilot-0110,missing_heading_semantics,MohamadOday__iris-gallery,MohamadOday__iris-gallery/app/src/main/java/com/iris/gallery/ui/AboutScreen.kt,AboutScreen,headlineMedium text without heading(),"@OptIn(ExperimentalMaterial3Api::class)
@Composable
fun AboutScreen(
    padding: PaddingValues = PaddingValues(0.dp),
    onBack: () -> Unit
) {
    val context = LocalContext.current
    var eggClicks by remember { mutableIntStateOf(0) }
    var activeToast by remember { mutableStateOf<Toast?>(null) }
    var showEasterEggSheet by remember { mutableStateOf(false) }
    val sheetState = rememberModalBottomSheetState(skipPartiallyExpanded = true)
    val scope = rememberCoroutineScope()

    fun openUrl(url: String) {
        val intent = Intent(Intent.ACTION_VIEW, Uri.parse(url)).apply {
            addFlags(Intent.FLAG_ACTIVITY_NEW_TASK)",,
pilot-0286,touch_target_size,gininaba__AIPOSPasswordManager,gininaba__AIPOSPasswordManager/app/src/main/java/com/aipos/aipospm/ui/screens/PasswordDetailScreen.kt,PasswordDetailScreen,size(18.dp) on interactive element,"@OptIn(ExperimentalMaterial3Api::class)
@Composable
fun PasswordDetailScreen(
    passwordViewModel: PasswordViewModel,
    passwordId: Int,
    onNavigateBack: () -> Unit,
    onNavigateToEdit: (Int) -> Unit
) {
    val uiState by passwordViewModel.uiState.collectAsStateWithLifecycle()
    val snackbarHostState = remember { SnackbarHostState() }
    val scope = rememberCoroutineScope()
    val context = LocalContext.current
    var passwordVisible by rememberSaveable { mutableStateOf(false) }
    var showDeleteDialog by rememberSaveable { mutableStateOf(false) }
    var isPasswordCopied by remember { mutableStateOf(false) }
    var isTotpCopied by remember { mutableStateOf(false) }",,
pilot-0014,clickable_icon_not_iconbutton,maxwhipw__marmalade-tts-android,maxwhipw__marmalade-tts-android/app/src/main/java/app/marmalade/tts/ui/screen/SpeakScreen.kt,PersonaSheet,Icon made clickable directly instead of IconButton,"@OptIn(ExperimentalMaterial3Api::class)
@Composable
private fun PersonaSheet(
    personas: List<SpeakViewModel.Persona>,
    activeId: String?,
    onPick: (String) -> Unit,
    onPickVoice: () -> Unit,
    onCreate: () -> Unit,
    onDismiss: () -> Unit,
) {
    ModalBottomSheet(onDismissRequest = onDismiss) {
        Text(
            text = stringResource(R.string.speak_sheet_title),
            style = MaterialTheme.typography.titleMedium,
            modifier = Modifier.padding(start = 24.dp, end = 24.dp, bottom = 4.dp),
        )",,
pilot-0200,missing_state_description,norsehorse-dev__AgePonyAndroid,norsehorse-dev__AgePonyAndroid/app/src/main/java/com/agepony/app/ui/sign/SignFileFlow.kt,SigningKeyRow,RadioButton without stateDescription,"
@Composable
private fun SigningKeyRow(identity: StoredIdentity, selected: Boolean, onSelect: () -> Unit) {
    Row(
        Modifier
            .fillMaxWidth()
            .selectable(selected = selected, onClick = onSelect)
            .padding(vertical = 8.dp),
        verticalAlignment = Alignment.CenterVertically,
    ) {
        RadioButton(selected = selected, onClick = onSelect)
        Column(Modifier.padding(start = 4.dp)) {
            Text(identity.name, style = MaterialTheme.typography.bodyLarge)
            Text(
                signingTypeLabel(identity.type),
                style = MaterialTheme.typography.bodySmall,",,
pilot-0173,missing_semantics_role,uditbhaskar__Whizzz-The-ChatApp,uditbhaskar__Whizzz-The-ChatApp/core/ui/src/main/kotlin/com/example/whizzz/core/ui/WhizzzProfileGroupedFields.kt,WhizzzProfileDetailRow,.clickable without Role," */
@Composable
fun WhizzzProfileDetailRow(
    label: String,
    value: String,
    modifier: Modifier = Modifier,
    onClick: (() -> Unit)? = null,
    valueMaxLines: Int = Int.MAX_VALUE,
    showChevron: Boolean = false,
) {
    val rowModifier =
        if (onClick != null) {
            modifier.clickable(onClick = onClick)
        } else {
            modifier
        }",,
pilot-0038,color_contrast,kursatkumsuz__crypto-portfolio-jetpack-compose,kursatkumsuz__crypto-portfolio-jetpack-compose/feature/portfolio/src/main/java/com/kursatkumsuz/portfolio/PortfolioScreen.kt,CurrentBalanceCard,2 hardcoded Color literals with Text,"
@Composable
fun CurrentBalanceCard(
    lastBalance: Double,
    buyingPrice: Double,
    profit: Double,
) {
    val formattedLastBalance = formatPrice(lastBalance)
    val formattedBuyingPrice = formatPrice(buyingPrice)

    Card(
        modifier = Modifier
            .size(340.dp, 180.dp),
        shape = RoundedCornerShape(16.dp),
    ) {
        Column(",,
pilot-0207,pointerinput_no_semantics,modelorona__TapLock,modelorona__TapLock/app/src/main/java/com/ah/taplock/SettingsComponents.kt,DoubleTapTestArea,detectTapGestures without semantics/Role,"
@Composable
fun DoubleTapTestArea(timeoutMs: Int) {
    val detector = remember { DoubleTapDetector() }
    var showSuccess by remember { mutableStateOf(false) }
    val borderColor = if (showSuccess) Color(0xFF4CAF50) else MaterialTheme.colorScheme.outline

    LaunchedEffect(showSuccess) {
        if (showSuccess) {
            delay(1000)
            showSuccess = false
        }
    }

    Box(
        modifier = Modifier",,
pilot-0229,progress_no_semantics,reactivedroid__TvFlix,reactivedroid__TvFlix/app/src/main/java/com/android/tvflix/main/MainActivity.kt,CenterLoader,CircularProgressIndicator without progressSemantics,"
@Composable
private fun CenterLoader(modifier: Modifier = Modifier.fillMaxSize()) {
    Box(modifier = modifier, contentAlignment = Alignment.Center) {
        CircularProgressIndicator(color = colorResource(id = R.color.colorAccent))
    }
}

@Composable
private fun CenterError(
    text: String,
    showRetry: Boolean = false,
    onRetry: (() -> Unit)? = null
) {
    Box(
        modifier = Modifier",,
pilot-0188,missing_state_description,maxwhipw__marmalade-tts-android,maxwhipw__marmalade-tts-android/app/src/main/java/app/marmalade/tts/ui/screen/AdvancedSettingsScreen.kt,DeveloperEnginesSection,.toggleable without stateDescription," */
@Composable
private fun DeveloperEnginesSection(
    checked: Boolean,
    onCheckedChange: (Boolean) -> Unit,
) {
    SectionHeader(stringResource(R.string.settings_developer))

    ListItem(
        modifier = Modifier.toggleable(
            value = checked,
            role = Role.Switch,
            onValueChange = onCheckedChange,
        ),
        headlineContent = { Text(stringResource(R.string.settings_show_developer_engines)) },
        supportingContent = {",,
pilot-0010,clickable_icon_not_iconbutton,imashnake0__Animite,imashnake0__Animite/profile/src/main/kotlin/com/imashnake/animite/profile/ui/MediaTrackingList.kt,ListOption,Icon made clickable directly instead of IconButton,"
@Composable
private fun ListOptions(
    isReordering: Boolean,
    expandAll: () -> Unit,
    collapseAll: () -> Unit,
    setIsReordering: (Boolean) -> Unit,
    onDone: () -> Unit,
    modifier: Modifier = Modifier
) {
    FlowRow(
        verticalArrangement = Arrangement.Center,
        horizontalArrangement = Arrangement.SpaceBetween,
        modifier = modifier
            .padding(top = LocalPaddings.current.small)
            .padding(vertical = LocalPaddings.current.small)",,
pilot-0192,missing_state_description,EventFahrplan__EventFahrplan,EventFahrplan__EventFahrplan/app/src/main/java/nerd/tuxmobil/fahrplan/congress/settings/widgets/SwitchPreference.kt,SwitchPreference,Switch without stateDescription,"
@Composable
internal fun SwitchPreference(
    title: String,
    checked: Boolean,
    onCheckedChange: (Boolean) -> Unit,
    modifier: Modifier = Modifier,
    subtitle: String? = null,
    showDivider: Boolean = false,
) {
    val interactionSource = remember { MutableInteractionSource() }

    PreferenceItemContainer(
        modifier = modifier,
        showDivider = showDivider,
    ) {",,
pilot-0041,decorative_mislabeled,gininaba__AIPOSPasswordManager,gininaba__AIPOSPasswordManager/app/src/main/java/com/aipos/aipospm/ui/screens/AddEditApiKeyScreen.kt,AddEditApiKeyScreen,"decorative with description ""Create Category""","@OptIn(ExperimentalMaterial3Api::class)
@Composable
fun AddEditApiKeyScreen(
    apiKeyViewModel: ApiKeyViewModel,
    categoryViewModel: CategoryViewModel,
    apiKeyId: Int?,
    onNavigateBack: () -> Unit
) {
    val uiState by apiKeyViewModel.uiState.collectAsStateWithLifecycle()
    val categories by categoryViewModel.categories.collectAsStateWithLifecycle()
    val snackbarHostState = remember { SnackbarHostState() }

    var serviceName by rememberSaveable { mutableStateOf("""") }
    var apiKey by rememberSaveable { mutableStateOf("""") }
    var notes by rememberSaveable { mutableStateOf("""") }
    var selectedCategoryId by rememberSaveable { mutableStateOf<Int?>(null) }",,
pilot-0124,missing_interaction_semantics,maxwhipw__marmalade-tts-android,maxwhipw__marmalade-tts-android/app/src/main/java/app/marmalade/tts/ui/screen/SettingsScreen.kt,AboutSection,.clickable without onClickLabel,"
@Composable
private fun AboutSection(
    onNavigateToLicenses: () -> Unit,
    onNavigateToPrivacy: () -> Unit,
) {
    SectionHeader(stringResource(R.string.settings_about))

    AboutRow(
        label = stringResource(R.string.settings_privacy),
        supporting = stringResource(R.string.settings_privacy_desc),
        leading = {
            Icon(imageVector = MarmaladeIcons.Privacy, contentDescription = null)
        },
        modifier = Modifier.clickable(onClick = onNavigateToPrivacy),
    )",,
pilot-0186,missing_state_description,norsehorse-dev__BurnPonyAndroid,norsehorse-dev__BurnPonyAndroid/app/src/main/kotlin/com/burnpony/app/ui/compose/ComposeScreen.kt,ToggleRow,Switch without stateDescription,"
@Composable
private fun ToggleRow(label: String, checked: Boolean, onCheckedChange: (Boolean) -> Unit) {
    Row(verticalAlignment = Alignment.CenterVertically, modifier = Modifier.fillMaxWidth()) {
        Text(label, color = BurnPonyTheme.ink)
        Spacer(Modifier.weight(1f))
        Switch(
            checked = checked,
            onCheckedChange = onCheckedChange,
            colors = SwitchDefaults.colors(
                checkedTrackColor = BurnPonyTheme.ember,
                checkedThumbColor = BurnPonyTheme.buttonInk,
            ),
        )
    }
}",,
pilot-0125,missing_interaction_semantics,CarGuo__GSYGithubAppCompose,CarGuo__GSYGithubAppCompose/core/ui/src/main/java/com/shuyu/gsygithubappcompose/core/ui/components/RepositoryItem.kt,RepositoryItem,.clickable without onClickLabel,"
@Composable
fun RepositoryItem(
    repoItem: RepoItemDisplayData,
    onClick: () -> Unit,
    modifier: Modifier = Modifier,
) {
    GSYCardItem(
        modifier = modifier
            .clickable(onClick = onClick)
    ) {
        Column(
            modifier = Modifier
                .fillMaxWidth()
                .padding(12.dp)
        ) {",,
pilot-0093,missing_content_description,IacobIonut01__ReFra,IacobIonut01__ReFra/app/src/main/kotlin/com/dot/gallery/cloud/ui/backup/CloudBackupScreen.kt,CloudBackupScreen,contentDescription = null,"@OptIn(ExperimentalMaterial3Api::class)
@Composable
fun CloudBackupScreen(
    onNavigateToAlbumPicker: (configId: Long) -> Unit,
    onNavigateToBackupOptions: () -> Unit,
    onNavigateToUploadDetails: () -> Unit
) {
    val viewModel = hiltViewModel<CloudBackupViewModel>()
    val state by viewModel.uiState.collectAsStateWithLifecycle()
    val scrollBehavior = TopAppBarDefaults.exitUntilCollapsedScrollBehavior(
        state = rememberTopAppBarState()
    )

    Scaffold(
        modifier = Modifier.nestedScroll(scrollBehavior.nestedScrollConnection),
        topBar = {",,
pilot-0151,missing_merge_descendants,gautam84__Foodike,gautam84__Foodike/app/src/main/java/com/example/foodike/presentation/history/components/HistorySection.kt,HistorySection,"clickable Row with 2 Text children, no mergeDescendants","
@Composable
fun HistorySection() {
    Column(
        modifier = Modifier
            .fillMaxSize()
            .padding(16.dp)
    ) {
        Card(
            elevation = 16.dp
        ) {
            Column(
                modifier = Modifier
                    .padding(12.dp)
            ) {
                Row(",,
pilot-0048,decorative_mislabeled,teogor__ceres,teogor__ceres/screen/screen-ui/src/main/kotlin/dev/teogor/ceres/screen/ui/userprefs/UserPrefsScreen.kt,UserPrefScreen,"decorative with description ""Clear Text""","
@Composable
fun UserPrefScreen(
  name: String,
  onNameEdit: (String) -> Unit,
) = ColumnLayoutBase(
  hasScrollbar = false,
  screenName = UserPreferencesScreenRoute.toScreenName(),
) {
  OutlinedTextField(
    value = name,
    onValueChange = { onNameEdit(it) },
    label = { Text(""Name"") },
    keyboardOptions = KeyboardOptions(
      keyboardType = KeyboardType.Text,
      imeAction = ImeAction.Done,",,
pilot-0221,progress_no_semantics,itsluminous__ClearSMS,itsluminous__ClearSMS/app/src/main/kotlin/app/clearsms/ui/inbox/InboxScreen.kt,SortingProgressBanner,LinearProgressIndicator without progressSemantics," */
@Composable
private fun SortingProgressBanner(
    banner: SortingBanner,
    modifier: Modifier = Modifier,
) {
    Surface(
        shape = MaterialTheme.shapes.medium,
        color = MaterialTheme.colorScheme.secondaryContainer,
        modifier = modifier.fillMaxWidth(),
    ) {
        Column(modifier = Modifier.padding(horizontal = 16.dp, vertical = 12.dp)) {
            Text(
                text = stringResource(R.string.inbox_sorting_banner),
                style = MaterialTheme.typography.bodyMedium,
                color = MaterialTheme.colorScheme.onSecondaryContainer,",,
pilot-0092,missing_content_description,MohamadOday__iris-gallery,MohamadOday__iris-gallery/app/src/main/java/com/iris/gallery/ui/AboutScreen.kt,AboutScreen,Icon() without contentDescription,"@OptIn(ExperimentalMaterial3Api::class)
@Composable
fun AboutScreen(
    padding: PaddingValues = PaddingValues(0.dp),
    onBack: () -> Unit
) {
    val context = LocalContext.current
    var eggClicks by remember { mutableIntStateOf(0) }
    var activeToast by remember { mutableStateOf<Toast?>(null) }
    var showEasterEggSheet by remember { mutableStateOf(false) }
    val sheetState = rememberModalBottomSheetState(skipPartiallyExpanded = true)
    val scope = rememberCoroutineScope()

    fun openUrl(url: String) {
        val intent = Intent(Intent.ACTION_VIEW, Uri.parse(url)).apply {
            addFlags(Intent.FLAG_ACTIVITY_NEW_TASK)",,
pilot-0050,decorative_mislabeled,kursatkumsuz__movie,kursatkumsuz__movie/feature/search/src/main/java/com/kursatkumsuz/search/presentation/component/SearchList.kt,MovieListItem,"decorative with description ""Movie Image""","
@Composable
fun MovieListItem(movie: SearchUI, onNavigateDetailScreen: (String) -> Unit) {
    Row(
        modifier = Modifier
            .fillMaxWidth()
            .padding(5.dp)
            .clickable {
                movie.id?.let { onNavigateDetailScreen(it) }
            },
        verticalAlignment = Alignment.CenterVertically
    ) {
        AsyncImage(
            modifier = Modifier
                .size(width = 100.dp, height = 140.dp)
                .clip(",,
pilot-0155,missing_merge_descendants,maxwhipw__marmalade-tts-android,maxwhipw__marmalade-tts-android/app/src/main/java/app/marmalade/tts/ui/screen/AdvancedSettingsScreen.kt,BenchmarkSection,"clickable ListItem with 2 Text children, no mergeDescendants"," */
@Composable
private fun BenchmarkSection(onClick: () -> Unit) {
    SectionHeader(stringResource(R.string.settings_debug))

    ListItem(
        modifier = Modifier.clickable(onClick = onClick),
        headlineContent = { Text(stringResource(R.string.settings_benchmark)) },
        supportingContent = {
            Text(text = stringResource(R.string.settings_benchmark_desc))
        },
        trailingContent = {
            Icon(
                imageVector = Icons.AutoMirrored.Filled.KeyboardArrowRight,
                contentDescription = null,
            )",,
pilot-0224,progress_no_semantics,RisorseArtificiali__anti-vocale,RisorseArtificiali__anti-vocale/app/src/main/java/com/antivocale/app/ui/dialogs/AddAppPreferenceDialog.kt,AddAppPreferenceDialog,CircularProgressIndicator without progressSemantics,"@OptIn(ExperimentalMaterial3Api::class)
@Composable
fun AddAppPreferenceDialog(
    onDismiss: () -> Unit,
    onAppSelected: (String, String) -> Unit
) {
    val context = LocalContext.current
    var searchQuery by remember { mutableStateOf("""") }
    var installedApps by remember { mutableStateOf<List<AppInfo>>(emptyList()) }
    var isLoading by remember { mutableStateOf(true) }

    // Load installed apps
    LaunchedEffect(Unit) {
        withContext(Dispatchers.IO) {
            try {
                val pm = context.packageManager",,
pilot-0079,error_state_no_semantics,chmouel__liseur,chmouel__liseur/app/src/main/kotlin/com/chmouel/liseur/ui/settings/ReadingNavigationScreen.kt,DictionarySiteRow,isError set without semantics { error(...) },"@OptIn(ExperimentalMaterial3Api::class)
@Composable
private fun DictionarySiteRow(baseUrl: String, onBaseUrl: (String) -> Unit) {
    val storedEdition = remember(baseUrl) { WiktionaryEditions.editionOf(baseUrl) }
    var customChosen by remember(baseUrl) { mutableStateOf(storedEdition == null) }
    var expanded by remember { mutableStateOf(false) }
    var typed by remember(baseUrl) { mutableStateOf(if (storedEdition == null) baseUrl else """") }
    val normalised = remember(typed) { DictionaryUrl.normalise(typed) }
    val invalid = typed.isNotBlank() && normalised == null

    // Probed only when the reader commits a choice here — never on
    // merely opening the screen, because a request nobody asked for
    // has no place in this app.
    var probeTarget by remember { mutableStateOf<String?>(null) }
    var probeResult by remember { mutableStateOf<ProbeUi>(ProbeUi.Idle) }
    val client = remember { WiktionaryClient() }",,
pilot-0051,decorative_mislabeled,kursatkumsuz__movie,kursatkumsuz__movie/feature/profile/src/main/java/com/kursatkumsuz/profile/presentation/component/ProfileList.kt,ProfileListItem,"decorative with description ""Button Icon""","
@Composable
fun ProfileListItem(item: Item) {
    Row(
        modifier = Modifier
            .padding(vertical = 10.dp)
            .fillMaxWidth()
    ) {
        Icon(
            painter = painterResource(id = item.icon),
            contentDescription = ""Icon"",
            tint = MaterialTheme.colorScheme.onBackground
        )
        Spacer(modifier = Modifier.width(10.dp))
        Text(text = item.text, color = MaterialTheme.colorScheme.onBackground)
        Spacer(modifier = Modifier.weight(1f))",,
pilot-0055,decorative_mislabeled,UmairKhalid786__ComposeTv,UmairKhalid786__ComposeTv/app/src/main/java/com/techlads/composetv/features/details/ProductDetailsScreen.kt,UserRatingsSection,"decorative with description ""92%""","
@Composable
private fun UserRatingsSection(modifier: Modifier = Modifier, details: Details) {
    Column(modifier) {
        Text(
            modifier = Modifier.padding(bottom = 16.dp, start = 72.dp),
            text = stringResource(R.string.user_ratings),
            style = MaterialTheme.typography.headlineSmall,
            textAlign = TextAlign.Center
        )

        var gridWidth by remember { mutableStateOf(0) }
        val cardCount = 3
        val spacing = 16.dp
        val horizontalPadding = 72.dp
        val density = LocalDensity.current",,
pilot-0292,touch_target_size,axelblatt__MissionAndroid,axelblatt__MissionAndroid/app/src/main/java/com/axelblatt/mission/screen/TimeDialog.kt,TimeDialog,size(12.dp) on interactive element,"@OptIn(ExperimentalMaterial3Api::class)
@Composable
fun TimeDialog(
    taskId: Int,
    timeDialog: MutableState<Boolean>,
    taskViewModel: TaskViewModel,
    timeState: TimePickerState,
    localContext: Context,
    modifier: Modifier
) {
    BasicAlertDialog(
        onDismissRequest = {timeDialog.value = false},
        modifier = modifier.fillMaxWidth(0.9f)
            .clip(RoundedCornerShape(16.dp))
            .background(MaterialTheme.colorScheme.inverseOnSurface)
    ) {",,
pilot-0024,color_contrast,higorslva__biketrackd,higorslva__biketrackd/app/src/main/java/com/biketrackd/app/ui/screens/StatsScreen.kt,StatsScreen,2 hardcoded Color literals with Text,"
@Composable
fun StatsScreen(modifier: Modifier = Modifier) {
    val context = LocalContext.current
    val fontScale = LocalFontScale.current
    val dao = remember { AppDatabase.getInstance(context).pedalSessionDao() }

    val sessions by dao.getAllFlow().collectAsState(initial = emptyList())
    val sessionCount by dao.getSessionCountFlow().collectAsState(initial = 0)
    val totalDist by dao.getTotalDistanceFlow().collectAsState(initial = 0f)
    val totalDur by dao.getTotalDurationFlow().collectAsState(initial = 0L)
    val overallAvg by dao.getOverallAvgSpeedFlow().collectAsState(initial = 0f)

    val bestDist by dao.getBestDistanceFlow().collectAsState(initial = 0f)
    val bestDuration by dao.getBestDurationFlow().collectAsState(initial = 0L)
    val bestAvg by dao.getBestAvgSpeedFlow().collectAsState(initial = 0f)",,
pilot-0089,missing_content_description,lorenzovngl__FoodExpirationDates,lorenzovngl__FoodExpirationDates/app/src/full/java/com/lorenzovainigli/foodexpirationdates/view/composable/BarcodeScannerResult.kt,BarcodeScannerResultGotResult,contentDescription = null,"
@Composable
fun BarcodeScannerResultGotResult(height: Dp, detectedProduct: OpenFoodFactsJsonResponse) {
    detectedProduct.product.imageThumbUrl.let {
        if (!it.isNullOrEmpty()) {
            AsyncImage(
                modifier = Modifier
                    .size(height)
                    .padding(8.dp)
                    .clip(CircleShape)
                    .background(MaterialTheme.colorScheme.primaryContainer),
                model = ImageRequest.Builder(LocalContext.current)
                    .data(it)
                    .crossfade(true)
                    .build(),
                contentScale = ContentScale.Crop,",,
pilot-0149,missing_merge_descendants,bernaferrari__SDKMonitor,bernaferrari__SDKMonitor/shared/src/commonMain/kotlin/com/bernaferrari/sdkmonitor/ui/settings/components/SettingsComponents.kt,NotificationPermissionRequestCard,"clickable Column with 3 Text children, no mergeDescendants","
@Composable
fun NotificationPermissionRequestCard(
    onRequestPermission: () -> Unit,
    modifier: Modifier = Modifier,
) {
    val s = sdkStrings()
    Surface(
        modifier = modifier.fillMaxWidth(),
        shape = RoundedCornerShape(16.dp),
        color = MaterialTheme.colorScheme.primaryContainer.copy(alpha = 0.45f),
    ) {
        Column(modifier = Modifier.padding(16.dp), verticalArrangement = Arrangement.spacedBy(8.dp)) {
            Text(s.notificationPermissionTitle, fontWeight = FontWeight.SemiBold)
            Text(s.notificationPermissionBody, style = MaterialTheme.typography.bodySmall)
            androidx.compose.material3.TextButton(onClick = onRequestPermission) {",,
pilot-0127,missing_interaction_semantics,Darkrock-Studios__FastTrack,Darkrock-Studios__FastTrack/app/src/main/java/com/darkrockstudios/apps/fasttrack/screens/log/LogCalendarContent.kt,DayCell,.clickable without onClickLabel,"@ExperimentalTime
@Composable
private fun DayCell(
	day: CalendarDay,
	isToday: Boolean,
	entries: List<FastingLogEntry>,
	isSelected: Boolean,
	onClick: () -> Unit,
) {
	val inMonth = day.position == DayPosition.MonthDate
	val hasEntries = entries.isNotEmpty() && inMonth

	val stageColor = if (hasEntries) stageColorFor(entries) else Color.Transparent
	val bgColor = if (hasEntries) stageColor.copy(alpha = 0.45f) else Color.Transparent

	val borderColor = when {",,
pilot-0005,clickable_icon_not_iconbutton,BlazeCodeDev__TSViewer,BlazeCodeDev__TSViewer/app/src/core/java/screens/Settings.kt,TopAppBar,Icon made clickable directly instead of IconButton,"@OptIn(ExperimentalMaterial3Api::class)
@Composable
private fun TopAppBar(scrollBehavior: TopAppBarScrollBehavior, navController: NavController){
    LargeTopAppBar(
        title = { Text(text = stringResource(R.string.settings)) },
        navigationIcon = {
            Box (modifier = Modifier.size(dimensionResource(R.dimen.icon_button_size)).clickable { navController.navigate(NavRoutes.Home.route) },
                contentAlignment = Alignment.Center){
                Icon(painterResource(R.drawable.ic_back), ""back"")
            }
        },
        scrollBehavior = scrollBehavior
    )
}",,
pilot-0228,progress_no_semantics,christianrowlands__android-network-survey,christianrowlands__android-network-survey/networksurvey/src/main/java/com/craxiom/networksurvey/ui/oui/OuiLookupScreen.kt,LoadingCard,CircularProgressIndicator without progressSemantics,"
@Composable
private fun LoadingCard(query: String) {
    SurfaceCard {
        MacDisplay(query)
        Row(
            verticalAlignment = Alignment.CenterVertically,
            horizontalArrangement = Arrangement.spacedBy(10.dp),
        ) {
            CircularProgressIndicator(
                modifier = Modifier.size(14.dp),
                strokeWidth = 2.dp,
                color = MaterialTheme.colorScheme.primary,
            )
            Text(
                text = stringResource(R.string.oui_lookup_loading_label),",,
pilot-0142,missing_merge_descendants,itsluminous__ClearSMS,itsluminous__ClearSMS/app/src/main/kotlin/app/clearsms/ui/components/OtpBanner.kt,OtpBanner,"clickable Column with 2 Text children, no mergeDescendants"," */
@Composable
fun OtpBanner(
    code: String,
    senderName: String,
    onCopied: () -> Unit,
    onDismiss: () -> Unit,
    onOpenMessage: () -> Unit,
    modifier: Modifier = Modifier,
    displaySize: OtpDisplaySize = OtpDisplaySize.DEFAULT,
) {
    val clipboard = LocalClipboardManager.current
    Card(
        modifier = modifier.fillMaxWidth(),
        colors = CardDefaults.cardColors(containerColor = MaterialTheme.colorScheme.primaryContainer),
    ) {",,
pilot-0111,missing_heading_semantics,chmouel__liseur,chmouel__liseur/app/src/main/kotlin/com/chmouel/liseur/ui/settings/AboutScreen.kt,LogoBlock,headlineSmall text without heading(),"
@Composable
private fun LogoBlock(modifier: Modifier = Modifier) {
    val isDark = MaterialTheme.colorScheme.surface.luminance() < 0.5f
    Column(
        modifier = modifier,
        horizontalAlignment = Alignment.CenterHorizontally,
    ) {
        Image(
            painter = painterResource(
                if (isDark) {
                    R.drawable.ic_brand_emblem_night_transparent
                } else {
                    R.drawable.ic_brand_emblem_transparent
                },
            ),",,
pilot-0134,missing_interaction_semantics,maximilian-schwaerzler__Do-It,maximilian-schwaerzler__Do-It/app/src/main/java/at/co/schwaerzler/maximilian/doit/ui/navigation/screen/EditTodoScreen.kt,EditTodoScreenContent,.clickable without onClickLabel,"@OptIn(ExperimentalMaterial3Api::class)
@Composable
private fun EditTodoScreenContent(
    id: Int?,
    uiState: EditTodoUiState,
    onTitleChange: (String) -> Unit,
    onDescriptionChange: (String) -> Unit,
    onDeadlineChange: (Instant?) -> Unit,
    onSave: () -> Unit,
    onCancel: () -> Unit,
    onDelete: () -> Unit,
    modifier: Modifier = Modifier,
) {
    var showDatePicker by remember { mutableStateOf(false) }
    var showTimePicker by remember { mutableStateOf(false) }
    var pendingDateMillis by remember { mutableLongStateOf(0L) }",,
pilot-0194,missing_state_description,Nyabsi__VRCAA,Nyabsi__VRCAA/app/src/main/java/cc/sovellus/vrcaa/ui/components/dialog/FavoriteDialog.kt,FavoriteDialog,RadioButton without stateDescription,"@SuppressLint(""LocalContextGetResourceValueCall"")
@Composable
fun FavoriteDialog(
    type: IFavorites.FavoriteType,
    id: String,
    metadata: FavoriteManager.FavoriteMetadata,
    groupMetadata: Map<String, FavoriteManager.FavoriteGroupMetadata>,
    maximumFavorites: Int,
    onDismiss: () -> Unit,
    onConfirmation: () -> Unit
) {
    val context = LocalContext.current
    val coroutineScope = rememberCoroutineScope()

    val selectedGroup = remember { mutableStateOf("""") }
    val groups = remember { mutableStateListOf<String>() }",,
pilot-0086,missing_content_description,binayshaw7777__KotStep,binayshaw7777__KotStep/app/src/main/java/com/binayshaw7777/kotstep/ui/theme/presentation/v2/steppers/Groww.kt,GrowwContent,contentDescription = null,"
@Composable
fun GrowwContent(modifier: Modifier = Modifier, paddingValues: PaddingValues) {

    Column(
        modifier = Modifier
            .fillMaxSize()
            .verticalScroll(rememberScrollState())
            .padding(paddingValues)
            .background(GROWW_BACKGROUND)
            .padding(vertical = 20.dp)
            .then(modifier)
    ) {
        Column(
            modifier = Modifier.padding(horizontal = 16.dp)
        ) {",,
pilot-0064,error_state_no_semantics,maxwhipw__marmalade-tts-android,maxwhipw__marmalade-tts-android/app/src/main/java/app/marmalade/tts/ui/onboarding/OnboardingScreen.kt,CreateAliasStep,isError set without semantics { error(...) },"@OptIn(ExperimentalMaterial3Api::class)
@Composable
private fun CreateAliasStep(
    padding: PaddingValues,
    editor: OnboardingViewModel.AliasFields,
    voices: List<VoiceMeta>,
    aliasCreated: Boolean,
    onSeedDefaults: () -> Unit,
    onNameChange: (String) -> Unit,
    onEngineChange: (String) -> Unit,
    onVoiceChange: (String) -> Unit,
    onSpeedChange: (Float) -> Unit,
    onEffectChange: (EffectPreset) -> Unit,
    onSave: () -> Unit,
    onUseDefaults: () -> Unit,
    onFinish: () -> Unit,",,
pilot-0043,decorative_mislabeled,UmairKhalid786__ComposeTv,UmairKhalid786__ComposeTv/app/src/main/java/com/techlads/composetv/features/details/ProductDetailsScreen.kt,TVProductDetails,"decorative with description ""Product Banner""","
@Composable
private fun TVProductDetailsContent(
    modifier: Modifier = Modifier,
    state: ProductDetailsState,
    onBackPressed: () -> Unit,
    onPlayClick: () -> Unit
) {
    BackHandler(onBack = onBackPressed)
    when (state) {
        is Success -> TVProductDetails(modifier = modifier, state.details, onPlayClick)
        else -> {}
    }
}

@Composable",,
pilot-0020,clickable_icon_not_iconbutton,GetStream__whatsApp-clone-compose,GetStream__whatsApp-clone-compose/features/chats/src/main/kotlin/io/getstream/whatsappclone/chats/messages/WhatsAppMessageTopBar.kt,WhatsAppMessageTopBar,Icon made clickable directly instead of IconButton,"
@Composable
fun WhatsAppMessageTopBar(
  messageUiState: WhatsAppMessageUiState,
  navigateToVideoCall: (Boolean) -> Unit,
  onBackClick: () -> Unit
) {
  TopAppBar(
    modifier = Modifier.fillMaxWidth(),
    navigationIcon = {
      Icon(
        modifier = Modifier
          .size(26.dp)
          .clickable {
            onBackClick()
          },",,
pilot-0030,color_contrast,alexandr7035__Banking-App-Mock-Compose,alexandr7035__Banking-App-Mock-Compose/app/src/main/java/by/alexandr7035/banking/ui/components/Buttons.kt,MenuButton,2 hardcoded Color literals with Text,"
@Composable
fun MenuButton(
    modifier: Modifier,
    icon: Painter,
    text: String,
    showArrow: Boolean = true,
    iconTint: Color? = MaterialTheme.colorScheme.primary,
    onClick: () -> Unit,
) {
    PrimaryCard(
        modifier = modifier,
        onClick = onClick,
        paddingValues = PaddingValues(16.dp)
    ) {
",,
pilot-0047,decorative_mislabeled,gininaba__AIPOSPasswordManager,gininaba__AIPOSPasswordManager/app/src/main/java/com/aipos/aipospm/ui/screens/PasswordGeneratorScreen.kt,PasswordGeneratorScreen,"decorative with description ""Regenerate""","@OptIn(ExperimentalMaterial3Api::class)
@Composable
fun PasswordGeneratorScreen(
    generatorViewModel: PasswordGeneratorViewModel,
    onNavigateBack: () -> Unit
) {
    val uiState by generatorViewModel.uiState.collectAsStateWithLifecycle()
    val snackbarHostState = remember { SnackbarHostState() }
    val scope = rememberCoroutineScope()
    val context = LocalContext.current
    val haptic = LocalHapticFeedback.current

    val strengthProgress by animateFloatAsState(
        targetValue = when (uiState.strength) {
            PasswordStrength.NONE -> 0f
            PasswordStrength.WEAK -> 0.33f",,
pilot-0183,missing_state_description,zhishengplus__ZhishengWeather,zhishengplus__ZhishengWeather/app/src/main/kotlin/com/zhisheng/weather/ui/SettingsScreen.kt,ToggleRow,Switch without stateDescription,"
@Composable
private fun ToggleRow(label: String, hint: String, checked: Boolean, onToggle: () -> Unit) {
    Row(
        modifier = Modifier.fillMaxWidth()
            // 单一 toggleable 事件源：Switch 只负责绘制，避免父子点击同时触发。
            .toggleable(value = checked, role = Role.Switch) { onToggle() }
            .padding(horizontal = 16.dp, vertical = 8.dp),
        verticalAlignment = Alignment.CenterVertically,
    ) {
        Column(Modifier.weight(1f)) {
            Text(label, style = MaterialTheme.typography.titleSmall, color = ZhishengText)
            Text(hint, style = MaterialTheme.typography.labelSmall, color = ZhishengTextTertiary)
        }
        Switch(
            checked = checked,",,
pilot-0174,missing_semantics_role,OMGSoundboard__android-app,OMGSoundboard__android-app/app/src/main/java/audio/omgsoundboard/presentation/composables/AboutItem.kt,AboutItem,.clickable without Role,"
@Composable
fun AboutItem(icon: Int, title: Int, onClick: () -> Unit){
    Row(
        modifier = Modifier
            .padding(horizontal = 16.dp, vertical = 12.dp)
            .clickable { onClick() },
        horizontalArrangement = Arrangement.Start,
        verticalAlignment = Alignment.CenterVertically
    ) {

        Icon(
            painter = painterResource(id = icon),

            contentDescription = null
        )",,
pilot-0257,text_truncation_scaling,AnySoftKeyboard__janus,AnySoftKeyboard__janus/app/src/main/java/com/anysoftkeyboard/janus/app/ui/states/TranslationView.kt,SourceArticleSection,maxLines = 1 with Ellipsis (clips at large font scale),"/** Section showing source article with title, language, snippet, and description. */
@Composable
private fun SourceArticleSection(
    title: String,
    language: String,
    pageId: Long,
    snippet: String,
    translation: TranslationState,
) {
  Card(
      colors =
          CardDefaults.cardColors(
              containerColor = MaterialTheme.colorScheme.surfaceVariant.copy(alpha = 0.5f)
          ),
      shape = MaterialTheme.shapes.medium,
  ) {",,
pilot-0219,pointerinput_no_semantics,Nevodev__Cresto,Nevodev__Cresto/app/src/main/java/com/nevoit/cresto/ui/components/glasense/GlasenseSwitch.kt,GlasenseSwitch,detectTapGestures without semantics/Role,"
@Composable
fun GlasenseSwitch(
    backgroundColor: Color,
    enabled: Boolean = true,
    checked: Boolean,
    colors: GlasenseColors = AppColors,
    onCheckedChange: (Boolean) -> Unit
) {
    val liquidGlass = LocalThemeSettings.current.liquidGlass
    if (liquidGlass) {
        val trackBackdrop = rememberLayerBackdrop {
            drawRect(backgroundColor)
            drawContent()
        }
",,
pilot-0256,text_truncation_scaling,norsehorse-dev__AgePonyAndroid,norsehorse-dev__AgePonyAndroid/app/src/main/java/com/agepony/app/ui/files/EncryptFlow.kt,EncryptFlow,maxLines = 1 with Ellipsis (clips at large font scale),"
@Composable
fun EncryptFlow(vault: Vault, modifier: Modifier = Modifier, onClose: () -> Unit) {
    val context = LocalContext.current
    val activity = context as FragmentActivity
    val scope = rememberCoroutineScope()

    var stage by remember { mutableStateOf(EncryptStage.PICK) }
    var sources by remember { mutableStateOf<List<SourceRef>>(emptyList()) }
    var mode by remember { mutableStateOf(OutputMode.BUNDLE) }

    // Recipient state is hoisted into a RecipientSelection so collapsing the inline picker — or
    // finishing a file and coming back for the next — does not wipe the choices.
    val selection = rememberRecipientSelection(vault, seedSessionPassphrase = true)
    var pickerOpen by remember { mutableStateOf(false) }
    var recipients by remember { mutableStateOf<List<AgeRecipient>>(emptyList()) }",,
pilot-0268,textfield_no_label,KaushalVasava__XPhotogram,KaushalVasava__XPhotogram/app/src/main/java/com/lahsuak/apps/instagram/ui/screen/ChatScreen.kt,ChatScreen,TextField with placeholder but no label,"@OptIn(ExperimentalMaterial3Api::class)
@Composable
fun ChatScreen(
    userId: String,
    homeViewModel: HomeViewModel,
    navController: NavController,
) {
    var isProgress by remember {
        mutableStateOf(false)
    }
    val userState by remember {
        mutableStateOf(homeViewModel.getUserById(userId))
    }
    if (isProgress) {
        Box(
            modifier = Modifier.fillMaxSize(),",,
pilot-0082,missing_content_description,cryptrr__AutoPie,cryptrr__AutoPie/app/src/main/java/com/autosec/pie/BrowserActivity.kt,BrowserScreen,contentDescription = null,"@OptIn(ExperimentalMaterial3Api::class)
@Composable
private fun BrowserScreen(
    browserCommands: List<CommandModel>,
    webView: WebView,
    address: TextFieldValue,
    loadingProgress: Int,
    onAddressChange: (TextFieldValue) -> Unit,
    onNavigate: (String) -> Unit,
    onRunCommand: (CommandModel) -> Unit
) {
    var commandMenuExpanded by remember { mutableStateOf(false) }
    val keyboardController = LocalSoftwareKeyboardController.current

    Scaffold(
        bottomBar = {",,
pilot-0057,decorative_mislabeled,AnySoftKeyboard__janus,AnySoftKeyboard__janus/app/src/main/java/com/anysoftkeyboard/janus/app/ui/states/TranslationView.kt,TranslatedContent,"decorative with description ""Open target article""","/** Displays successfully translated content with target article and actions. */
@Composable
private fun TranslatedContent(translation: TranslationState.Translated) {
  val translationData = translation.translation

  Column(modifier = Modifier.fillMaxWidth()) {
    // Target article header with title and action buttons
    Row(
        modifier = Modifier.fillMaxWidth(),
        horizontalArrangement = Arrangement.SpaceBetween,
        verticalAlignment = Alignment.CenterVertically,
    ) {
      Column(modifier = Modifier.weight(1f)) {
        Text(
            text = translationData.translatedWord,
            style = MaterialTheme.typography.headlineSmall,",,
pilot-0255,text_truncation_scaling,Chesire__Nekome,Chesire__Nekome/features/search/src/main/java/com/chesire/nekome/app/search/search/ui/SearchScreen.kt,ResultItem,maxLines = 1 with Ellipsis (clips at large font scale),"
@Composable
private fun ResultItem(model: ResultModel, onSeriesTrack: (ResultModel) -> Unit) {
    Card(
        modifier = Modifier
            .fillMaxWidth()
            .height(120.dp)
            .alpha(if (model.canTrack) 1.0f else 0.3f)
    ) {
        Box(modifier = Modifier.fillMaxSize()) {
            if (model.isTracking) {
                LinearProgressIndicator(
                    modifier = Modifier
                        .fillMaxWidth()
                        .align(Alignment.BottomCenter)
                )",,
pilot-0274,textfield_no_label,44114__android-room,44114__android-room/app/src/main/java/com/chatroom/app/ui/chat/ChatScreen.kt,ChatScreen,OutlinedTextField with placeholder but no label,"@OptIn(ExperimentalMaterial3Api::class)
@Composable
fun ChatScreen(
    chatRepo: ChatRepository,
    fileRepo: FileRepository,
    prefs: PreferencesManager,
    onNavigateToAccount: () -> Unit,
) {
    val context = LocalContext.current
    val scope = rememberCoroutineScope()
    val listState = rememberLazyListState()

    val username by prefs.username.collectAsState(initial = """")
    val connected by chatRepo.connected.collectAsState(initial = false)

    var messages by remember { mutableStateOf(listOf<Message>()) }",,
pilot-0146,missing_merge_descendants,BlazeCodeDev__TSViewer,BlazeCodeDev__TSViewer/app/src/main/java/com/blazecode/tsviewer/views/GitHubUpdateCard.kt,GitHubUpdateCard,"clickable Card with 2 Text children, no mergeDescendants","
@Composable
fun GitHubUpdateCard(title: String, description: String, onClickDownload : () -> Unit){
    val isCardExtended = remember { mutableStateOf(false) }
    val expandMoreIcon = painterResource(R.drawable.ic_expand_more)
    val expandLessIcon = painterResource(R.drawable.ic_expand_less)
    var icon = painterResource(R.drawable.ic_expand_more)
    Card (modifier = Modifier.fillMaxWidth().padding(dimensionResource(R.dimen.medium_padding))){
        Column {
            Row (verticalAlignment = Alignment.CenterVertically){
                Text(modifier = Modifier.padding(dimensionResource(R.dimen.medium_padding)).weight(2f),
                    text = title,
                    softWrap = true
                )

                Box(modifier = Modifier.fillMaxWidth().padding(dimensionResource(R.dimen.medium_padding)).weight(2f), contentAlignment = Alignment.CenterEnd){",,
pilot-0168,missing_semantics_role,Nevodev__Cresto,Nevodev__Cresto/app/src/main/java/com/nevoit/cresto/ui/components/glasense/GlasenseDialog.kt,GlasenseDialog,.clickable without Role,"
@Composable
fun GlasenseDialogButton(
    modifier: Modifier = Modifier,
    text: String,
    icon: Painter? = null,
    isDestructive: Boolean = false,
    isPrimary: Boolean = true,
    onDismiss: () -> Unit
) {
    val shape = AppSpecs.buttonShape
    val corner = AppSpecs.buttonCorner
    GlasenseButtonAlt(
        enabled = true,
        shape = shape,
        onClick = { onDismiss() },",,
pilot-0249,text_truncation_scaling,Darkrock-Studios__hammer-editor,Darkrock-Studios__hammer-editor/composeUi/src/commonMain/kotlin/com/darkrockstudios/apps/hammer/common/storyeditor/OutlineOverviewUi.kt,ChapterDropdown,maxLines = 1 with Ellipsis (clips at large font scale),"
@Composable
private fun ChapterDropdown(
	chapters: List<OutlineChapter>,
	activeChapterIndex: Int,
	onJumpTo: (Int) -> Unit,
) {
	var expanded by remember { mutableStateOf(false) }
	val rotation by animateFloatAsState(
		targetValue = if (expanded) 180f else 0f,
		label = ""outlineChapterDropdownRotation"",
	)
	val current = chapters.getOrNull(activeChapterIndex)

	Column(modifier = Modifier.fillMaxWidth()) {
		Row(",,
pilot-0248,text_truncation_scaling,RisorseArtificiali__anti-vocale,RisorseArtificiali__anti-vocale/app/src/main/java/com/antivocale/app/ui/components/ModelVariantCard.kt,DownloadProgressView,maxLines = 1 with Ellipsis (clips at large font scale)," */
@Composable
internal fun DownloadProgressView(
    downloadState: DownloadState,
    downloadProgress: Float,
    showExtractingFileSize: Boolean = false
) {
    when (val state = downloadState) {
        is DownloadState.Downloading -> {
            // TASK-384: talkback reads the same percentage the sighted UI shows
            val percentText = ""${(downloadProgress * 100).toInt()}%""
            Column(verticalArrangement = Arrangement.spacedBy(4.dp)) {
                Row(
                    modifier = Modifier.fillMaxWidth(),
                    horizontalArrangement = Arrangement.SpaceBetween
                ) {",,
pilot-0105,missing_heading_semantics,zhishengplus__ZhishengWeather,zhishengplus__ZhishengWeather/app/src/main/kotlin/com/zhisheng/weather/ui/home/HomeScreen.kt,HeroSection,titleLarge text without heading(),"// —— Hero：大温度 + 数字滚动 + 大图标 ——
@Composable
private fun HeroSection(
    cur: CurrentWeather,
    data: WeatherData,
    unit: String,
    prefs: com.zhisheng.weather.ui.DisplayPrefs,
    modifier: Modifier,
) {
    Column(modifier = modifier.fillMaxWidth().padding(start = 20.dp, end = 20.dp, top = 4.dp, bottom = 4.dp)) {
        Row(verticalAlignment = Alignment.CenterVertically) {
            Column(Modifier.weight(1f)) {
                Text(
                    text = cur.weatherText ?: cur.condition?.label ?: ""—"",
                    style = MaterialTheme.typography.titleLarge,
                    color = ZhishengOrange,",,
pilot-0258,text_truncation_scaling,bernaferrari__SDKMonitor,bernaferrari__SDKMonitor/shared/src/commonMain/kotlin/com/bernaferrari/sdkmonitor/ui/details/components/VersionCard.kt,VersionTimelineEntry,maxLines = 1 with Ellipsis (clips at large font scale),"
@Composable
fun VersionTimelineEntry(
    modifier: Modifier = Modifier,
    versionInfo: AppVersion,
    isLatest: Boolean = false,
    isLast: Boolean = false,
) {
    val apiColor = versionInfo.sdkVersion.apiToComposeColor()
    val railColor = MaterialTheme.colorScheme.outlineVariant.copy(alpha = 0.72f)
    val cardShape = versionHistoryItemShape(isFirst = isLatest, isLast = isLast)
    val s = sdkStrings()

    Row(
        modifier = modifier.fillMaxWidth().height(IntrinsicSize.Min),
        verticalAlignment = Alignment.Top,",,
pilot-0293,touch_target_size,GetStream__liveshopping-android,GetStream__liveshopping-android/app/src/main/kotlin/io/getstream/live/shopping/ui/feature/channels/LiveShoppingChannels.kt,LiveShoppingChannels,size(32.dp) on interactive element,"
@Composable
fun LiveShoppingChannels(
  channelListViewModel: ChannelListViewModel
) {
  val navigator = currentComposeNavigator
  val channels = channelListViewModel.channelsState.channelItems
  val isLoading = channelListViewModel.channelsState.isLoading
  val orientation = LocalConfiguration.current.orientation
  val scope = rememberCoroutineScope()

  LaunchedEffect(key1 = channels, key2 = isLoading) {
    if (!isLoading && channels.isEmpty()) {
      ChatClient.instance().createMockChannels()
    }
  }",,
pilot-0251,text_truncation_scaling,chvp__NanoLedger,chvp__NanoLedger/app/src/main/java/be/chvp/nanoledger/ui/common/TransactionFormComponents.kt,CodeField,maxLines = 1 with Ellipsis (clips at large font scale),"
@Composable
fun CodeField(
    viewModel: TransactionFormViewModel,
    modifier: Modifier = Modifier,
) {
    val code by viewModel.code.observeAsState()
    if (code != null) {
        OutlinedTextField(
            (code ?: """"),
            { viewModel.setCode(it) },
            modifier,
            label = { Text(stringResource(R.string.code), maxLines = 1, overflow = TextOverflow.Ellipsis) },
        )
    }
}",,
pilot-0162,missing_semantics_role,bernaferrari__SDKMonitor,bernaferrari__SDKMonitor/shared/src/commonMain/kotlin/com/bernaferrari/sdkmonitor/ui/settings/components/ThemeModeToggle.kt,ThemeColorItem,.clickable without Role,"
@Composable
private fun ThemeColorItem(
    palette: ThemePalette,
    isSelected: Boolean,
    onClick: () -> Unit,
) {
    val haptics = LocalHapticFeedback.current
    val interactionSource = remember { MutableInteractionSource() }
    val displayColor =
        if (palette == ThemePalette.DYNAMIC) {
            MaterialTheme.colorScheme.primary
        } else {
            Color(requireNotNull(palette.seedArgb))
        }
    val swatchBrush =",,
pilot-0112,missing_heading_semantics,Pool-Of-Tears__Myne,Pool-Of-Tears__Myne/app/src/main/java/com/starry/myne/ui/screens/library/composables/LibraryScreen.kt,LibraryCard,headlineMedium text without heading(),"
@Composable
private fun LibraryCard(
    title: String,
    author: String,
    fileSize: String,
    date: String,
    isExternalBook: Boolean,
    onReadClick: () -> Unit,
    onDeleteClick: () -> Unit
) {
    Card(
        modifier = Modifier.fillMaxWidth(), colors = CardDefaults.cardColors(
            containerColor = MaterialTheme.colorScheme.surfaceColorAtElevation(4.dp)
        ), shape = RoundedCornerShape(0.dp)
    ) {",,
pilot-0285,touch_target_size,BlazeCodeDev__TSViewer,BlazeCodeDev__TSViewer/wear/src/main/java/com/blazecode/tsviewer/wear/screens/ServiceOff.kt,MainLayout,size(2.dp) on interactive element,"
@Composable
private fun MainLayout(viewModel: ServiceOffViewModel){
    val uiState = viewModel.uiState.collectAsState()

    val context = LocalContext.current
    val scrollState = rememberScalingLazyListState()
    val scope = rememberCoroutineScope()
    val focusRequester = remember { FocusRequester() }
    LaunchedEffect(Unit) {
        focusRequester.requestFocus()
    }

    ScalingLazyColumn (modifier = Modifier
        .onPreRotaryScrollEvent {
            scope.launch {",,
pilot-0195,missing_state_description,gininaba__AIPOSPasswordManager,gininaba__AIPOSPasswordManager/app/src/main/java/com/aipos/aipospm/ui/screens/PasswordGeneratorScreen.kt,ToggleRow,Switch without stateDescription,"
@Composable
private fun ToggleRow(
    label: String,
    checked: Boolean,
    onCheckedChange: (Boolean) -> Unit
) {
    Row(
        modifier = Modifier
            .fillMaxWidth()
            .padding(vertical = 4.dp),
        horizontalArrangement = Arrangement.SpaceBetween,
        verticalAlignment = Alignment.CenterVertically
    ) {
        Text(
            text = label,",,
pilot-0175,missing_semantics_role,crome1394__point-forecast,crome1394__point-forecast/forecast-point/app/src/main/java/com/crome/forecastpoint/MainActivity.kt,AppDrawer,.clickable without Role,"
@Composable
private fun AppDrawer(
    favorites: List<SavedLocation>,
    activeId: String?,
    navConfig: List<com.crome.forecastpoint.data.DrawerNavConfigItem>,
    onNavOrderChange: (List<String>) -> Unit,
    onForecast: () -> Unit,
    onCurrentLocation: () -> Unit,
    onAddCity: () -> Unit,
    onMap: () -> Unit,
    onSun: () -> Unit,
    onMoon: () -> Unit,
    onSpaceWeather: () -> Unit,
    onEarthquakes: () -> Unit,
    onStorms: () -> Unit,",,
pilot-0108,missing_heading_semantics,chvp__NanoLedger,chvp__NanoLedger/app/src/main/java/be/chvp/nanoledger/ui/preferences/PreferencesActivity.kt,SettingDialog,titleLarge text without heading(),"
@Composable
fun SettingDialog(
    opened: Boolean,
    title: String,
    canSave: Boolean,
    save: (() -> Unit),
    dismiss: (() -> Unit),
    content: @Composable () -> Unit,
) {
    if (opened) {
        AlertDialog(
            onDismissRequest = dismiss,
            title = { Text(title, style = MaterialTheme.typography.titleLarge) },
            text = content,
            dismissButton = {",,
pilot-0120,missing_heading_semantics,michaelbel__movies,michaelbel__movies/feature-web/details/src/commonMain/kotlin/org/michaelbel/movies/detailsweb/DetailsWebScreen.kt,DetailsContent,headlineSmall text without heading(),"
@Composable
private fun DetailsContent(
    movie: MoviePojo,
    modifier: Modifier = Modifier,
    placeholder: Boolean = false,
    onBackClick: () -> Unit
) {
    BoxWithConstraints(
        modifier = modifier
    ) {
        val isHorizontal = maxWidth >= maxHeight
        val imageData = when {
            placeholder -> null
            isHorizontal && movie.backdropPath.isNotBlank() -> movie.backdropPath.formatBackdropImage
            !isHorizontal && movie.posterPath.isNotBlank() -> movie.posterPath.formatPosterImage",,
pilot-0045,decorative_mislabeled,UmairKhalid786__ComposeTv,UmairKhalid786__ComposeTv/app/src/main/java/com/techlads/composetv/features/details/ProductDetailsScreen.kt,UserRatingsSection,"decorative with description ""Rating""","
@Composable
private fun UserRatingsSection(modifier: Modifier = Modifier, details: Details) {
    Column(modifier) {
        Text(
            modifier = Modifier.padding(bottom = 16.dp, start = 72.dp),
            text = stringResource(R.string.user_ratings),
            style = MaterialTheme.typography.headlineSmall,
            textAlign = TextAlign.Center
        )

        var gridWidth by remember { mutableStateOf(0) }
        val cardCount = 3
        val spacing = 16.dp
        val horizontalPadding = 72.dp
        val density = LocalDensity.current",,
pilot-0205,pointerinput_no_semantics,ArcaDone__AwesomeUI,ArcaDone__AwesomeUI/sharedUI/src/commonMain/kotlin/com/arcadone/awesomeui/components/chart/RadarChart.kt,RadarChartMultiCanvas,detectTapGestures without semantics/Role,"
@Composable
private fun RadarChartMultiCanvas(
    axisLabels: List<RadarAxisLabel>,
    series: List<RadarSeries>,
    style: RadarChartStyle,
    selectedSeriesIndex: Int?,
    selectedPointIndex: Int?,
    onPointTap: (Int, Int) -> Unit,
) {
    val axisCount = axisLabels.size
    val angleStep = 2 * PI / axisCount
    val density = LocalDensity.current
    val hitRadiusPx = with(density) { style.hitRadius.toPx() }
    val chartSizePx = with(density) { style.chartSize.toPx() }
",,
pilot-0273,textfield_no_label,Dking08__croc-app,Dking08__croc-app/app/src/main/java/com/dking/crocapp/ui/send/SendScreen.kt,StoreConfigurationCard,OutlinedTextField with placeholder but no label,"
@Composable
private fun StoreConfigurationCard(
    expiration: String,
    downloads: Int,
    enabled: Boolean,
    onExpirationChange: (String) -> Unit,
    onDownloadsChange: (Int) -> Unit
) {
    val presetExpirations = listOf(""30m"", ""1h"", ""1d"", ""1w"")
    val presetDownloads = listOf(1, 2, 5, 10)

    var isCustomExpiration by remember(expiration) {
        mutableStateOf(expiration !in presetExpirations)
    }
    var customExpirationInput by remember(expiration) {",,
pilot-0214,pointerinput_no_semantics,cvc953__localplayer,cvc953__localplayer/app/src/main/java/com/cvc953/localplayer/ui/components/SquigglyProgressBar.kt,SquigglyProgressBar,detectTapGestures without semantics/Role,"
@Composable
fun SquigglyProgressBar(
    progress: Float,
    duration: Long,
    isPlaying: Boolean,
    onSeek: (Long) -> Unit,
    onSeekStart: () -> Unit,
    onSeekEnd: () -> Unit,
    color: Color,
    modifier: Modifier,
) {
    val density = LocalDensity.current
    val waveLengthPx = with(density) { WAVE_LENGTH.toPx() }
    val lineAmplitudePx = with(density) { LINE_AMPLITUDE.toPx() }
    val phaseSpeedPx = with(density) { PHASE_SPEED.toPx() }",,
pilot-0222,progress_no_semantics,nikbulavin__flick,nikbulavin__flick/core/ui/src/main/kotlin/ru/resodostudio/flick/core/ui/UiState.kt,LoadingState,CircularProgressIndicator without progressSemantics,"
@Composable
fun LoadingState() {
    Box(
        modifier = Modifier.fillMaxSize(),
        contentAlignment = Alignment.Center
    ) {
        CircularProgressIndicator()
    }
}

@Composable
fun EmptyState(message: String?, animationId: Int) {

    val lottieComposition by rememberLottieComposition(LottieCompositionSpec.RawRes(animationId))
    val progress by animateLottieCompositionAsState(",,
pilot-0250,text_truncation_scaling,IacobIonut01__ReFra,IacobIonut01__ReFra/app/src/main/kotlin/com/dot/gallery/cloud/ui/backup/CloudBackupDashboardScreen.kt,HealthBarLegend,maxLines = 1 with Ellipsis (clips at large font scale),"
@Composable
private fun HealthBarLegend(
    accounts: List<AccountBackupStatus>,
    colorByConfig: Map<Long, Color>
) {
    Column(
        modifier = Modifier.fillMaxWidth(),
        verticalArrangement = Arrangement.spacedBy(6.dp)
    ) {
        accounts.forEach { account ->
            Row(verticalAlignment = Alignment.CenterVertically) {
                Box(
                    modifier = Modifier
                        .size(10.dp)
                        .clip(CircleShape)",,
pilot-0021,color_contrast,modelorona__TapLock,modelorona__TapLock/app/src/main/java/com/ah/taplock/SettingsComponents.kt,DoubleTapTestArea,3 hardcoded Color literals with Text,"
@Composable
fun DoubleTapTestArea(timeoutMs: Int) {
    val detector = remember { DoubleTapDetector() }
    var showSuccess by remember { mutableStateOf(false) }
    val borderColor = if (showSuccess) Color(0xFF4CAF50) else MaterialTheme.colorScheme.outline

    LaunchedEffect(showSuccess) {
        if (showSuccess) {
            delay(1000)
            showSuccess = false
        }
    }

    Box(
        modifier = Modifier",,
pilot-0059,decorative_mislabeled,kursatkumsuz__crypto-portfolio-jetpack-compose,kursatkumsuz__crypto-portfolio-jetpack-compose/feature/market/src/main/java/com/kursatkumsuz/market/component/RowListView.kt,ExpandedSection,"decorative with description ""next icon""","
@Composable
fun ExpandedSection(coin: CoinItem, navController: NavHostController) {
    Column(
        modifier = Modifier.fillMaxWidth(),
        horizontalAlignment = Alignment.CenterHorizontally
    ) {
        Text(
            text = ""$${FormatCoinPrice.formatPrice(coin.quote.USD.price)}"",
            color = Color.White,
            fontSize = 20.sp,
            fontWeight = FontWeight.Bold,
        )
        IconButton(
            onClick = {
                navController.navigate(",,
pilot-0203,pointerinput_no_semantics,DaKlok__BibleLockScreen,DaKlok__BibleLockScreen/app/src/main/java/com/daklok/biblelockscreen/ColorPickerDialog.kt,ColorPickerDialog,detectTapGestures without semantics/Role,"
@Composable
fun ColorPickerDialog(
    initialColor: Color = Color.White,
    strings: AppStrings,
    onDismiss: () -> Unit,
    onColorSelected: (Color) -> Unit
) {
    val (initH, initS, initV) = colorToHsv(initialColor)

    var hueState   by remember { mutableStateOf(initH) }
    var satState   by remember { mutableStateOf(initS) }
    var valueState by remember { mutableStateOf(initV) }

    val currentColor by remember(hueState, satState, valueState) {
        derivedStateOf { hsvToColor(hueState, satState, valueState) }",,
pilot-0166,missing_semantics_role,FreezeYou__FreezeYou,FreezeYou__FreezeYou/app/src/main/java/cf/playhi/freezeyou/ui/AboutActivity.kt,AboutScreen,.clickable without Role,"
    @Composable
    private fun AboutScreen() {
        val entries = listOf(
            stringResource(R.string.hToUse),
            stringResource(R.string.faq),
            stringResource(R.string.helpTranslate),
            stringResource(R.string.thanksList),
            stringResource(R.string.visitWebsite),
            stringResource(R.string.contactUs),
            stringResource(R.string.update),
            stringResource(R.string.thirdPartyOpenSourceLicenses),
            ""V${VersionUtils.getVersionName(applicationContext)}"" +
                ""(${VersionUtils.getVersionCode(applicationContext)})""
        )
        Column(Modifier.fillMaxSize().padding(5.dp)) {",,
pilot-0084,missing_content_description,NicosNicolaou16__Pokedex_Compose,NicosNicolaou16__Pokedex_Compose/app/src/main/java/com/nicos/pokedex_compose/presentation/generic_compose_views/Toolbar.kt,CustomToolbar,contentDescription = null,"@OptIn(ExperimentalMaterial3Api::class)
@Composable
fun CustomToolbar(title: Int, backButton: (() -> Unit)? = null) {
    CenterAlignedTopAppBar(
        title = {
            Text(
                stringResource(title),
                style = TextStyle(
                    color = Color.White,
                    fontWeight = FontWeight.Bold,
                    fontSize = 21.sp
                )
            )
        },
        navigationIcon = {
            if (backButton != null)",,
pilot-0210,pointerinput_no_semantics,crome1394__point-forecast,crome1394__point-forecast/forecast-point/app/src/main/java/com/crome/forecastpoint/MainActivity.kt,AppDrawer,detectTapGestures without semantics/Role,"
@Composable
private fun AppDrawer(
    favorites: List<SavedLocation>,
    activeId: String?,
    navConfig: List<com.crome.forecastpoint.data.DrawerNavConfigItem>,
    onNavOrderChange: (List<String>) -> Unit,
    onForecast: () -> Unit,
    onCurrentLocation: () -> Unit,
    onAddCity: () -> Unit,
    onMap: () -> Unit,
    onSun: () -> Unit,
    onMoon: () -> Unit,
    onSpaceWeather: () -> Unit,
    onEarthquakes: () -> Unit,
    onStorms: () -> Unit,",,
pilot-0204,pointerinput_no_semantics,android__androidify,android__androidify/feature/camera/src/main/java/com/android/developers/androidify/camera/CameraViewfinder.kt,CameraViewfinder,detectTapGestures without semantics/Role,"
@Composable
internal fun CameraViewfinder(
    surfaceRequest: SurfaceRequest,
    autofocusUiState: AutofocusUiState,
    tapToFocus: (tapCoords: Offset) -> Unit,
    onScaleZoom: (zoomScaleFactor: Float) -> Unit,
    modifier: Modifier = Modifier,
) {
    val onScaleCurrentZoom by rememberUpdatedState(onScaleZoom)
    val currentTapToFocus by rememberUpdatedState(tapToFocus)
    val coordinateTransformer = remember { MutableCoordinateTransformer() }
    CameraXViewfinder(
        surfaceRequest = surfaceRequest,
        coordinateTransformer = coordinateTransformer,
        modifier = modifier",,