neg_id,construct,file,decl_name,anchor_line,anchor_text,context,imports,verdict,issue_category,confidence,notes
n0032,heading_style,Darkrock-Studios__hammer-editor/composeUi/src/commonMain/kotlin/com/darkrockstudios/apps/hammer/common/storyeditor/OutlineOverviewUi.kt,StatPair,277,StatPair,"  277 | private fun StatPair(label: String, value: String) {
  278 | 	Column(verticalArrangement = Arrangement.spacedBy(2.dp)) {
  279 | 		HdMonoLabel(text = label)
  280 | 		Text(
  281 | 			text = value,
  282 | 			style = MaterialTheme.typography.headlineMedium,
  283 | 			fontWeight = FontWeight.Light,
  284 | 			color = MaterialTheme.colorScheme.onSurface,
  285 | 		)
  286 | 	}
  287 | }","import androidx.compose.animation.*
import androidx.compose.animation.core.animateFloatAsState
import androidx.compose.foundation.background
import androidx.compose.foundation.border
import androidx.compose.foundation.clickable
import androidx.compose.foundation.gestures.detectTapGestures
import androidx.compose.foundation.layout.*
import androidx.compose.foundation.lazy.LazyColumn
import androidx.compose.foundation.lazy.LazyListState
import androidx.compose.foundation.lazy.itemsIndexed
import androidx.compose.foundation.lazy.rememberLazyListState
import androidx.compose.material.icons.Icons
import androidx.compose.material.icons.filled.Close
import androidx.compose.material.icons.filled.KeyboardArrowDown
import androidx.compose.material3.*
import androidx.compose.runtime.*
import androidx.compose.ui.Alignment
import androidx.compose.ui.Modifier
import androidx.compose.ui.draw.rotate
import androidx.compose.ui.graphics.RectangleShape
import androidx.compose.ui.input.pointer.pointerInput
import androidx.compose.ui.text.font.FontStyle
import androidx.compose.ui.text.font.FontWeight
import androidx.compose.ui.text.style.TextAlign
import androidx.compose.ui.text.style.TextOverflow
import androidx.compose.ui.unit.Dp
import androidx.compose.ui.unit.dp
import androidx.compose.ui.unit.sp
import com.arkivanov.decompose.extensions.compose.subscribeAsState
import com.darkrockstudios.apps.hammer.*
import com.darkrockstudios.apps.hammer.common.components.storyeditor.outlineoverview.OutlineOverview
import com.darkrockstudios.apps.hammer.common.compose.AnimatedFullScreenDialog
import com.darkrockstudios.apps.hammer.common.compose.MpScrollBarGutter
import com.darkrockstudios.apps.hammer.common.compose.MpScrollBarList
import com.darkrockstudios.apps.hammer.common.compose.Ui
import com.darkrockstudios.apps.hammer.common.compose.designsystem.HdFolioDivider
import com.darkrockstudios.apps.hammer.common.compose.designsystem.HdMonoLabel
import com.darkrockstudios.apps.hammer.common.compose.designsystem.romanNumeral
import com.darkrockstudios.apps.hammer.common.compose.resources.get
import com.darkrockstudios.apps.hammer.common.compose.scrollBarOverlay
import com.darkrockstudios.apps.hammer.common.data.SceneItem
import kotlinx.coroutines.launch",NO_ISSUE,,,
n0021,textfield,kursatkumsuz__movie/core/component/src/main/java/com/kursatkumsuz/component/AuthInputText.kt,AuthInputText,20,AuthInputText,"   20 | fun AuthInputText(
   21 |     labelText: String,
   22 |     onInput: (String) -> Unit
   23 | ) {
   24 |     var textState by remember { mutableStateOf("""") }
   25 | 
   26 |     TextField(
   27 |         value = textState.trim(),
   28 |         onValueChange = {
   29 |             textState = it
   30 |             onInput(it)
   31 |         },
   32 |         label = { Text(text = labelText) },
   33 |         singleLine = true,
   34 |         modifier = Modifier
   35 |             .fillMaxWidth()
   36 |             .height(60.dp)
   37 |             .padding(horizontal = 30.dp),
   38 |         keyboardOptions = KeyboardOptions(keyboardType = KeyboardType.Text),
   39 |         colors = TextFieldDefaults.colors(
   40 |             focusedTextColor = Color(0xFF95A6C5),
   41 |             unfocusedTextColor = Color(0xFF95A6C5),
   42 |             focusedContainerColor = MaterialTheme.colorScheme.primaryContainer,
   43 |             unfocusedContainerColor = MaterialTheme.colorScheme.primaryContainer,
   44 |             disabledContainerColor = MaterialTheme.colorScheme.primaryContainer,
   45 |             focusedIndicatorColor = Color.Transparent,
   46 |             unfocusedIndicatorColor = Color.Transparent,
   47 |             disabledIndicatorColor = Color.Transparent,
   48 |             focusedLeadingIconColor = Color(0xFF58647C),
   49 |             unfocusedLeadingIconColor = Color(0xFF58647C),
   50 |             focusedTrailingIconColor = Color(0xFF58647C),
   51 |             unfocusedTrailingIconColor = Color(0xFF58647C),
   52 |         ),
   53 |         shape = RoundedCornerShape(15.dp)
   54 |     )
   55 | }","import androidx.compose.foundation.layout.*
import androidx.compose.foundation.shape.RoundedCornerShape
import androidx.compose.foundation.text.KeyboardOptions
import androidx.compose.material3.ExperimentalMaterial3Api
import androidx.compose.material3.MaterialTheme
import androidx.compose.material3.Text
import androidx.compose.material3.TextField
import androidx.compose.material3.TextFieldDefaults
import androidx.compose.runtime.Composable
import androidx.compose.runtime.*
import androidx.compose.ui.Modifier
import androidx.compose.ui.graphics.Color
import androidx.compose.ui.text.input.KeyboardType
import androidx.compose.ui.unit.dp",HANDLED,,,
n0060,color_literal,iOrchid__android-jetpack-demo/compose/src/main/java/org/zhiwei/compose/screen/basic/material3/ImageScreen.kt,Image_Screen,53,Image_Screen,"   53 | internal fun Image_Screen(modifier: Modifier = Modifier) {
   54 | 
   55 |     LazyColumn(modifier.fillMaxSize()) {
   56 |         item {
   57 |             Title_Text(title = ""Image"")
   58 |             //加载图片资源,预览效果的时候，可以根据需要注释部分，放开部分；或者自己写preview函数
   59 |             LoadResource()
   60 |             //canvas
   61 |             withCanvas()
   62 |             //shape图形，也就是通过modifier的clip属性裁剪,或者shadow，等限定shape的方式。
   63 |             shapeAndFilter()
   64 |             //图层相关
   65 |             withGraphics()
   66 |             //其他
   67 |             scaleType()
   68 |             //第三方网络图片加载库
   69 |             Title_Sub_Text(title = ""6、coil网络图片库"")
   70 |             val imageUrl =
   71 |                 ""https://img.pconline.com.cn/images/upload/upc/tx/itbbs/1404/29/c19/33702528_1398764805257.jpg""
   72 |             AsyncImage(
   73 |                 model = imageUrl,
   74 |                 contentDescription = null,
   75 |                 //加载网络图片资源，需要给Image控件一个初始尺寸，不然无从显示
   76 |                 modifier = Modifier
   77 |                     .sizeIn(200.dp, 200.dp)
   78 |                     .background(Color(0xFFF0FCFF))
   79 |             )
   80 |         }
   81 |     }
   82 | }","import androidx.compose.foundation.Canvas
import androidx.compose.foundation.Image
import androidx.compose.foundation.background
import androidx.compose.foundation.layout.Arrangement
import androidx.compose.foundation.layout.Row
import androidx.compose.foundation.layout.aspectRatio
import androidx.compose.foundation.layout.fillMaxSize
import androidx.compose.foundation.layout.fillMaxWidth
import androidx.compose.foundation.layout.height
import androidx.compose.foundation.layout.size
import androidx.compose.foundation.layout.sizeIn
import androidx.compose.foundation.lazy.LazyColumn
import androidx.compose.foundation.shape.CircleShape
import androidx.compose.foundation.shape.CutCornerShape
import androidx.compose.foundation.shape.GenericShape
import androidx.compose.foundation.shape.RoundedCornerShape
import androidx.compose.runtime.Composable
import androidx.compose.ui.Modifier
import androidx.compose.ui.draw.clip
import androidx.compose.ui.draw.shadow
import androidx.compose.ui.geometry.Offset
import androidx.compose.ui.geometry.Size
import androidx.compose.ui.graphics.BlendMode
import androidx.compose.ui.graphics.Color
import androidx.compose.ui.graphics.ColorFilter
import androidx.compose.ui.graphics.ImageBitmap
import androidx.compose.ui.graphics.drawscope.DrawScope
import androidx.compose.ui.graphics.graphicsLayer
import androidx.compose.ui.graphics.painter.Painter
import androidx.compose.ui.graphics.vector.ImageVector
import androidx.compose.ui.layout.ContentScale
import androidx.compose.ui.res.imageResource
import androidx.compose.ui.res.painterResource
import androidx.compose.ui.res.vectorResource
import androidx.compose.ui.text.TextStyle
import androidx.compose.ui.text.drawText
import androidx.compose.ui.text.rememberTextMeasurer
import androidx.compose.ui.tooling.preview.Preview
import androidx.compose.ui.unit.LayoutDirection
import androidx.compose.ui.unit.dp
import coil3.compose.AsyncImage
import org.zhiwei.compose.R
import org.zhiwei.compose.ui.widget.Title_Desc_Text
import org.zhiwei.compose.ui.widget.Title_Sub_Text
import org.zhiwei.compose.ui.widget.Title_Text",NO_ISSUE,,,
n0018,icon_image,AnySoftKeyboard__janus/app/src/main/java/com/anysoftkeyboard/janus/app/ui/components/ActionButtons.kt,WikipediaLinkButton,26,WikipediaLinkButton,"   26 | fun WikipediaLinkButton(
   27 |     url: String,
   28 |     contentDescription: String = ""Open in Wikipedia"",
   29 |     tint: Color = MaterialTheme.colorScheme.primary,
   30 | ) {
   31 |   val context = LocalContext.current
   32 |   IconButton(onClick = { context.openUrlSafely(url) }) {
   33 |     Icon(
   34 |         imageVector = Icons.AutoMirrored.Filled.OpenInNew,
   35 |         contentDescription = contentDescription,
   36 |         tint = tint,
   37 |     )
   38 |   }
   39 | }","import android.content.ClipData
import android.content.ClipboardManager
import android.content.Context
import androidx.compose.material.icons.Icons
import androidx.compose.material.icons.automirrored.filled.OpenInNew
import androidx.compose.material.icons.filled.BookmarkBorder
import androidx.compose.material.icons.filled.ContentCopy
import androidx.compose.material3.Icon
import androidx.compose.material3.IconButton
import androidx.compose.material3.MaterialTheme
import androidx.compose.runtime.Composable
import androidx.compose.ui.graphics.Color
import androidx.compose.ui.platform.LocalContext
import com.anysoftkeyboard.janus.app.util.openUrlSafely",NO_ISSUE,,,
n0011,clickable,MoatazBadawy__Mawaqeet-Todo_and_Habits/habits/ui/view/src/main/java/com/moataz/habits/ui/view/component/HabitItem.kt,CheckboxIcon,78,CheckboxIcon,"   78 | fun CheckboxIcon(isCompleted: Boolean, onClick: () -> Unit) {
   79 |     Box(
   80 |         modifier = Modifier
   81 |             .padding(start = 16.dp)
   82 |             .size(19.dp)
   83 |             .clip(CircleShape)
   84 |             .background(
   85 |                 color = if (isCompleted) Black else Color.Transparent,
   86 |                 shape = CircleShape
   87 |             )
   88 |             .clickable(onClick = onClick)
   89 |             .border(
   90 |                 width = 2.dp,
   91 |                 color = Black,
   92 |                 shape = CircleShape
   93 |             ),
   94 |         contentAlignment = Alignment.Center
   95 |     ) {
   96 |         if (isCompleted)
   97 |             Icon(
   98 |                 painter = painterResource(id = R.drawable.ic_check_arrow),
   99 |                 contentDescription = stringResource(id = R.string.checked_icon_description),
  100 |                 tint = Color.White,
  101 |             )
  102 |     }
  103 | }","import androidx.compose.foundation.ExperimentalFoundationApi
import androidx.compose.foundation.background
import androidx.compose.foundation.border
import androidx.compose.foundation.clickable
import androidx.compose.foundation.combinedClickable
import androidx.compose.foundation.layout.Box
import androidx.compose.foundation.layout.Row
import androidx.compose.foundation.layout.fillMaxSize
import androidx.compose.foundation.layout.fillMaxWidth
import androidx.compose.foundation.layout.padding
import androidx.compose.foundation.layout.size
import androidx.compose.foundation.shape.CircleShape
import androidx.compose.foundation.shape.RoundedCornerShape
import androidx.compose.material.Card
import androidx.compose.material.Icon
import androidx.compose.material.Text
import androidx.compose.runtime.Composable
import androidx.compose.ui.Alignment
import androidx.compose.ui.Modifier
import androidx.compose.ui.draw.clip
import androidx.compose.ui.graphics.Color
import androidx.compose.ui.res.painterResource
import androidx.compose.ui.res.stringResource
import androidx.compose.ui.text.TextStyle
import androidx.compose.ui.text.font.Font
import androidx.compose.ui.text.font.FontFamily
import androidx.compose.ui.text.font.FontWeight
import androidx.compose.ui.text.style.TextDecoration
import androidx.compose.ui.text.style.TextOverflow
import androidx.compose.ui.unit.dp
import androidx.compose.ui.unit.sp
import com.moataz.habits.ui.view.R
import com.moataz.habits.ui.view.theme.Black
import com.moataz.habits.ui.view.theme.MainColor
import com.moataz.habits.ui.viewmodel.models.HabitUI",ISSUE,,,
n0045,maxlines,moallemi__Film-Time/tv/src/main/java/io/filmtime/tv/ui/component/CastItem.kt,CastItem,30,CastItem,"   30 | fun CastItem(
   31 |   modifier: Modifier = Modifier,
   32 |   item: Person,
   33 |   onClick: () -> Unit,
   34 | ) {
   35 |   StandardCardContainer(
   36 |     modifier = modifier,
   37 |     imageCard = {
   38 |       Surface(
   39 |         onClick = onClick,
   40 |         shape = ClickableSurfaceDefaults.shape(CircleShape),
   41 |         border = ClickableSurfaceDefaults.border(
   42 |           focusedBorder = Border(
   43 |             BorderStroke(
   44 |               3.dp,
   45 |               MaterialTheme.colorScheme.onSurface,
   46 |             ),
   47 |             inset = 6.dp,
   48 |           ),
   49 |         ),
   50 |       ) {
   51 |         AsyncImage(
   52 |           modifier = Modifier
   53 |             .fillMaxWidth()
   54 |             .aspectRatio(1f)
   55 |             .clip(CircleShape),
   56 |           contentScale = ContentScale.Crop,
   57 |           model = item.imageUrl,
   58 |           contentDescription = stringResource(R.string.cd_cast_profile),
   59 |         )
   60 |       }
   61 |     },
   62 |     title = {
   63 |       Column(
   64 |         verticalArrangement = Arrangement.spacedBy(
   65 |           4.dp,
   66 |           Alignment.CenterVertically,
   67 |         ),
   68 |         horizontalAlignment = Alignment.CenterHorizontally,
   69 |         modifier = Modifier.padding(top = 20.dp),
   70 |       ) {
   71 |         Text(
   72 |           modifier = Modifier
   73 |             .fillMaxWidth(),
   74 |           text = item.name,
   75 |           style = MaterialTheme.typography.bodyMedium,
   76 |           textAlign = TextAlign.Center,
   77 |         )
   78 |         Text(
   79 |           modifier = Modifier
   80 |             .fillMaxWidth(),
   81 |           text = item.role,
   82 |           style = MaterialTheme.typography.bodyMedium.copy(
   83 |             color = MaterialTheme.colorScheme.onSurfaceVariant.copy(alpha = 0.7f),
   84 |           ),
   85 |           textAlign = TextAlign.Center,
   86 |           maxLines = 1,
   87 |           overflow = TextOverflow.Ellipsis,
   88 |         )
   89 |       }
   90 |     },
   91 |   )
   92 | }","import androidx.compose.foundation.BorderStroke
import androidx.compose.foundation.layout.Arrangement
import androidx.compose.foundation.layout.Column
import androidx.compose.foundation.layout.aspectRatio
import androidx.compose.foundation.layout.fillMaxWidth
import androidx.compose.foundation.layout.padding
import androidx.compose.foundation.shape.CircleShape
import androidx.compose.runtime.Composable
import androidx.compose.ui.Alignment
import androidx.compose.ui.Modifier
import androidx.compose.ui.draw.clip
import androidx.compose.ui.layout.ContentScale
import androidx.compose.ui.res.stringResource
import androidx.compose.ui.text.style.TextAlign
import androidx.compose.ui.text.style.TextOverflow
import androidx.compose.ui.unit.dp
import androidx.tv.material3.Border
import androidx.tv.material3.ClickableSurfaceDefaults
import androidx.tv.material3.MaterialTheme
import androidx.tv.material3.StandardCardContainer
import androidx.tv.material3.Surface
import androidx.tv.material3.Text
import coil.compose.AsyncImage
import io.filmtime.data.model.Person
import io.filmtime.tv.R",ISSUE,,,
n0035,heading_style,marosseleng__compose-material3-datetime-pickers/datetimepickers/src/main/java/com/marosseleng/compose/material3/datetimepickers/date/domain/DatePickerDefaults.kt,typography,144,typography,"  144 |     public fun typography(
  145 |         dialogSingleSelectionTitle: TextStyle = MaterialTheme.typography.labelMedium,
  146 |         headlineSingleSelection: TextStyle = MaterialTheme.typography.headlineLarge,
  147 |         weekDay: TextStyle = MaterialTheme.typography.bodySmall,
  148 |         day: TextStyle = MaterialTheme.typography.bodySmall,
  149 |         monthYear: TextStyle = MaterialTheme.typography.labelLarge,
  150 |         year: TextStyle = MaterialTheme.typography.bodyLarge,
  151 |         month: TextStyle = MaterialTheme.typography.bodyLarge,
  152 |     ): DatePickerTypography = object : DatePickerTypography {
  153 |         override val dialogSingleSelectionTitle = dialogSingleSelectionTitle
  154 |         override val headlineSingleSelection = headlineSingleSelection
  155 |         override val weekDay = weekDay
  156 |         override val day = day
  157 |         override val monthYear = monthYear
  158 |         override val year = year
  159 |         override val month = month
  160 |     }","import androidx.compose.foundation.shape.CircleShape
import androidx.compose.foundation.shape.RoundedCornerShape
import androidx.compose.material3.MaterialTheme
import androidx.compose.runtime.Composable
import androidx.compose.runtime.ReadOnlyComposable
import androidx.compose.ui.graphics.Color
import androidx.compose.ui.graphics.Shape
import androidx.compose.ui.text.TextStyle
import androidx.compose.ui.unit.Dp
import androidx.compose.ui.unit.dp",NO_ISSUE,,,
n0016,icon_image,demosten-com__SrednaBG/android/app/src/main/kotlin/com/demosten/srednabg/app/ui/components/ZoneStatusChip.kt,ZoneStatusPill,366,ZoneStatusPill,"  366 | internal fun ZoneStatusPill(
  367 |     currentSpeedKmh: Double?,
  368 |     modifier: Modifier = Modifier,
  369 | ) {
  370 |     Surface(
  371 |         modifier = modifier,
  372 |         color = MaterialTheme.colorScheme.surfaceContainerHigh.copy(alpha = 0.92f),
  373 |         contentColor = MaterialTheme.colorScheme.onSurface,
  374 |         shape = MaterialTheme.shapes.large,
  375 |         tonalElevation = 4.dp,
  376 |         shadowElevation = 6.dp,
  377 |         border = BorderStroke(1.dp, MaterialTheme.colorScheme.outline.copy(alpha = 0.4f)),
  378 |     ) {
  379 |         Row(
  380 |             modifier = Modifier.padding(horizontal = 12.dp, vertical = 8.dp),
  381 |             verticalAlignment = Alignment.CenterVertically,
  382 |         ) {
  383 |             Image(
  384 |                 painter = painterResource(R.drawable.ic_logo_mark),
  385 |                 contentDescription = null,
  386 |                 modifier = Modifier.size(22.dp),
  387 |             )
  388 |             Spacer(modifier = Modifier.width(8.dp))
  389 |             Text(
  390 |                 text = currentSpeedKmh.orDash(),
  391 |                 fontWeight = FontWeight.Bold,
  392 |                 fontSize = 22.sp,
  393 |             )
  394 |             Spacer(modifier = Modifier.width(4.dp))
  395 |             Text(
  396 |                 text = stringResource(R.string.current_speed_label),
  397 |                 style = MaterialTheme.typography.labelSmall,
  398 |                 color = MaterialTheme.colorScheme.onSurfaceVariant,
  399 |             )
  400 |         }
  401 |     }
  402 | }","import androidx.compose.foundation.BorderStroke
import androidx.compose.foundation.Image
import androidx.compose.foundation.background
import androidx.compose.foundation.isSystemInDarkTheme
import androidx.compose.foundation.layout.Box
import androidx.compose.foundation.layout.Column
import androidx.compose.foundation.layout.Row
import androidx.compose.foundation.layout.Spacer
import androidx.compose.foundation.layout.fillMaxWidth
import androidx.compose.foundation.layout.height
import androidx.compose.foundation.layout.padding
import androidx.compose.foundation.layout.size
import androidx.compose.foundation.layout.width
import androidx.compose.foundation.shape.CircleShape
import androidx.compose.material3.LinearProgressIndicator
import androidx.compose.material3.MaterialTheme
import androidx.compose.material3.Surface
import androidx.compose.material3.Text
import androidx.compose.runtime.Composable
import androidx.compose.ui.Alignment
import androidx.compose.ui.Modifier
import androidx.compose.ui.graphics.Color
import androidx.compose.ui.res.painterResource
import androidx.compose.ui.res.stringResource
import androidx.compose.ui.semantics.contentDescription
import androidx.compose.ui.semantics.semantics
import androidx.compose.ui.text.font.FontWeight
import androidx.compose.ui.unit.dp
import androidx.compose.ui.unit.sp
import com.demosten.srednabg.R
import com.demosten.srednabg.app.ui.theme.SpeedAmberDeep
import com.demosten.srednabg.app.ui.theme.SpeedGreen
import com.demosten.srednabg.app.ui.theme.SpeedRed
import com.demosten.srednabg.app.ui.util.orDash
import com.demosten.srednabg.core.VehicleType
import com.demosten.srednabg.core.ZONE_COLOR_GREEN
import com.demosten.srednabg.core.ZONE_COLOR_NEUTRAL
import com.demosten.srednabg.core.ZONE_COLOR_RED
import com.demosten.srednabg.core.ZoneState
import com.demosten.srednabg.core.zoneStatusColor
import java.util.Locale",HANDLED,,,
n0022,textfield,GetStream__stream-draw-android/app/src/main/kotlin/io/getstream/streamdraw/ui/components/TextFields.kt,AppTextField,35,AppTextField,"   35 | fun AppTextField(
   36 |     onValueChange: ((input: String) -> Unit)? = null,
   37 |     value: String = """",
   38 |     label: String,
   39 |     enabled: Boolean = true,
   40 |     keyboardType: KeyboardType = KeyboardType.Text,
   41 |     marginTop: Dp = 0.dp,
   42 |     marginBottom: Dp = 0.dp,
   43 |     marginLeft: Dp = 0.dp,
   44 |     marginRight: Dp = 0.dp
   45 | ) {
   46 |     TextField(
   47 |         modifier = Modifier
   48 |             .fillMaxWidth()
   49 |             .wrapContentHeight()
   50 |             .padding(top = marginTop, bottom = marginBottom, start = marginLeft, end = marginRight),
   51 |         textStyle = TextStyle(color = MaterialTheme.colors.onPrimary),
   52 |         value = value,
   53 |         enabled = enabled,
   54 |         onValueChange = { onValueChange?.invoke(it) },
   55 |         label = { Text(label) },
   56 |         keyboardOptions = KeyboardOptions(keyboardType = keyboardType)
   57 |     )
   58 | }","import androidx.compose.foundation.layout.fillMaxWidth
import androidx.compose.foundation.layout.padding
import androidx.compose.foundation.layout.wrapContentHeight
import androidx.compose.foundation.text.KeyboardOptions
import androidx.compose.material.MaterialTheme
import androidx.compose.material.Text
import androidx.compose.material.TextField
import androidx.compose.runtime.Composable
import androidx.compose.ui.Modifier
import androidx.compose.ui.text.TextStyle
import androidx.compose.ui.text.input.KeyboardType
import androidx.compose.ui.tooling.preview.Preview
import androidx.compose.ui.unit.Dp
import androidx.compose.ui.unit.dp",HANDLED,,,
n0031,heading_style,IacobIonut01__ReFra/app/src/main/kotlin/com/dot/gallery/cloud/ui/backup/CloudBackupDashboardScreen.kt,EmptyServices,970,EmptyServices,"  970 | private fun EmptyServices(onAddService: () -> Unit, modifier: Modifier = Modifier) {
  971 |     Column(
  972 |         modifier = modifier
  973 |             .fillMaxWidth()
  974 |             .padding(top = 24.dp),
  975 |         horizontalAlignment = Alignment.CenterHorizontally,
  976 |         verticalArrangement = Arrangement.spacedBy(16.dp)
  977 |     ) {
  978 |         Icon(
  979 |             imageVector = Icons.Outlined.CloudOff,
  980 |             contentDescription = null,
  981 |             modifier = Modifier.size(64.dp),
  982 |             tint = MaterialTheme.colorScheme.onSurfaceVariant
  983 |         )
  984 |         Text(
  985 |             text = stringResource(R.string.cloud_backup_no_services),
  986 |             style = MaterialTheme.typography.titleMedium,
  987 |             color = MaterialTheme.colorScheme.onSurfaceVariant
  988 |         )
  989 |         Button(onClick = onAddService) {
  990 |             Icon(Icons.Outlined.Add, contentDescription = null, modifier = Modifier.size(18.dp))
  991 |             Spacer(Modifier.width(8.dp))
  992 |             Text(stringResource(R.string.cloud_backup_add_service))
  993 |         }
  994 |     }
  995 | }","import androidx.compose.animation.AnimatedVisibility
import androidx.compose.animation.animateContentSize
import androidx.compose.animation.core.animateFloatAsState
import androidx.compose.animation.core.tween
import androidx.compose.foundation.background
import androidx.compose.foundation.layout.Arrangement
import androidx.compose.foundation.layout.Box
import androidx.compose.foundation.layout.Column
import androidx.compose.foundation.layout.PaddingValues
import androidx.compose.foundation.layout.Row
import androidx.compose.foundation.layout.Spacer
import androidx.compose.foundation.layout.calculateEndPadding
import androidx.compose.foundation.layout.calculateStartPadding
import androidx.compose.foundation.layout.fillMaxSize
import androidx.compose.foundation.layout.fillMaxWidth
import androidx.compose.foundation.layout.height
import androidx.compose.foundation.layout.padding
import androidx.compose.foundation.layout.size
import androidx.compose.foundation.layout.width
import androidx.compose.foundation.lazy.LazyColumn
import androidx.compose.foundation.lazy.itemsIndexed
import androidx.compose.foundation.shape.CircleShape
import androidx.compose.foundation.shape.RoundedCornerShape
import androidx.compose.material.icons.Icons
import androidx.compose.material.icons.outlined.AccountTree
import androidx.compose.material.icons.outlined.Add
import androidx.compose.material.icons.outlined.CloudOff
import androidx.compose.material.icons.outlined.CloudUpload
import androidx.compose.material.icons.outlined.Folder
import androidx.compose.material.icons.outlined.Refresh
import androidx.compose.material.icons.outlined.SdStorage
import androidx.compose.material.icons.outlined.Settings
import androidx.compose.material.icons.outlined.Sync
import androidx.compose.material.icons.outlined.Tune
import androidx.compose.material3.Button
import androidx.compose.material3.ButtonDefaults
import androidx.compose.material3.CircularProgressIndicator
import androidx.compose.material3.ExperimentalMaterial3Api
import androidx.compose.material3.FilledTonalIconButton
import androidx.compose.material3.Icon
import androidx.compose.material3.IconButton
import androidx.compose.material3.LargeTopAppBar
import androidx.compose.material3.LinearProgressIndicator
import androidx.compose.material3.MaterialTheme
import androidx.compose.material3.Scaffold
import androidx.compose.material3.Switch
import androidx.compose.material3.Text
import androidx.compose.material3.TopAppBarDefaults
import androidx.compose.material3.rememberTopAppBarState
import androidx.compose.runtime.Composable
import androidx.compose.runtime.getValue
import androidx.compose.runtime.remember
import androidx.compose.ui.Alignment
import androidx.compose.ui.Modifier
import androidx.compose.ui.draw.clip
import androidx.compose.ui.geometry.CornerRadius
import androidx.compose.ui.geometry.Offset
import androidx.compose.ui.geometry.Size
import androidx.compose.ui.graphics.Color
import androidx.compose.ui.graphics.vector.ImageVector
import androidx.compose.ui.input.nestedscroll.nestedScroll
import androidx.compose.ui.platform.LocalLayoutDirection
import androidx.compose.ui.res.stringResource
import androidx.compose.ui.text.font.FontWeight
import androidx.compose.ui.text.style.TextOverflow
import androidx.compose.ui.unit.dp
import androidx.compose.foundation.Canvas
import androidx.hilt.lifecycle.viewmodel.compose.hiltViewModel
import androidx.lifecycle.compose.collectAsStateWithLifecycle
import com.dot.gallery.R
import com.dot.gallery.cloud.core.ConnectionState
import com.dot.gallery.cloud.sync.CloudUploadWorker
import com.dot.gallery.cloud.ui.descriptor.ProviderBrandIcon
import com.dot.gallery.cloud.ui.sync.SyncStatusViewModel
import com.dot.gallery.core.Position
import com.dot.gallery.core.SettingsEntity
import com.dot.gallery.core.presentation.components.NavigationBackButton
import com.dot.gallery.feature_node.presentation.settings.components.SettingsItem
import com.dot.gallery.feature_node.presentation.util.LocalHazeState
import dev.chrisbanes.haze.LocalHazeStyle
import dev.chrisbanes.haze.hazeEffect
import kotlin.math.roundToInt",ISSUE,,,
n0038,pointer_input,barbeau__gpstest/GPSTest/src/main/java/com/android/gpstest/ui/components/LinkifyText.kt,LinkifyText,29,LinkifyText,"   29 | fun LinkifyText(text: String, modifier: Modifier = Modifier) {
   30 |     val uriHandler = LocalUriHandler.current
   31 |     val layoutResult = remember {
   32 |         mutableStateOf<TextLayoutResult?>(null)
   33 |     }
   34 |     val linksList = extractUrls(text)
   35 |     val annotatedString = buildAnnotatedString {
   36 |         append(text)
   37 |         linksList.forEach {
   38 |             addStyle(
   39 |                 style = SpanStyle(
   40 |                     color = Color.Companion.Blue,
   41 |                     textDecoration = TextDecoration.Underline
   42 |                 ),
   43 |                 start = it.start,
   44 |                 end = it.end
   45 |             )
   46 |             addStringAnnotation(
   47 |                 tag = ""URL"",
   48 |                 annotation = it.url,
   49 |                 start = it.start,
   50 |                 end = it.end
   51 |             )
   52 |         }
   53 |     }
   54 |     Text(text = annotatedString, style = MaterialTheme.typography.body1, modifier = modifier.pointerInput(Unit) {
   55 |         detectTapGestures { offsetPosition ->
   56 |             layoutResult.value?.let {
   57 |                 val position = it.getOffsetForPosition(offsetPosition)
   58 |                 annotatedString.getStringAnnotations(position, position).firstOrNull()
   59 |                     ?.let { result ->
   60 |                         if (result.tag == ""URL"") {
   61 |                             uriHandler.openUri(result.item)
   62 |                         }
   63 |                     }
   64 |             }
   65 |         }
   66 |     },
   67 |         onTextLayout = { layoutResult.value = it }
   68 |     )
   69 | }","import androidx.compose.foundation.gestures.detectTapGestures
import androidx.compose.material.MaterialTheme
import androidx.compose.material.Text
import androidx.compose.runtime.Composable
import androidx.compose.runtime.mutableStateOf
import androidx.compose.runtime.remember
import androidx.compose.ui.Modifier
import androidx.compose.ui.graphics.Color
import androidx.compose.ui.input.pointer.pointerInput
import androidx.compose.ui.platform.LocalUriHandler
import androidx.compose.ui.text.SpanStyle
import androidx.compose.ui.text.TextLayoutResult
import androidx.compose.ui.text.buildAnnotatedString
import androidx.compose.ui.text.style.TextDecoration
import java.util.regex.Pattern",ISSUE,,,
n0046,maxlines,MoatazBadawy__Mawaqeet-Todo_and_Habits/habits/ui/view/src/main/java/com/moataz/habits/ui/view/component/HabitsEmpty.kt,HabitsEmpty,22,HabitsEmpty,"   22 | fun HabitsEmpty() {
   23 |     Text(
   24 |         text = stringResource(id = R.string.no_habits),
   25 |         style = TextStyle(
   26 |             fontFamily = FontFamily(Font(R.font.almarai_light)),
   27 |             fontWeight = FontWeight.Bold,
   28 |             fontSize = 18.sp,
   29 |             color = Black,
   30 |             textDecoration = TextDecoration.None,
   31 |         ),
   32 |         modifier = Modifier
   33 |             .fillMaxSize()
   34 |             .padding(16.dp),
   35 |         overflow = TextOverflow.Ellipsis,
   36 |         maxLines = 1,
   37 |         textAlign = TextAlign.Center,
   38 |     )
   39 | }","import androidx.compose.foundation.layout.fillMaxSize
import androidx.compose.foundation.layout.padding
import androidx.compose.material.Text
import androidx.compose.runtime.Composable
import androidx.compose.ui.Modifier
import androidx.compose.ui.res.stringResource
import androidx.compose.ui.text.TextStyle
import androidx.compose.ui.text.font.Font
import androidx.compose.ui.text.font.FontFamily
import androidx.compose.ui.text.font.FontWeight
import androidx.compose.ui.text.style.TextAlign
import androidx.compose.ui.text.style.TextDecoration
import androidx.compose.ui.text.style.TextOverflow
import androidx.compose.ui.unit.dp
import androidx.compose.ui.unit.sp
import com.moataz.habits.ui.view.R
import com.moataz.habits.ui.view.theme.Black",NO_ISSUE,,,
n0013,icon_image,Hamza417__Peristyle/app/src/main/java/app/simple/peri/ui/commons/Preference.kt,OtherApps,203,OtherApps,"  203 | fun OtherApps(title: String, description: String, iconResId: Int, onClick: () -> Unit) {
  204 |     val verticalPadding = 16.dp
  205 |     val iconSize = 72.dp
  206 | 
  207 |     Card(
  208 |             modifier = Modifier
  209 |                 .fillMaxWidth(),
  210 |             shape = RoundedCornerShape(PREF_HORIZONTAL_PADDING),
  211 |             colors = CardDefaults.cardColors(
  212 |                     containerColor = Color.Transparent,
  213 |             ),
  214 |             onClick = onClick
  215 |     ) {
  216 |         Row(
  217 |                 modifier = Modifier.padding(start = PREF_HORIZONTAL_PADDING, end = PREF_HORIZONTAL_PADDING, top = verticalPadding, bottom = verticalPadding),
  218 |                 verticalAlignment = Alignment.CenterVertically
  219 |         ) {
  220 |             Icon(
  221 |                     painter = painterResource(id = iconResId),
  222 |                     contentDescription = null,
  223 |                     tint = Color.Unspecified,
  224 |                     modifier = Modifier
  225 |                         .padding(end = 16.dp)
  226 |                         .size(iconSize)
  227 |             )
  228 |             Column(
  229 |                     modifier = Modifier.padding(start = 16.dp)
  230 |             ) {
  231 |                 Text(
  232 |                         text = title,
  233 |                         fontWeight = FontWeight.Bold,
  234 |                         fontSize = PREFERENCE_TITLE_SIZE,
  235 |                         modifier = Modifier.padding(bottom = 4.dp)
  236 |                 )
  237 |                 Text(
  238 |                         text = description,
  239 |                         fontWeight = FontWeight.Normal,
  240 |                         fontSize = PREFERENCE_DESCRIPTION_SIZE,
  241 |                         modifier = Modifier.padding(bottom = 8.dp)
  242 |                 )
  243 |             }
  244 |         }
  245 |     }
  246 | }","import android.annotation.SuppressLint
import androidx.compose.foundation.layout.Arrangement
import androidx.compose.foundation.layout.Column
import androidx.compose.foundation.layout.Row
import androidx.compose.foundation.layout.fillMaxWidth
import androidx.compose.foundation.layout.padding
import androidx.compose.foundation.layout.size
import androidx.compose.foundation.shape.RoundedCornerShape
import androidx.compose.material3.Button
import androidx.compose.material3.Card
import androidx.compose.material3.CardDefaults
import androidx.compose.material3.Icon
import androidx.compose.material3.MaterialTheme
import androidx.compose.material3.Switch
import androidx.compose.material3.Text
import androidx.compose.runtime.Composable
import androidx.compose.runtime.LaunchedEffect
import androidx.compose.runtime.getValue
import androidx.compose.runtime.mutableStateOf
import androidx.compose.runtime.remember
import androidx.compose.runtime.setValue
import androidx.compose.ui.Alignment
import androidx.compose.ui.Modifier
import androidx.compose.ui.graphics.Color
import androidx.compose.ui.res.painterResource
import androidx.compose.ui.text.font.FontWeight
import androidx.compose.ui.unit.Dp
import androidx.compose.ui.unit.dp
import androidx.compose.ui.unit.sp",HANDLED,,,
n0014,icon_image,Waboodoo__Status-Bar-Tachometer/StatusBarSpeedometer/app/src/main/kotlin/ch/rmy/android/statusbar_tacho/components/Menu.kt,MenuItem,68,MenuItem,"   68 | fun MenuScope.MenuItem(
   69 |     title: String,
   70 |     icon: Painter,
   71 |     onClick: () -> Unit,
   72 | ) {
   73 |     DropdownMenuItem(
   74 |         text = {
   75 |             Text(
   76 |                 modifier = Modifier.padding(end = 8.dp),
   77 |                 text = title,
   78 |             )
   79 |         },
   80 |         leadingIcon = {
   81 |             Icon(
   82 |                 modifier = Modifier.padding(start = 8.dp),
   83 |                 painter = icon,
   84 |                 contentDescription = null,
   85 |             )
   86 |         },
   87 |         onClick = {
   88 |             onClick()
   89 |             onItemSelected()
   90 |         },
   91 |     )
   92 | }","import androidx.compose.foundation.clickable
import androidx.compose.foundation.interaction.MutableInteractionSource
import androidx.compose.foundation.layout.Box
import androidx.compose.foundation.layout.padding
import androidx.compose.foundation.layout.size
import androidx.compose.material3.DropdownMenu
import androidx.compose.material3.DropdownMenuItem
import androidx.compose.material3.Icon
import androidx.compose.material3.Text
import androidx.compose.material3.ripple
import androidx.compose.runtime.Composable
import androidx.compose.runtime.getValue
import androidx.compose.runtime.mutableStateOf
import androidx.compose.runtime.remember
import androidx.compose.runtime.setValue
import androidx.compose.ui.Modifier
import androidx.compose.ui.graphics.painter.Painter
import androidx.compose.ui.res.colorResource
import androidx.compose.ui.res.painterResource
import androidx.compose.ui.res.stringResource
import androidx.compose.ui.semantics.Role
import androidx.compose.ui.unit.dp
import ch.rmy.android.statusbar_tacho.R",HANDLED,,,
n0028,progress,chmouel__liseur/app/src/main/kotlin/com/chmouel/liseur/ui/library/LibraryScreen.kt,ContinueReadingCard,1343,ContinueReadingCard," 1343 | private fun ContinueReadingCard(
 1344 |     entry: ContinueReading,
 1345 |     onClick: () -> Unit,
 1346 |     modifier: Modifier = Modifier,
 1347 | ) {
 1348 |     ElevatedCard(onClick = onClick, modifier = modifier.fillMaxWidth()) {
 1349 |         Row(Modifier.padding(16.dp), verticalAlignment = Alignment.CenterVertically) {
 1350 |             BookCover(
 1351 |                 book = entry.book,
 1352 |                 modifier = Modifier
 1353 |                     .width(72.dp)
 1354 |                     .height(108.dp)
 1355 |                     // A drop shadow is a soft gradient, and electronic paper
 1356 |                     // has no soft: it dithers one into a halo of grey specks
 1357 |                     // around the cover, which then ghosts. The cover already
 1358 |                     // draws its own outline, which is all the lift it needs.
 1359 |                     .then(
 1360 |                         if (LocalEInk.current) Modifier
 1361 |                         else Modifier.shadow(6.dp, RoundedCornerShape(10.dp)),
 1362 |                     ),
 1363 |             )
 1364 |             Column(
 1365 |                 Modifier
 1366 |                     .padding(start = 16.dp)
 1367 |                     .fillMaxWidth(),
 1368 |             ) {
 1369 |                 Text(
 1370 |                     text = stringResource(R.string.continue_reading).uppercase(),
 1371 |                     style = MaterialTheme.typography.labelSmall,
 1372 |                     fontWeight = FontWeight.Bold,
 1373 |                     letterSpacing = 0.8.sp,
 1374 |                     color = MaterialTheme.colorScheme.primary,
 1375 |                 )
 1376 |                 Spacer(Modifier.height(2.dp))
 1377 |                 Text(
 1378 |                     text = entry.book.displayTitle,
 1379 |                     style = MaterialTheme.typography.titleMedium,
 1380 |                     fontWeight = FontWeight.SemiBold,
 1381 |                     maxLines = 2,
 1382 |                     overflow = TextOverflow.Ellipsis,
 1383 |                 )
 1384 |                 entry.book.displayAuthor?.let {
 1385 |                     Text(
 1386 |                         text = it,
 1387 |                         style = MaterialTheme.typography.bodySmall,
 1388 |                         color = MaterialTheme.colorScheme.onSurfaceVariant,
 1389 |                         maxLines = 1,
 1390 |                         overflow = TextOverflow.Ellipsis,
 1391 |                     )
 1392 |                 }
 1393 |                 entry.progression?.let { progression ->
 1394 |                     Row(
 1395 |                         verticalAlignment = Alignment.CenterVertically,
 1396 |                         modifier = Modifier.padding(top = 8.dp),
 1397 |                     ) {
 1398 |                         LinearProgressIndicator(
 1399 |                             progress = { progression.toFloat() },
 1400 |                             strokeCap = StrokeCap.Round,
 1401 |                             modifier = Modifier.weight(1f).height(6.dp),
 1402 |                         )
 1403 |                         Text(
 1404 |                             text = ""${(progression * 100).toInt()}%"",
 1405 |                             style = MaterialTheme.typography.labelSmall,
 1406 |                             color = MaterialTheme.colorScheme.onSurfaceVariant,
 1407 |                             modifier = Modifier.padding(start = 8.dp),
 1408 |                         )
 1409 |                     }
 1410 |                 }
 1411 |             }
 1412 |         }
 1413 |     }
 1414 | }","import androidx.activity.compose.BackHandler
import androidx.compose.foundation.BorderStroke
import androidx.compose.foundation.ExperimentalFoundationApi
import androidx.compose.foundation.Image
import androidx.compose.foundation.background
import androidx.compose.foundation.border
import androidx.compose.foundation.combinedClickable
import androidx.compose.foundation.clickable
import androidx.compose.animation.core.LinearEasing
import androidx.compose.animation.core.RepeatMode
import androidx.compose.animation.core.animateFloat
import androidx.compose.animation.core.infiniteRepeatable
import androidx.compose.animation.core.rememberInfiniteTransition
import androidx.compose.animation.core.tween
import androidx.compose.ui.hapticfeedback.HapticFeedbackType
import androidx.compose.ui.platform.LocalHapticFeedback
import androidx.compose.ui.semantics.semantics
import androidx.compose.ui.semantics.stateDescription
import androidx.compose.foundation.layout.Arrangement
import androidx.compose.foundation.layout.Box
import androidx.compose.foundation.layout.Column
import androidx.compose.foundation.layout.PaddingValues
import androidx.compose.foundation.layout.Row
import androidx.compose.foundation.layout.Spacer
import androidx.compose.foundation.layout.aspectRatio
import androidx.compose.foundation.layout.fillMaxSize
import androidx.compose.foundation.layout.fillMaxWidth
import androidx.compose.foundation.layout.height
import androidx.compose.foundation.layout.heightIn
import androidx.compose.foundation.layout.padding
import androidx.compose.foundation.layout.size
import androidx.compose.foundation.layout.width
import androidx.compose.foundation.layout.widthIn
import androidx.compose.foundation.lazy.grid.GridCells
import androidx.compose.foundation.lazy.grid.GridItemSpan
import androidx.compose.foundation.lazy.grid.LazyGridState
import androidx.compose.foundation.lazy.grid.LazyVerticalGrid
import androidx.compose.foundation.lazy.grid.items
import androidx.compose.foundation.lazy.grid.rememberLazyGridState
import androidx.compose.foundation.shape.CircleShape
import androidx.compose.foundation.shape.RoundedCornerShape
import androidx.compose.material.icons.Icons
import androidx.compose.material.icons.automirrored.outlined.ArrowBack
import androidx.compose.material.icons.outlined.Add
import androidx.compose.material.icons.outlined.Archive
import androidx.compose.material.icons.outlined.ArrowBack
import androidx.compose.material.icons.outlined.Close
import androidx.compose.material.icons.outlined.CloudDownload
import androidx.compose.material.icons.outlined.Check
import androidx.compose.material.icons.outlined.CloudQueue
import androidx.compose.material.icons.outlined.Schedule
import androidx.compose.material.icons.outlined.Search
import androidx.compose.material.icons.outlined.Settings
import androidx.compose.material.icons.outlined.CreateNewFolder
import androidx.compose.material.icons.outlined.LibraryAdd
import androidx.compose.material.icons.outlined.FilterList
import androidx.compose.material3.Button
import androidx.compose.material3.CircularProgressIndicator
import androidx.compose.material3.ElevatedCard
import androidx.compose.material3.ExperimentalMaterial3Api
import androidx.compose.material3.Icon
import androidx.compose.material.icons.outlined.ArrowDownward
import androidx.compose.material.icons.outlined.ArrowUpward
import androidx.compose.material3.DropdownMenu
import androidx.compose.material3.Checkbox
import androidx.compose.material3.DropdownMenuItem
import androidx.compose.material3.OutlinedTextField
import androidx.compose.material3.Surface
import androidx.compose.material3.TextButton
import androidx.compose.material3.TopAppBar
import com.chmouel.liseur.domain.LibraryFilterOption
import com.chmouel.liseur.domain.LibraryFilters
import com.chmouel.liseur.domain.LibrarySort
import com.chmouel.liseur.domain.SeriesShelf
import com.chmouel.liseur.domain.ShelfEntry
import com.chmouel.liseur.domain.displayAuthor
import com.chmouel.liseur.domain.displayTitle
import androidx.compose.material3.IconButton
import androidx.compose.material3.LinearProgressIndicator
import androidx.compose.material3.MaterialTheme
import androidx.compose.material.icons.outlined.BarChart
import androidx.compose.material.icons.outlined.MoreVert
import androidx.compose.material3.OutlinedButton
import androidx.compose.material3.AlertDialog
import androidx.compose.material3.HorizontalDivider
import androidx.compose.material3.Scaffold
import androidx.compose.material3.TextButton
import kotlinx.coroutines.flow.Flow
import androidx.compose.material3.pulltorefresh.PullToRefreshBox
import androidx.compose.material3.SnackbarHost
import androidx.compose.material3.SnackbarHostState
import androidx.compose.material3.SnackbarResult
import androidx.compose.material3.Text
import androidx.compose.material3.TopAppBarDefaults
import androidx.compose.runtime.Composable
import androidx.compose.runtime.LaunchedEffect
import androidx.compose.runtime.getValue
import androidx.compose.runtime.mutableStateOf
import androidx.compose.runtime.remember
import androidx.compose.runtime.rememberCoroutineScope
import androidx.compose.runtime.rememberUpdatedState
import androidx.compose.runtime.saveable.rememberSaveable
import androidx.compose.runtime.setValue
import androidx.compose.ui.Alignment
import androidx.compose.ui.Modifier
import androidx.compose.ui.draw.alpha
import androidx.compose.ui.draw.clip
import androidx.compose.ui.draw.shadow
import androidx.compose.ui.focus.FocusRequester
import androidx.compose.ui.focus.focusRequester
import androidx.compose.ui.graphics.Color
import androidx.compose.ui.graphics.StrokeCap
import androidx.compose.ui.graphics.luminance
import androidx.compose.ui.input.nestedscroll.nestedScroll
import androidx.compose.ui.layout.ContentScale
import androidx.compose.ui.platform.LocalContext
import androidx.compose.ui.platform.LocalSoftwareKeyboardController
import androidx.compose.ui.res.painterResource
import androidx.compose.ui.res.pluralStringResource
import androidx.compose.ui.res.stringResource
import androidx.compose.ui.text.TextRange
import androidx.compose.ui.text.font.FontFamily
import androidx.compose.ui.text.font.FontWeight
import androidx.compose.ui.text.input.TextFieldValue
import androidx.compose.ui.text.style.TextAlign
import androidx.compose.ui.text.style.TextOverflow
import androidx.compose.ui.unit.DpOffset
import androidx.compose.ui.unit.dp
import androidx.compose.ui.unit.sp
import coil3.compose.AsyncImage
import coil3.compose.SubcomposeAsyncImage
import coil3.request.ImageRequest
import coil3.request.crossfade
import com.chmouel.liseur.R
import com.chmouel.liseur.data.remote.CatalogStatus
import com.chmouel.liseur.data.remote.SyncFailure
import com.chmouel.liseur.data.db.Book
import com.chmouel.liseur.data.db.RefusedBytes
import com.chmouel.liseur.data.db.UploadRefusal
import com.chmouel.liseur.data.calibre.DownloadProgress
import com.chmouel.liseur.data.db.DownloadState
import com.chmouel.liseur.ui.LocalEInk
import com.chmouel.liseur.ui.LiseurModalBottomSheet
import com.chmouel.liseur.ui.UploadBookOfferDialog
import com.chmouel.liseur.ui.BRAND_TILE_ASPECT
import com.chmouel.liseur.ui.BusyIndicator
import com.chmouel.liseur.ui.brandTileHeight
import com.chmouel.liseur.ui.contentWidthCap",HANDLED,,,
n0019,textfield,open-turo__nibel/sample/common/src/main/kotlin/com/turo/nibel/sample/common/CommonScreen.kt,CommonScreenContent,64,CommonScreenContent,"   64 | private fun <NB : NextButton> CommonScreenContent(
   65 |     inputText: String,
   66 |     implementationType: ImplementationType,
   67 |     nextButtons: List<NB>,
   68 |     inputTextEditable: Boolean,
   69 |     inputTextVisible: Boolean,
   70 |     onContinue: (NB) -> Unit,
   71 |     onInputTextChanged: (String) -> Unit,
   72 |     modifier: Modifier = Modifier,
   73 | ) {
   74 |     val supportingText =
   75 |         if (inputTextEditable) {
   76 |             stringResource(R.string.input_supporting_text)
   77 |         } else {
   78 |             stringResource(R.string.input_read_only_text)
   79 |         }
   80 | 
   81 |     LazyColumn(modifier, contentPadding = PaddingValues(16.dp)) {
   82 |         item {
   83 |             Spacer(modifier = Modifier.height(48.dp))
   84 | 
   85 |             Text(
   86 |                 text = ""Jetpack Compose screen"",
   87 |                 style = MaterialTheme.typography.headlineSmall,
   88 |             )
   89 |             Text(
   90 |                 text = ""Implementation Type: $implementationType"",
   91 |                 style = MaterialTheme.typography.titleMedium,
   92 |             )
   93 | 
   94 |             Spacer(modifier = Modifier.height(64.dp))
   95 | 
   96 |             if (inputTextVisible) {
   97 |                 OutlinedTextField(
   98 |                     value = inputText,
   99 |                     onValueChange = onInputTextChanged,
  100 |                     maxLines = 1,
  101 |                     enabled = inputTextEditable,
  102 |                     label = {
  103 |                         Text(""Input text"")
  104 |                     },
  105 |                     supportingText = {
  106 |                         Text(text = supportingText)
  107 |                     },
  108 |                     modifier = Modifier.fillMaxWidth(),
  109 |                 )
  110 | 
  111 |                 Spacer(modifier = Modifier.height(24.dp))
  112 |             }
  113 |         }
  114 |         items(nextButtons.size) {
  115 |             Button(
  116 |                 onClick = { onContinue(nextButtons[it]) },
  117 |                 Modifier
  118 |                     .height(55.dp)
  119 |                     .fillMaxWidth(),
  120 |                 shape = TextFieldDefaults.outlinedShape,
  121 |             ) {
  122 |                 Text(text = nextButtons[it].title)
  123 |             }
  124 | 
  125 |             Spacer(modifier = Modifier.height(24.dp))
  126 |         }
  127 |     }
  128 | }","import androidx.compose.foundation.layout.Box
import androidx.compose.foundation.layout.PaddingValues
import androidx.compose.foundation.layout.Spacer
import androidx.compose.foundation.layout.fillMaxWidth
import androidx.compose.foundation.layout.height
import androidx.compose.foundation.layout.padding
import androidx.compose.foundation.lazy.LazyColumn
import androidx.compose.material3.Button
import androidx.compose.material3.ExperimentalMaterial3Api
import androidx.compose.material3.MaterialTheme
import androidx.compose.material3.OutlinedTextField
import androidx.compose.material3.Scaffold
import androidx.compose.material3.Text
import androidx.compose.material3.TextFieldDefaults
import androidx.compose.runtime.Composable
import androidx.compose.ui.Modifier
import androidx.compose.ui.res.stringResource
import androidx.compose.ui.tooling.preview.Preview
import androidx.compose.ui.unit.dp
import nibel.annotations.ImplementationType",HANDLED,,,
n0033,heading_style,UmairKhalid786__ComposeTv/app/src/main/java/com/techlads/composetv/features/search/SearchScreen.kt,SearchView,65,SearchView,"   65 | fun SearchView() {
   66 |     Column {
   67 |         Text(
   68 |             text = ""Start typing to search"",
   69 |             style = MaterialTheme.typography.titleLarge,
   70 |             modifier = Modifier.padding(all = 12.dp),
   71 |         )
   72 |         Spacer(modifier = Modifier.height(1.dp).background(MaterialTheme.colorScheme.onSurface))
   73 |     }
   74 | }","import androidx.compose.foundation.background
import androidx.compose.foundation.layout.Column
import androidx.compose.foundation.layout.PaddingValues
import androidx.compose.foundation.layout.Row
import androidx.compose.foundation.layout.Spacer
import androidx.compose.foundation.layout.fillMaxSize
import androidx.compose.foundation.layout.height
import androidx.compose.foundation.layout.padding
import androidx.compose.foundation.layout.width
import androidx.compose.foundation.lazy.grid.GridCells
import androidx.compose.foundation.lazy.grid.GridItemSpan
import androidx.compose.foundation.lazy.grid.LazyVerticalGrid
import androidx.compose.runtime.Composable
import androidx.compose.ui.Modifier
import androidx.compose.ui.tooling.preview.Devices
import androidx.compose.ui.tooling.preview.Preview
import androidx.compose.ui.unit.dp
import androidx.tv.material3.MaterialTheme
import androidx.tv.material3.Text
import com.techlads.composetv.features.home.carousel.VerticalCarouselItem
import com.techlads.composetv.features.keyboard.MiniKeyboard
import com.techlads.composetv.theme.ComposeTvTheme",NO_ISSUE,,,
n0002,switch_checkbox,odaridavid__WeatherApp/app/src/main/java/com/github/odaridavid/weatherapp/designsystem/organism/BottomSheets.kt,MultiSelectBottomSheet,36,MultiSelectBottomSheet,"   36 | fun MultiSelectBottomSheet(
   37 |     title: String,
   38 |     items: List<BottomSheetItem>,
   39 |     selectedItems: List<BottomSheetItem>,
   40 |     sheetState: SheetState,
   41 |     onSaveState: (List<BottomSheetItem>) -> Unit,
   42 |     onDismiss: (() -> Unit)? = null,
   43 | ) {
   44 |     val scope = rememberCoroutineScope()
   45 |     ModalBottomSheet(
   46 |         onDismissRequest = {
   47 |             scope.launch {
   48 |                 sheetState.hide()
   49 |             }
   50 |             if (onDismiss != null) {
   51 |                 onDismiss()
   52 |             }
   53 |         },
   54 |         sheetState = sheetState,
   55 | //        windowInsets = WindowInsets.navigationBars,
   56 |     ) {
   57 |         Column(
   58 |             modifier = Modifier
   59 |                 .fillMaxWidth()
   60 |         ) {
   61 |             SmallHeadline(
   62 |                 text = title,
   63 |                 modifier = Modifier.padding(
   64 |                     vertical = WeatherAppTheme.dimens.small,
   65 |                     horizontal = WeatherAppTheme.dimens.medium
   66 |                 )
   67 |             )
   68 |             val selectedItemsState =
   69 |                 remember { mutableStateListOf(*selectedItems.toTypedArray()) }
   70 | 
   71 |             LazyColumn() {
   72 |                 items(items) { item ->
   73 |                     Row {
   74 |                         Checkbox(
   75 |                             checked = selectedItemsState.count { it.id == item.id } > 0,
   76 |                             onCheckedChange = { isSelected ->
   77 |                                 if (isSelected) {
   78 |                                     if (item.id == NONE_ID) selectedItemsState.clear()
   79 |                                     // TODO use removeIf once min sdk is 24
   80 |                                     else selectedItemsState.removeAll { it.id == NONE_ID }
   81 | 
   82 |                                     selectedItemsState.add(item.copy(isSelected = true))
   83 |                                 } else {
   84 |                                     selectedItemsState.removeAll { it.id == item.id }
   85 |                                 }
   86 |                             }
   87 |                         )
   88 |                         MediumBody(
   89 |                             text = item.name,
   90 |                             modifier = Modifier.padding(
   91 |                                 horizontal = WeatherAppTheme.dimens.small,
   92 |                                 vertical = WeatherAppTheme.dimens.medium
   93 |                             )
   94 |                         )
   95 |                     }
   96 |                 }
   97 |             }
   98 |             MultiSelectSaveButtonSection(
   99 |                 sheetState = sheetState,
  100 |                 coroutineScope = scope,
  101 |                 onSaveState = onSaveState,
  102 |                 selectedItemsState = selectedItemsState,
  103 |             )
  104 |         }
  105 |     }
  106 | }","import androidx.compose.foundation.layout.Box
import androidx.compose.foundation.layout.Column
import androidx.compose.foundation.layout.Row
import androidx.compose.foundation.layout.fillMaxWidth
import androidx.compose.foundation.layout.padding
import androidx.compose.foundation.lazy.LazyColumn
import androidx.compose.foundation.lazy.items
import androidx.compose.material3.Checkbox
import androidx.compose.material3.ExperimentalMaterial3Api
import androidx.compose.material3.ModalBottomSheet
import androidx.compose.material3.RadioButton
import androidx.compose.material3.SheetState
import androidx.compose.runtime.Composable
import androidx.compose.runtime.MutableState
import androidx.compose.runtime.mutableStateListOf
import androidx.compose.runtime.mutableStateOf
import androidx.compose.runtime.remember
import androidx.compose.runtime.rememberCoroutineScope
import androidx.compose.runtime.snapshots.SnapshotStateList
import androidx.compose.ui.Alignment
import androidx.compose.ui.Modifier
import androidx.compose.ui.res.stringResource
import com.github.odaridavid.weatherapp.R
import com.github.odaridavid.weatherapp.designsystem.WeatherAppTheme
import com.github.odaridavid.weatherapp.designsystem.molecule.MediumBody
import com.github.odaridavid.weatherapp.designsystem.molecule.PositiveButton
import com.github.odaridavid.weatherapp.designsystem.molecule.SmallHeadline
import kotlinx.coroutines.CoroutineScope
import kotlinx.coroutines.launch",ISSUE,,,
n0017,icon_image,gabriel-TheCode__Infotify/app/src/main/java/com/thecode/infotify/designsystem/component/ArticleCard.kt,BookmarkButton,249,BookmarkButton,"  249 | private fun BookmarkButton(isBookmarked: Boolean, onClick: () -> Unit) {
  250 |     IconButton(onClick = onClick, modifier = Modifier.size(40.dp)) {
  251 |         Icon(
  252 |             imageVector = if (isBookmarked) Icons.Filled.Bookmark else Icons.Outlined.BookmarkBorder,
  253 |             contentDescription = stringResource(
  254 |                 if (isBookmarked) R.string.action_remove_bookmark else R.string.action_bookmark
  255 |             ),
  256 |             tint = if (isBookmarked) {
  257 |                 MaterialTheme.colorScheme.primary
  258 |             } else {
  259 |                 MaterialTheme.colorScheme.onSurfaceVariant
  260 |             },
  261 |             modifier = Modifier.size(20.dp)
  262 |         )
  263 |     }
  264 | }","import androidx.compose.foundation.background
import androidx.compose.foundation.layout.Arrangement
import androidx.compose.foundation.layout.Box
import androidx.compose.foundation.layout.Column
import androidx.compose.foundation.layout.Row
import androidx.compose.foundation.layout.aspectRatio
import androidx.compose.foundation.layout.fillMaxSize
import androidx.compose.foundation.layout.fillMaxWidth
import androidx.compose.foundation.layout.padding
import androidx.compose.foundation.layout.size
import androidx.compose.foundation.shape.RoundedCornerShape
import androidx.compose.material.icons.Icons
import androidx.compose.material.icons.filled.Bookmark
import androidx.compose.material.icons.outlined.BookmarkBorder
import androidx.compose.material.icons.outlined.Share
import androidx.compose.material3.Icon
import androidx.compose.material3.IconButton
import androidx.compose.material3.MaterialTheme
import androidx.compose.material3.Surface
import androidx.compose.material3.Text
import androidx.compose.runtime.Composable
import androidx.compose.runtime.getValue
import androidx.compose.runtime.mutableStateOf
import androidx.compose.runtime.remember
import androidx.compose.runtime.setValue
import androidx.compose.ui.Alignment
import androidx.compose.ui.Modifier
import androidx.compose.ui.draw.clip
import androidx.compose.ui.layout.ContentScale
import androidx.compose.ui.res.stringResource
import androidx.compose.ui.text.style.TextOverflow
import androidx.compose.ui.tooling.preview.Preview
import androidx.compose.ui.unit.dp
import coil.compose.AsyncImage
import coil.compose.AsyncImagePainter
import com.thecode.infotify.R
import com.thecode.infotify.designsystem.theme.InfotifyTheme
import com.thecode.infotify.domain.model.Article
import com.thecode.infotify.domain.model.ArticleSource
import com.thecode.infotify.domain.model.Topic
import java.time.Instant",NO_ISSUE,,,
n0036,heading_style,christianrowlands__android-network-survey/networksurvey/src/main/java/com/craxiom/networksurvey/ui/nsanalytics/NsAnalyticsConnectionScreen.kt,NsAnalyticsHeroSection,505,NsAnalyticsHeroSection,"  505 | private fun NsAnalyticsHeroSection() {
  506 |     Column(
  507 |         modifier = Modifier.fillMaxWidth(),
  508 |         horizontalAlignment = Alignment.CenterHorizontally,
  509 |         verticalArrangement = Arrangement.spacedBy(8.dp)
  510 |     ) {
  511 |         Icon(
  512 |             painter = painterResource(R.drawable.ic_ns_analytics),
  513 |             contentDescription = null,
  514 |             modifier = Modifier.size(56.dp),
  515 |             tint = MaterialTheme.colorScheme.primary
  516 |         )
  517 | 
  518 |         Text(
  519 |             text = stringResource(R.string.ns_analytics),
  520 |             style = MaterialTheme.typography.headlineMedium,
  521 |             fontWeight = FontWeight.Bold,
  522 |             color = Color.White
  523 |         )
  524 | 
  525 |         Text(
  526 |             text = stringResource(R.string.ns_analytics_tagline),
  527 |             style = MaterialTheme.typography.bodyMedium,
  528 |             color = Color.Gray,
  529 |             textAlign = TextAlign.Center,
  530 |             modifier = Modifier.padding(horizontal = 16.dp)
  531 |         )
  532 |     }
  533 | }","import android.Manifest
import android.content.ComponentName
import android.content.Context
import android.content.Intent
import android.content.ServiceConnection
import android.content.pm.PackageManager
import android.net.Uri
import android.os.Build
import android.os.IBinder
import android.widget.Toast
import androidx.activity.compose.rememberLauncherForActivityResult
import androidx.activity.result.contract.ActivityResultContracts
import androidx.compose.animation.AnimatedVisibility
import androidx.compose.animation.animateColorAsState
import androidx.compose.animation.core.FastOutLinearInEasing
import androidx.compose.animation.core.FastOutSlowInEasing
import androidx.compose.animation.core.animateFloatAsState
import androidx.compose.animation.core.tween
import androidx.compose.animation.expandVertically
import androidx.compose.animation.fadeIn
import androidx.compose.animation.fadeOut
import androidx.compose.animation.shrinkVertically
import androidx.compose.foundation.background
import androidx.compose.foundation.clickable
import androidx.compose.foundation.layout.Arrangement
import androidx.compose.foundation.layout.Box
import androidx.compose.foundation.layout.Column
import androidx.compose.foundation.layout.Row
import androidx.compose.foundation.layout.Spacer
import androidx.compose.foundation.layout.fillMaxSize
import androidx.compose.foundation.layout.fillMaxWidth
import androidx.compose.foundation.layout.height
import androidx.compose.foundation.layout.padding
import androidx.compose.foundation.layout.size
import androidx.compose.foundation.layout.width
import androidx.compose.foundation.rememberScrollState
import androidx.compose.foundation.shape.CircleShape
import androidx.compose.foundation.shape.RoundedCornerShape
import androidx.compose.foundation.text.selection.SelectionContainer
import androidx.compose.foundation.verticalScroll
import androidx.compose.material.icons.Icons
import androidx.compose.material.icons.automirrored.filled.ArrowBack
import androidx.compose.material.icons.automirrored.filled.Send
import androidx.compose.material.icons.filled.Add
import androidx.compose.material.icons.filled.CheckCircle
import androidx.compose.material.icons.filled.Clear
import androidx.compose.material.icons.filled.Delete
import androidx.compose.material.icons.filled.Info
import androidx.compose.material.icons.filled.KeyboardArrowDown
import androidx.compose.material3.AlertDialog
import androidx.compose.material3.Button
import androidx.compose.material3.ButtonDefaults
import androidx.compose.material3.Card
import androidx.compose.material3.CardDefaults
import androidx.compose.material3.CircularProgressIndicator
import androidx.compose.material3.ExperimentalMaterial3Api
import androidx.compose.material3.HorizontalDivider
import androidx.compose.material3.Icon
import androidx.compose.material3.IconButton
import androidx.compose.material3.LinearProgressIndicator
import androidx.compose.material3.MaterialTheme
import androidx.compose.material3.OutlinedButton
import androidx.compose.material3.ProgressIndicatorDefaults
import androidx.compose.material3.Scaffold
import androidx.compose.material3.SnackbarHost
import androidx.compose.material3.SnackbarHostState
import androidx.compose.material3.Surface
import androidx.compose.material3.Switch
import androidx.compose.material3.Text
import androidx.compose.material3.TextButton
import androidx.compose.material3.TopAppBar
import androidx.compose.material3.TopAppBarDefaults
import androidx.compose.runtime.Composable
import androidx.compose.runtime.DisposableEffect
import androidx.compose.runtime.LaunchedEffect
import androidx.compose.runtime.getValue
import androidx.compose.runtime.mutableStateOf
import androidx.compose.runtime.remember
import androidx.compose.runtime.setValue
import androidx.compose.ui.Alignment
import androidx.compose.ui.Modifier
import androidx.compose.ui.graphics.Color
import androidx.compose.ui.graphics.graphicsLayer
import androidx.compose.ui.platform.LocalContext
import androidx.compose.ui.res.painterResource
import androidx.compose.ui.res.stringResource
import androidx.compose.ui.text.font.FontFamily
import androidx.compose.ui.text.font.FontStyle
import androidx.compose.ui.text.font.FontWeight
import androidx.compose.ui.text.style.TextAlign
import androidx.compose.ui.tooling.preview.Preview
import androidx.compose.ui.unit.dp
import androidx.core.content.ContextCompat
import androidx.core.net.toUri
import androidx.lifecycle.Lifecycle
import androidx.lifecycle.LifecycleEventObserver
import androidx.lifecycle.compose.LocalLifecycleOwner
import androidx.lifecycle.compose.collectAsStateWithLifecycle
import com.craxiom.networksurvey.NetworkSurveyActivity
import com.craxiom.networksurvey.R
import com.craxiom.networksurvey.services.NetworkSurveyService
import com.craxiom.networksurvey.ui.theme.NsTheme
import com.craxiom.networksurvey.ui.theme.onPrimaryDark
import com.craxiom.networksurvey.ui.util.copyTextToClipboard
import com.craxiom.networksurvey.util.NsAnalyticsUtils
import timber.log.Timber
import java.text.DateFormat
import java.util.Date
import java.util.Locale",ISSUE,,,
n0044,maxlines,CliffracerMerchant__SoundAura/app/src/main/java/com/cliffracertech/soundaura/mediacontroller/MediaController.kt,ActivePresetView,76,ActivePresetView,"   76 | @Composable private fun ActivePresetView(
   77 |     sizes: MediaControllerSizes,
   78 |     state: ActivePresetViewState,
   79 |     modifier: Modifier = Modifier,
   80 | ) {
   81 |     val onClickLabel = stringResource(R.string.preset_button_click_label)
   82 |     Column(
   83 |         modifier = modifier
   84 |             .size(sizes.activePresetSize)
   85 |             .clip(sizes.activePresetShape)
   86 |             .clickable(true, onClickLabel, Role.Button, null, state.onClick)
   87 |             .padding(start = 12.dp, end = 8.dp),
   88 |         verticalArrangement = Arrangement.Center,
   89 |         horizontalAlignment = Alignment.CenterHorizontally
   90 |     ) {
   91 |         val style = MaterialTheme.typography.caption
   92 |         Text(text = stringResource(R.string.playing),
   93 |              maxLines = 1, style = style, softWrap = false)
   94 |         Row {
   95 |             MarqueeText(
   96 |                 text = state.name ?: stringResource(R.string.unsaved_preset_description),
   97 |                 maxWidth = sizes.activePresetLength,
   98 |                 modifier = Modifier.weight(1f, false),
   99 |                 style = style)
  100 |             AnimatedVisibility(state.isModified) {
  101 |                 Text("" *"", style = style)
  102 |             }
  103 |         }
  104 |     }
  105 | }","import androidx.compose.animation.AnimatedVisibility
import androidx.compose.animation.core.animateDpAsState
import androidx.compose.animation.core.animateFloat
import androidx.compose.animation.core.animateFloatAsState
import androidx.compose.animation.core.updateTransition
import androidx.compose.foundation.background
import androidx.compose.foundation.clickable
import androidx.compose.foundation.layout.Arrangement
import androidx.compose.foundation.layout.Box
import androidx.compose.foundation.layout.Column
import androidx.compose.foundation.layout.PaddingValues
import androidx.compose.foundation.layout.Row
import androidx.compose.foundation.layout.fillMaxSize
import androidx.compose.foundation.layout.fillMaxWidth
import androidx.compose.foundation.layout.height
import androidx.compose.foundation.layout.padding
import androidx.compose.foundation.layout.requiredSize
import androidx.compose.foundation.layout.requiredWidth
import androidx.compose.foundation.layout.size
import androidx.compose.foundation.shape.RoundedCornerShape
import androidx.compose.material.Icon
import androidx.compose.material.IconButton
import androidx.compose.material.MaterialTheme
import androidx.compose.material.Text
import androidx.compose.material.icons.Icons
import androidx.compose.material.icons.filled.Close
import androidx.compose.runtime.Composable
import androidx.compose.runtime.getValue
import androidx.compose.runtime.remember
import androidx.compose.runtime.setValue
import androidx.compose.ui.Alignment
import androidx.compose.ui.BiasAlignment
import androidx.compose.ui.Modifier
import androidx.compose.ui.draw.clip
import androidx.compose.ui.graphics.Brush
import androidx.compose.ui.graphics.graphicsLayer
import androidx.compose.ui.res.stringResource
import androidx.compose.ui.semantics.Role
import androidx.compose.ui.text.style.TextAlign
import androidx.compose.ui.tooling.preview.Preview
import androidx.compose.ui.unit.DpSize
import androidx.compose.ui.unit.dp
import com.cliffracertech.soundaura.R
import com.cliffracertech.soundaura.model.database.Preset
import com.cliffracertech.soundaura.rememberDerivedStateOf
import com.cliffracertech.soundaura.rememberMutableStateOf
import com.cliffracertech.soundaura.ui.MarqueeText
import com.cliffracertech.soundaura.ui.Overlay
import com.cliffracertech.soundaura.ui.VerticalDivider
import com.cliffracertech.soundaura.ui.defaultSpring
import com.cliffracertech.soundaura.ui.theme.SoundAuraTheme
import kotlinx.collections.immutable.toImmutableList
import java.time.Instant
import java.time.temporal.ChronoUnit",NO_ISSUE,,,
n0023,textfield,Nyabsi__VRCAA/app/src/main/java/cc/sovellus/vrcaa/ui/components/input/TextInput.kt,TextInput,29,TextInput,"   29 | fun TextInput(
   30 |     title: String,
   31 |     input: MutableState<String>
   32 | ) {
   33 |     OutlinedTextField(
   34 |         modifier = Modifier
   35 |             .fillMaxWidth()
   36 |             .padding(16.dp),
   37 |         value = input.value,
   38 |         onValueChange = { input.value = it },
   39 |         label = { Text(text = title) },
   40 |         singleLine = true,
   41 |     )
   42 | }","import androidx.compose.foundation.layout.fillMaxWidth
import androidx.compose.foundation.layout.padding
import androidx.compose.material3.OutlinedTextField
import androidx.compose.material3.Text
import androidx.compose.runtime.Composable
import androidx.compose.runtime.MutableState
import androidx.compose.ui.Modifier
import androidx.compose.ui.unit.dp",HANDLED,,,
n0056,color_literal,ArcaDone__AwesomeUI/sharedUI/src/commonMain/kotlin/com/arcadone/awesomeui/components/consistency/ConsistencyHeatmapCardGlow.kt,ConsistencyHeatmapCardGlowPreview,575,ConsistencyHeatmapCardGlowPreview,"  575 | private fun ConsistencyHeatmapCardGlowPreview() {
  576 |     // Create workout data using LocalDate keys
  577 |     val workoutDays = mapOf(
  578 |         LocalDate(2026, 1, 2) to 0.4f,
  579 |         LocalDate(2026, 1, 5) to 1f,
  580 |         LocalDate(2026, 1, 7) to 0.7f,
  581 |         LocalDate(2026, 1, 9) to 1f,
  582 |         LocalDate(2026, 1, 12) to 0.4f,
  583 |         LocalDate(2026, 1, 14) to 1f,
  584 |         LocalDate(2026, 1, 16) to 0.7f,
  585 |         LocalDate(2026, 1, 20) to 1f,
  586 |         LocalDate(2026, 1, 22) to 0.4f,
  587 |         LocalDate(2026, 1, 26) to 0.7f,
  588 |         LocalDate(2026, 1, 27) to 1f,
  589 |     )
  590 | 
  591 |     Box(
  592 |         modifier = Modifier
  593 |             .fillMaxSize()
  594 |             .background(Color(0xFF0D0F14))
  595 |             .padding(16.dp),
  596 |     ) {
  597 |         ConsistencyHeatmapCardGlow(
  598 |             year = 2026,
  599 |             month = 1,
  600 |             data = HeatmapData(
  601 |                 dayIntensities = workoutDays,
  602 |                 currentStreak = 2,
  603 |                 recordStreak = 12,
  604 |             ),
  605 |             today = LocalDate(2026, 1, 16),
  606 |             onMonthChange = { _, _ -> },
  607 |         )
  608 |     }
  609 | }","import androidx.compose.foundation.background
import androidx.compose.foundation.clickable
import androidx.compose.foundation.layout.Arrangement
import androidx.compose.foundation.layout.Box
import androidx.compose.foundation.layout.Column
import androidx.compose.foundation.layout.Row
import androidx.compose.foundation.layout.Spacer
import androidx.compose.foundation.layout.aspectRatio
import androidx.compose.foundation.layout.fillMaxSize
import androidx.compose.foundation.layout.fillMaxWidth
import androidx.compose.foundation.layout.padding
import androidx.compose.foundation.layout.size
import androidx.compose.foundation.layout.width
import androidx.compose.foundation.shape.CircleShape
import androidx.compose.foundation.shape.RoundedCornerShape
import androidx.compose.material.icons.Icons
import androidx.compose.material.icons.filled.ChevronLeft
import androidx.compose.material.icons.filled.ChevronRight
import androidx.compose.material.icons.filled.LocalFireDepartment
import androidx.compose.material3.Icon
import androidx.compose.material3.IconButton
import androidx.compose.material3.Text
import androidx.compose.runtime.Composable
import androidx.compose.runtime.getValue
import androidx.compose.runtime.mutableStateOf
import androidx.compose.runtime.remember
import androidx.compose.runtime.setValue
import androidx.compose.ui.Alignment
import androidx.compose.ui.Modifier
import androidx.compose.ui.draw.blur
import androidx.compose.ui.draw.clip
import androidx.compose.ui.graphics.Brush
import androidx.compose.ui.graphics.Color
import androidx.compose.ui.text.font.FontWeight
import androidx.compose.ui.text.style.TextAlign
import androidx.compose.ui.tooling.preview.Preview
import androidx.compose.ui.unit.Dp
import androidx.compose.ui.unit.dp
import androidx.compose.ui.unit.sp
import kotlinx.datetime.LocalDate",NO_ISSUE,,,
n0050,sized_box,zodl-inc__zodl-android/feature-voting/src/main/java/co/electriccoin/zcash/ui/screen/voting/chainconfig/VoteChainConfigView.kt,SheetHeader,539,SheetHeader,"  539 | private fun SheetHeader(state: VoteChainConfigEditorState) {
  540 |     Box(
  541 |         modifier =
  542 |             Modifier
  543 |                 .fillMaxWidth()
  544 |                 .padding(horizontal = ZashiDimensions.Spacing.spacingXl)
  545 |                 .padding(bottom = ZashiDimensions.Spacing.spacing3xl),
  546 |         contentAlignment = Alignment.Center
  547 |     ) {
  548 |         Text(
  549 |             text = state.sheetTitle.getValue().uppercase(),
  550 |             style = ZashiTypography.textMd,
  551 |             fontWeight = FontWeight.SemiBold,
  552 |             color = ZashiColors.Text.textPrimary
  553 |         )
  554 |         Surface(
  555 |             shape = CircleShape,
  556 |             color = ZashiColors.Surfaces.bgPrimary,
  557 |             modifier =
  558 |                 Modifier
  559 |                     .align(Alignment.CenterStart)
  560 |                     .size(44.dp)
  561 |                     .clickable { state.cancelButton.onClick() }
  562 |         ) {
  563 |             Icon(
  564 |                 painter = painterResource(co.electriccoin.zcash.ui.design.R.drawable.ic_navigation_close),
  565 |                 contentDescription = null,
  566 |                 tint = ZashiColors.Text.textSecondary,
  567 |                 modifier = Modifier.padding(10.dp)
  568 |             )
  569 |         }
  570 |     }
  571 | }","import androidx.compose.foundation.BorderStroke
import androidx.compose.foundation.background
import androidx.compose.foundation.border
import androidx.compose.foundation.clickable
import androidx.compose.foundation.layout.Arrangement
import androidx.compose.foundation.layout.Box
import androidx.compose.foundation.layout.Column
import androidx.compose.foundation.layout.PaddingValues
import androidx.compose.foundation.layout.Row
import androidx.compose.foundation.layout.Spacer
import androidx.compose.foundation.layout.fillMaxSize
import androidx.compose.foundation.layout.fillMaxWidth
import androidx.compose.foundation.layout.height
import androidx.compose.foundation.layout.navigationBarsPadding
import androidx.compose.foundation.layout.padding
import androidx.compose.foundation.layout.size
import androidx.compose.foundation.layout.width
import androidx.compose.foundation.lazy.LazyColumn
import androidx.compose.foundation.rememberScrollState
import androidx.compose.foundation.shape.CircleShape
import androidx.compose.foundation.shape.RoundedCornerShape
import androidx.compose.foundation.text.KeyboardOptions
import androidx.compose.foundation.verticalScroll
import androidx.compose.material.icons.Icons
import androidx.compose.material.icons.filled.Add
import androidx.compose.material3.ExperimentalMaterial3Api
import androidx.compose.material3.Icon
import androidx.compose.material3.IconButton
import androidx.compose.material3.Surface
import androidx.compose.material3.Text
import androidx.compose.runtime.Composable
import androidx.compose.runtime.LaunchedEffect
import androidx.compose.runtime.getValue
import androidx.compose.runtime.mutableStateOf
import androidx.compose.runtime.remember
import androidx.compose.runtime.setValue
import androidx.compose.ui.Alignment
import androidx.compose.ui.Modifier
import androidx.compose.ui.focus.FocusRequester
import androidx.compose.ui.focus.focusRequester
import androidx.compose.ui.graphics.Color
import androidx.compose.ui.platform.LocalSoftwareKeyboardController
import androidx.compose.ui.res.painterResource
import androidx.compose.ui.res.stringResource
import androidx.compose.ui.semantics.Role
import androidx.compose.ui.text.font.FontWeight
import androidx.compose.ui.text.input.KeyboardType
import androidx.compose.ui.text.style.TextOverflow
import androidx.compose.ui.unit.dp
import co.electriccoin.zcash.ui.R
import co.electriccoin.zcash.ui.design.component.BlankBgScaffold
import co.electriccoin.zcash.ui.design.component.ButtonState
import co.electriccoin.zcash.ui.design.component.ButtonStyle
import co.electriccoin.zcash.ui.design.component.CircularScreenProgressIndicator
import co.electriccoin.zcash.ui.design.component.RadioButtonState
import co.electriccoin.zcash.ui.design.component.ZashiButton
import co.electriccoin.zcash.ui.design.component.ZashiButtonDefaults
import co.electriccoin.zcash.ui.design.component.ZashiConfirmationBottomSheet
import co.electriccoin.zcash.ui.design.component.ZashiFrostedSheetHeader
import co.electriccoin.zcash.ui.design.component.ZashiScreenModalBottomSheet
import co.electriccoin.zcash.ui.design.component.ZashiTextField
import co.electriccoin.zcash.ui.design.component.ZashiTextFieldDefaults
import co.electriccoin.zcash.ui.design.component.rememberZashiFrostState
import co.electriccoin.zcash.ui.design.component.zashiFrostSource
import co.electriccoin.zcash.ui.design.component.zashiFrostedFooter
import co.electriccoin.zcash.ui.design.component.zashiFrostedHeader
import co.electriccoin.zcash.ui.design.newcomponent.PreviewScreens
import co.electriccoin.zcash.ui.design.theme.ZcashTheme
import co.electriccoin.zcash.ui.design.theme.colors.ZashiColors
import co.electriccoin.zcash.ui.design.theme.dimensions.ZashiDimensions
import co.electriccoin.zcash.ui.design.theme.typography.ZashiTypography
import co.electriccoin.zcash.ui.design.util.getValue
import co.electriccoin.zcash.ui.design.util.stringRes
import co.electriccoin.zcash.ui.screen.voting.component.VoteAppBar
import kotlinx.coroutines.delay",ISSUE,,,
n0030,progress,kursatkumsuz__crypto-portfolio-jetpack-compose/feature/market/src/main/java/com/kursatkumsuz/market/component/circularchart/ChartPortfolioList.kt,ListItem,48,ListItem,"   48 | fun ListItem(coin: PortfolioModel, totalBalance: Float, color: Color) {
   49 | 
   50 |     val progressValue = coin.totalPrice.toFloat().toPercentage(totalValue = totalBalance)
   51 | 
   52 |     val progress = remember {
   53 |         Animatable(0f)
   54 |     }
   55 | 
   56 |     LaunchedEffect(key1 = progress) {
   57 |         progress.animateTo(targetValue = progressValue, animationSpec = tween(2000))
   58 |     }
   59 | 
   60 |     Box(
   61 |         modifier = Modifier
   62 |             .padding(top = 30.dp, start = 5.dp, end = 5.dp)
   63 |             .clip(RoundedCornerShape(10.dp)),
   64 |     ) {
   65 |         Column(
   66 |             modifier = Modifier
   67 |                 .size(width = 130.dp, height = 80.dp)
   68 |                 .background(MaterialTheme.colorScheme.onBackground),
   69 |             horizontalAlignment = Alignment.CenterHorizontally,
   70 |             verticalArrangement = Arrangement.SpaceEvenly
   71 |         ) {
   72 |             Text(text = coin.symbol, color = Color(0xFF868EB8))
   73 |             LinearProgressIndicator(
   74 |                 progress = progress.value / 100f,
   75 |                 modifier = Modifier.padding(horizontal = 10.dp),
   76 |                 color = color,
   77 |                 trackColor = Color(0xFF434C64),
   78 |             )
   79 |             Text(
   80 |                 text = ""${""%.2f"".format(progress.value)} %"", color = Color.White
   81 |             )
   82 | 
   83 |         }
   84 |     }
   85 | }","import androidx.compose.animation.core.Animatable
import androidx.compose.animation.core.tween
import androidx.compose.foundation.background
import androidx.compose.foundation.layout.Arrangement
import androidx.compose.foundation.layout.Box
import androidx.compose.foundation.layout.Column
import androidx.compose.foundation.layout.PaddingValues
import androidx.compose.foundation.layout.padding
import androidx.compose.foundation.layout.size
import androidx.compose.foundation.lazy.LazyRow
import androidx.compose.foundation.shape.RoundedCornerShape
import androidx.compose.material3.LinearProgressIndicator
import androidx.compose.material3.MaterialTheme
import androidx.compose.material3.Text
import androidx.compose.runtime.Composable
import androidx.compose.runtime.LaunchedEffect
import androidx.compose.runtime.remember
import androidx.compose.ui.Alignment
import androidx.compose.ui.Modifier
import androidx.compose.ui.draw.clip
import androidx.compose.ui.graphics.Color
import androidx.compose.ui.unit.dp
import com.kursatkumsuz.domain.model.portfolio.PortfolioModel",HANDLED,,,
n0052,sized_box,dmzz-yyhyy__LightNovelReader/app/src/main/kotlin/indi/dmzz_yyhyy/lightnovelreader/ui/home/reading/stats/StatsOverviewScreen.kt,StatSection,316,StatSection,"  316 | private fun StatSection(
  317 |     icon: Painter,
  318 |     title: String,
  319 |     value: String,
  320 |     content: @Composable ColumnScope.() -> Unit
  321 | ) {
  322 |     Column(verticalArrangement = Arrangement.spacedBy(8.dp)) {
  323 |         Row(verticalAlignment = Alignment.CenterVertically) {
  324 |             Icon(
  325 |                 painter = icon,
  326 |                 contentDescription = null,
  327 |                 tint = MaterialTheme.colorScheme.primary,
  328 |                 modifier = Modifier.size(20.dp)
  329 |             )
  330 |             Spacer(Modifier.width(8.dp))
  331 |             Text(
  332 |                 text = title,
  333 |                 style = typography.labelMedium,
  334 |                 color = MaterialTheme.colorScheme.onSurface
  335 |             )
  336 |             Spacer(Modifier.weight(1f))
  337 |             Text(
  338 |                 text = value,
  339 |                 style = typography.labelMedium,
  340 |                 color = MaterialTheme.colorScheme.onSurfaceVariant
  341 |             )
  342 |         }
  343 | 
  344 |         content()
  345 |     }
  346 | }","import androidx.compose.animation.Crossfade
import androidx.compose.foundation.background
import androidx.compose.foundation.border
import androidx.compose.foundation.clickable
import androidx.compose.foundation.layout.Arrangement
import androidx.compose.foundation.layout.Box
import androidx.compose.foundation.layout.Column
import androidx.compose.foundation.layout.ColumnScope
import androidx.compose.foundation.layout.PaddingValues
import androidx.compose.foundation.layout.Row
import androidx.compose.foundation.layout.Spacer
import androidx.compose.foundation.layout.fillMaxSize
import androidx.compose.foundation.layout.fillMaxWidth
import androidx.compose.foundation.layout.height
import androidx.compose.foundation.layout.padding
import androidx.compose.foundation.layout.size
import androidx.compose.foundation.layout.width
import androidx.compose.foundation.lazy.LazyColumn
import androidx.compose.foundation.shape.RoundedCornerShape
import androidx.compose.material3.CircularProgressIndicator
import androidx.compose.material3.ExperimentalMaterial3Api
import androidx.compose.material3.Icon
import androidx.compose.material3.IconButton
import androidx.compose.material3.MaterialTheme
import androidx.compose.material3.MaterialTheme.typography
import androidx.compose.material3.Scaffold
import androidx.compose.material3.Text
import androidx.compose.material3.TextButton
import androidx.compose.material3.TopAppBar
import androidx.compose.material3.TopAppBarDefaults
import androidx.compose.material3.TopAppBarScrollBehavior
import androidx.compose.runtime.Composable
import androidx.compose.runtime.getValue
import androidx.compose.ui.Alignment
import androidx.compose.ui.Modifier
import androidx.compose.ui.draw.clip
import androidx.compose.ui.graphics.Color
import androidx.compose.ui.graphics.painter.Painter
import androidx.compose.ui.hapticfeedback.HapticFeedbackType
import androidx.compose.ui.platform.LocalHapticFeedback
import androidx.compose.ui.res.painterResource
import androidx.compose.ui.res.stringResource
import androidx.compose.ui.text.font.FontWeight
import androidx.compose.ui.text.style.TextAlign
import androidx.compose.ui.text.style.TextOverflow.Companion.Ellipsis
import androidx.compose.ui.unit.dp
import androidx.lifecycle.compose.collectAsStateWithLifecycle
import com.github.michaelbull.result.Result
import com.github.michaelbull.result.onErr
import com.github.michaelbull.result.onOk
import indi.dmzz_yyhyy.lightnovelreader.R
import indi.dmzz_yyhyy.lightnovelreader.data.statistics.BookRecord
import indi.dmzz_yyhyy.lightnovelreader.ui.components.AnimatedText
import indi.dmzz_yyhyy.lightnovelreader.ui.components.HeatMapCalendar
import indi.dmzz_yyhyy.lightnovelreader.ui.components.calendar.core.CalendarDay
import indi.dmzz_yyhyy.lightnovelreader.ui.components.calendar.core.CalendarMonth
import indi.dmzz_yyhyy.lightnovelreader.ui.components.calendar.core.CalendarWeek
import indi.dmzz_yyhyy.lightnovelreader.ui.components.calendar.core.displayText
import indi.dmzz_yyhyy.lightnovelreader.ui.components.calendar.core.yearMonth
import indi.dmzz_yyhyy.lightnovelreader.ui.components.calendar.rememberHeatMapCalendarState
import indi.dmzz_yyhyy.lightnovelreader.utils.DurationFormat
import indi.dmzz_yyhyy.lightnovelreader.utils.navigationBarSpacer
import io.nightfish.lightnovelreader.api.book.BookInformation
import io.nightfish.lightnovelreader.api.error.WebRequestError
import kotlinx.coroutines.flow.Flow
import java.time.DayOfWeek
import java.time.LocalDate
import java.time.Month
import java.time.format.DateTimeFormatter
import kotlin.time.DurationUnit
import kotlin.time.toDuration",NO_ISSUE,,,
n0041,pointer_input,lorenzovngl__FoodExpirationDates/app/src/main/java/com/lorenzovainigli/foodexpirationdates/view/composable/AppDescription.kt,AppDescription,23,AppDescription,"   23 | fun AppDescription(
   24 |     modifier: Modifier = Modifier,
   25 |     textStyle: TextStyle = MaterialTheme.typography.bodyLarge.copy(
   26 |         color = MaterialTheme.colorScheme.onBackground
   27 |     )) {
   28 |     val uriHandler = LocalUriHandler.current
   29 |     val fullText = stringResource(R.string.app_description, stringResource(id = R.string.app_name))
   30 | 
   31 |     val start = fullText.indexOf(DEVELOPER_NAME)
   32 |     val end = start + DEVELOPER_NAME.length
   33 | 
   34 |     val annotatedText = buildAnnotatedString {
   35 |         append(fullText)
   36 | 
   37 |         if (start >= 0) {
   38 |             addStyle(
   39 |                 style = SpanStyle(
   40 |                     color = MaterialTheme.colorScheme.primary
   41 |                 ),
   42 |                 start = start,
   43 |                 end = end
   44 |             )
   45 |             addStringAnnotation(
   46 |                 tag = URL_TAG,
   47 |                 annotation = DEVELOPER_WEBSITE,
   48 |                 start = start,
   49 |                 end = end
   50 |             )
   51 |         }
   52 |     }
   53 | 
   54 |     BasicText(
   55 |         modifier = modifier.pointerInput(Unit){
   56 |             detectTapGestures(
   57 |                 onTap = { offset ->
   58 |                     annotatedText.getStringAnnotations(URL_TAG, start, end)
   59 |                         .firstOrNull()
   60 |                         ?.let { uriHandler.openUri(it.item) }
   61 |                 }
   62 |             )
   63 |         },
   64 |         text = annotatedText,
   65 |         style = textStyle
   66 |     )
   67 | }","import androidx.compose.foundation.gestures.detectTapGestures
import androidx.compose.foundation.text.BasicText
import androidx.compose.material3.MaterialTheme
import androidx.compose.runtime.Composable
import androidx.compose.ui.Modifier
import androidx.compose.ui.input.pointer.pointerInput
import androidx.compose.ui.platform.LocalUriHandler
import androidx.compose.ui.res.stringResource
import androidx.compose.ui.text.SpanStyle
import androidx.compose.ui.text.TextStyle
import androidx.compose.ui.text.buildAnnotatedString
import androidx.compose.ui.tooling.preview.Preview
import com.lorenzovainigli.foodexpirationdates.DEVELOPER_NAME
import com.lorenzovainigli.foodexpirationdates.DEVELOPER_WEBSITE
import com.lorenzovainigli.foodexpirationdates.R
import com.lorenzovainigli.foodexpirationdates.ui.theme.FoodExpirationDatesTheme",ISSUE,,,
n0037,pointer_input,shardulvs__pdfinspector-android/app/src/main/java/SVS/pdfinspector/MainActivity.kt,BusyOverlay,605,BusyOverlay,"  605 | private fun BusyOverlay(message: String) {
  606 |     Box(
  607 |         modifier = Modifier
  608 |             .fillMaxSize()
  609 |             .background(MaterialTheme.colorScheme.scrim.copy(alpha = 0.32f))
  610 |             .pointerInput(Unit) {
  611 |                 awaitPointerEventScope {
  612 |                     while (true) awaitPointerEvent().changes.forEach { it.consume() }
  613 |                 }
  614 |             },
  615 |         contentAlignment = Alignment.Center,
  616 |     ) {
  617 |         Surface(
  618 |             shape = RoundedCornerShape(16.dp),
  619 |             color = MaterialTheme.colorScheme.surface,
  620 |             tonalElevation = 3.dp,
  621 |         ) {
  622 |             Row(
  623 |                 modifier = Modifier.padding(horizontal = 24.dp, vertical = 18.dp),
  624 |                 verticalAlignment = Alignment.CenterVertically,
  625 |             ) {
  626 |                 CircularProgressIndicator(Modifier.size(22.dp), strokeWidth = 2.5.dp)
  627 |                 Spacer(Modifier.width(14.dp))
  628 |                 Text(message, style = MaterialTheme.typography.bodyMedium)
  629 |             }
  630 |         }
  631 |     }
  632 | }","import android.app.Activity
import android.content.Intent
import android.net.Uri
import android.os.Bundle
import androidx.activity.ComponentActivity
import androidx.activity.compose.BackHandler
import androidx.activity.compose.rememberLauncherForActivityResult
import androidx.activity.compose.setContent
import androidx.activity.enableEdgeToEdge
import androidx.activity.result.contract.ActivityResultContracts
import androidx.compose.foundation.background
import androidx.compose.foundation.border
import androidx.compose.foundation.gestures.detectTapGestures
import androidx.compose.foundation.layout.Arrangement
import androidx.compose.foundation.layout.Box
import androidx.compose.foundation.layout.Column
import androidx.compose.foundation.layout.Row
import androidx.compose.foundation.layout.Spacer
import androidx.compose.foundation.layout.WindowInsets
import androidx.compose.foundation.layout.fillMaxHeight
import androidx.compose.foundation.layout.fillMaxSize
import androidx.compose.foundation.layout.fillMaxWidth
import androidx.compose.foundation.layout.height
import androidx.compose.foundation.layout.offset
import androidx.compose.foundation.layout.padding
import androidx.compose.foundation.layout.size
import androidx.compose.foundation.layout.statusBars
import androidx.compose.foundation.layout.width
import androidx.compose.foundation.layout.widthIn
import androidx.compose.foundation.layout.wrapContentHeight
import androidx.compose.foundation.layout.windowInsetsPadding
import androidx.compose.foundation.shape.RoundedCornerShape
import androidx.compose.foundation.text.BasicTextField
import androidx.compose.foundation.text.KeyboardActions
import androidx.compose.foundation.text.KeyboardOptions
import androidx.compose.material3.AssistChip
import androidx.compose.material3.CircularProgressIndicator
import androidx.compose.material3.FilledTonalButton
import androidx.compose.material3.Icon
import androidx.compose.material3.IconButton
import androidx.compose.material3.MaterialTheme
import androidx.compose.material3.Scaffold
import androidx.compose.material3.Surface
import androidx.compose.material3.Text
import androidx.compose.runtime.Composable
import androidx.compose.runtime.LaunchedEffect
import androidx.compose.runtime.getValue
import androidx.compose.runtime.mutableStateOf
import androidx.compose.runtime.remember
import androidx.compose.runtime.saveable.rememberSaveable
import androidx.compose.runtime.setValue
import androidx.compose.ui.Alignment
import androidx.compose.ui.Modifier
import androidx.compose.ui.focus.FocusRequester
import androidx.compose.ui.focus.focusRequester
import androidx.compose.ui.geometry.Offset
import androidx.compose.ui.geometry.Rect
import androidx.compose.ui.graphics.Color
import androidx.compose.ui.graphics.SolidColor
import androidx.compose.ui.graphics.asImageBitmap
import androidx.compose.ui.platform.LocalConfiguration
import androidx.compose.ui.platform.LocalContext
import androidx.compose.ui.platform.LocalDensity
import androidx.compose.ui.platform.LocalUriHandler
import androidx.compose.ui.platform.LocalView
import androidx.compose.ui.input.pointer.pointerInput
import androidx.compose.ui.text.PlatformTextStyle
import androidx.compose.ui.text.TextRange
import androidx.compose.ui.text.TextStyle
import androidx.compose.ui.text.font.Font
import androidx.compose.ui.text.font.FontFamily
import androidx.compose.ui.text.input.ImeAction
import androidx.compose.ui.text.input.TextFieldValue
import androidx.compose.ui.text.style.TextAlign
import androidx.compose.ui.unit.Dp
import androidx.compose.ui.unit.IntOffset
import androidx.compose.ui.unit.dp
import kotlin.math.roundToInt
import androidx.core.view.WindowCompat
import androidx.core.view.WindowInsetsCompat
import androidx.core.view.WindowInsetsControllerCompat
import androidx.lifecycle.viewmodel.compose.viewModel
import compose.icons.TablerIcons
import compose.icons.tablericons.Bug
import compose.icons.tablericons.Bulb
import compose.icons.tablericons.FileText
import compose.icons.tablericons.Folder
import compose.icons.tablericons.Heart
import compose.icons.tablericons.Settings
import SVS.pdfinspector.engine.NodeKind
import SVS.pdfinspector.engine.findNode
import SVS.pdfinspector.ui.Dock
import SVS.pdfinspector.ui.ElementEditSheet
import SVS.pdfinspector.ui.FitMode
import SVS.pdfinspector.ui.InspectorDock
import SVS.pdfinspector.ui.InspectorPane
import SVS.pdfinspector.ui.InspectorToolbar
import SVS.pdfinspector.ui.LeafRect
import SVS.pdfinspector.ui.PdfCanvas
import SVS.pdfinspector.ui.ThemeSettingsSheet
import SVS.pdfinspector.ui.theme.InspectorTheme
import SVS.pdfinspector.ui.theme.ThemeState
import SVS.pdfinspector.ui.theme.rememberThemeState",NO_ISSUE,,,
n0051,sized_box,akexorcist__ruam-mij-android/base/ui/src/main/kotlin/com/akexorcist/ruammij/base/ui/component/AppInfoBottomSheet.kt,PermissionItem,268,PermissionItem,"  268 | private fun PermissionItem(
  269 |     info: PermissionInfo,
  270 | ) {
  271 |     var isExpanded by rememberSaveable { mutableStateOf(false) }
  272 | 
  273 |     val arrowRotation by animateFloatAsState(
  274 |         targetValue = when (isExpanded) {
  275 |             true -> 0f
  276 |             false -> 180f
  277 |         },
  278 |         label = ""arrow_rotation"",
  279 |     )
  280 | 
  281 |     Box(
  282 |         modifier = Modifier
  283 |             .fillMaxWidth()
  284 |             .padding(horizontal = 8.dp)
  285 |             .clip(shape = RoundedCornerShape(4.dp))
  286 |             .clickable { isExpanded = !isExpanded }
  287 |             .padding(
  288 |                 horizontal = 8.dp,
  289 |                 vertical = 4.dp,
  290 |             )
  291 |     ) {
  292 |         Column(
  293 |             modifier = Modifier.fillMaxWidth()
  294 |         ) {
  295 |             Row {
  296 |                 BoldBodyText(
  297 |                     text = info.label,
  298 |                     modifier = Modifier.weight(1f),
  299 |                     color = MaterialTheme.colorScheme.onBackground
  300 |                 )
  301 | 
  302 |                 Spacer(modifier = Modifier.width(16.dp))
  303 | 
  304 |                 Image(
  305 |                     modifier = Modifier
  306 |                         .size(24.dp)
  307 |                         .graphicsLayer {
  308 |                             rotationX = arrowRotation
  309 |                         },
  310 |                     painter = rememberVectorPainter(Icons.Filled.KeyboardArrowUp),
  311 |                     colorFilter = ColorFilter.tint(MaterialTheme.colorScheme.onBackground),
  312 |                     contentDescription = stringResource(
  313 |                         when (isExpanded) {
  314 |                             true -> R.string.description_expanded_permission_item
  315 |                             false -> R.string.description_collapsed_permission_item
  316 |                         }
  317 |                     ),
  318 |                 )
  319 |             }
  320 | 
  321 |             AnimatedVisibility(visible = isExpanded && info.description.isNotEmpty()) {
  322 |                 Spacer(modifier = Modifier.height(4.dp))
  323 | 
  324 |                 BodyText(
  325 |                     text = info.description,
  326 |                     color = MaterialTheme.colorScheme.onBackground
  327 |                 )
  328 |             }
  329 |         }
  330 |     }
  331 | }","import androidx.compose.animation.AnimatedVisibility
import androidx.compose.animation.core.animateFloatAsState
import androidx.compose.foundation.Image
import androidx.compose.foundation.border
import androidx.compose.foundation.clickable
import androidx.compose.foundation.layout.Arrangement
import androidx.compose.foundation.layout.Box
import androidx.compose.foundation.layout.Column
import androidx.compose.foundation.layout.Row
import androidx.compose.foundation.layout.Spacer
import androidx.compose.foundation.layout.fillMaxSize
import androidx.compose.foundation.layout.fillMaxWidth
import androidx.compose.foundation.layout.height
import androidx.compose.foundation.layout.navigationBarsPadding
import androidx.compose.foundation.layout.padding
import androidx.compose.foundation.layout.size
import androidx.compose.foundation.layout.statusBarsPadding
import androidx.compose.foundation.layout.systemBarsPadding
import androidx.compose.foundation.layout.width
import androidx.compose.foundation.rememberScrollState
import androidx.compose.foundation.shape.RoundedCornerShape
import androidx.compose.foundation.verticalScroll
import androidx.compose.material.icons.Icons
import androidx.compose.material.icons.filled.KeyboardArrowUp
import androidx.compose.material3.Button
import androidx.compose.material3.ExperimentalMaterial3Api
import androidx.compose.material3.FilledTonalButton
import androidx.compose.material3.MaterialTheme
import androidx.compose.material3.ModalBottomSheet
import androidx.compose.material3.SheetState
import androidx.compose.material3.Text
import androidx.compose.material3.rememberModalBottomSheetState
import androidx.compose.runtime.Composable
import androidx.compose.runtime.getValue
import androidx.compose.runtime.mutableStateOf
import androidx.compose.runtime.rememberCoroutineScope
import androidx.compose.runtime.saveable.rememberSaveable
import androidx.compose.runtime.setValue
import androidx.compose.ui.Alignment
import androidx.compose.ui.Modifier
import androidx.compose.ui.draw.clip
import androidx.compose.ui.graphics.ColorFilter
import androidx.compose.ui.graphics.graphicsLayer
import androidx.compose.ui.graphics.vector.rememberVectorPainter
import androidx.compose.ui.res.stringResource
import androidx.compose.ui.unit.dp
import com.akexorcist.ruammij.base.data.InstalledApp
import com.akexorcist.ruammij.base.data.Installer
import com.akexorcist.ruammij.base.data.InstallerVerificationStatus
import com.akexorcist.ruammij.base.data.PermissionInfo
import com.akexorcist.ruammij.base.ui.theme.Buttons
import com.akexorcist.ruammij.base.ui.theme.RuamMijTheme
import com.akexorcist.ruammij.base.ui.DarkLightPreviews
import com.akexorcist.ruammij.base.ui.R
import com.akexorcist.ruammij.base.utility.toReadableDatetime
import kotlinx.coroutines.launch",ISSUE,,,
n0010,clickable,MwaiBanda__Momentum/MomentumAndroid/src/main/java/com/mwaibanda/momentum/android/presentation/components/LinkLabel.kt,LinkLabel,23,LinkLabel,"   23 | fun LinkLabel(title: String, description: String, onClick: () -> Unit) {
   24 | 
   25 |         Box(
   26 |             contentAlignment = Alignment.Center,
   27 |             modifier = Modifier
   28 |                 .fillMaxWidth()
   29 |                 .clip(RoundedCornerShape(10.dp))
   30 |                 .clickable { onClick() }
   31 |                 .padding(10.dp)
   32 | 
   33 |         ) {
   34 |             Column(Modifier.fillMaxWidth()) {
   35 |                 Text(text = title, style = MaterialTheme.typography.caption, color = Color.Gray)
   36 |                 Text(
   37 |                     text = description,
   38 |                     style = MaterialTheme.typography.body1.copy(fontWeight = FontWeight.ExtraBold)
   39 |                 )
   40 |             }
   41 |             Row(Modifier.fillMaxWidth(), horizontalArrangement = Arrangement.End) {
   42 |                 Icon(imageVector = Icons.Default.Link, contentDescription = """", tint = Color(C.MOMENTUM_ORANGE))
   43 |             }
   44 |         }
   45 | 
   46 | }","import androidx.compose.foundation.background
import androidx.compose.foundation.clickable
import androidx.compose.foundation.layout.*
import androidx.compose.foundation.shape.RoundedCornerShape
import androidx.compose.material.Icon
import androidx.compose.material.MaterialTheme
import androidx.compose.material.Text
import androidx.compose.material.icons.Icons
import androidx.compose.material.icons.filled.Link
import androidx.compose.runtime.Composable
import androidx.compose.ui.Alignment
import androidx.compose.ui.Modifier
import androidx.compose.ui.draw.clip
import androidx.compose.ui.graphics.Color
import androidx.compose.ui.text.font.FontWeight
import androidx.compose.ui.tooling.preview.Preview
import androidx.compose.ui.unit.dp
import com.mwaibanda.momentum.android.core.utils.C",ISSUE,,,
n0034,heading_style,zhishengplus__ZhishengWeather/app/src/main/kotlin/com/zhisheng/weather/ui/DailyForecastScreen.kt,ForecastMeta,211,ForecastMeta,"  211 | private fun ForecastMeta(city: City?, count: Int, tempUnit: String) {
  212 |     Row(
  213 |         modifier = Modifier.fillMaxWidth().padding(horizontal = 20.dp, vertical = 4.dp),
  214 |         verticalAlignment = Alignment.CenterVertically,
  215 |     ) {
  216 |         Column(Modifier.weight(1f)) {
  217 |             Text(
  218 |                 city?.displayName ?: ""当前城市"",
  219 |                 style = MaterialTheme.typography.titleMedium,
  220 |                 color = ZhishengText,
  221 |                 maxLines = 1,
  222 |                 overflow = TextOverflow.Ellipsis,
  223 |             )
  224 |             Text(
  225 |                 ""已接收 $count 日预报 · ${Fmt.unitSuffix(tempUnit)}"",
  226 |                 style = MaterialTheme.typography.labelSmall,
  227 |                 color = ZhishengTextTertiary,
  228 |             )
  229 |         }
  230 |         Text(
  231 |             ""横向滑动  →"",
  232 |             style = MaterialTheme.typography.labelSmall,
  233 |             color = ZhishengMint,
  234 |             letterSpacing = 0.8.sp,
  235 |         )
  236 |     }
  237 | }","import androidx.compose.foundation.Canvas
import androidx.compose.foundation.Image
import androidx.compose.foundation.background
import androidx.compose.foundation.horizontalScroll
import androidx.compose.foundation.layout.Arrangement
import androidx.compose.foundation.layout.Box
import androidx.compose.foundation.layout.Column
import androidx.compose.foundation.layout.PaddingValues
import androidx.compose.foundation.layout.Row
import androidx.compose.foundation.layout.Spacer
import androidx.compose.foundation.layout.fillMaxSize
import androidx.compose.foundation.layout.fillMaxWidth
import androidx.compose.foundation.layout.height
import androidx.compose.foundation.layout.heightIn
import androidx.compose.foundation.layout.navigationBarsPadding
import androidx.compose.foundation.layout.offset
import androidx.compose.foundation.layout.padding
import androidx.compose.foundation.layout.size
import androidx.compose.foundation.layout.statusBarsPadding
import androidx.compose.foundation.layout.width
import androidx.compose.foundation.lazy.LazyColumn
import androidx.compose.foundation.rememberScrollState
import androidx.compose.ui.draw.alpha
import androidx.compose.material3.HorizontalDivider
import androidx.compose.material3.MaterialTheme
import androidx.compose.runtime.Composable
import androidx.compose.ui.Alignment
import androidx.compose.ui.Modifier
import androidx.compose.ui.geometry.Offset
import androidx.compose.ui.geometry.Size
import androidx.compose.ui.graphics.Path
import androidx.compose.ui.graphics.StrokeCap
import androidx.compose.ui.graphics.drawscope.Stroke
import androidx.compose.ui.res.painterResource
import androidx.compose.ui.text.font.FontWeight
import androidx.compose.ui.text.style.TextAlign
import androidx.compose.ui.text.style.TextOverflow
import androidx.compose.ui.unit.Dp
import androidx.compose.ui.unit.dp
import androidx.compose.ui.unit.sp
import com.zhisheng.weather.R
import com.zhisheng.weather.model.BriefingEmote
import com.zhisheng.weather.model.City
import com.zhisheng.weather.model.DailyWeather
import com.zhisheng.weather.model.WeatherCondition
import com.zhisheng.weather.model.YesterdayInfo
import com.zhisheng.weather.ui.components.WeatherIcon
import com.zhisheng.weather.ui.theme.LocalZhishengPalette
import com.zhisheng.weather.ui.theme.ZhishengBg
import com.zhisheng.weather.ui.theme.ZhishengCardBorder
import com.zhisheng.weather.ui.theme.ZhishengCyan
import com.zhisheng.weather.ui.theme.ZhishengMint
import com.zhisheng.weather.ui.theme.ZhishengOrange
import com.zhisheng.weather.ui.theme.ZhishengReading
import com.zhisheng.weather.ui.theme.ZhishengText
import com.zhisheng.weather.ui.theme.ZhishengTextSecondary
import com.zhisheng.weather.ui.theme.ZhishengTextTertiary
import java.time.Instant
import java.time.format.DateTimeFormatter
import java.util.Locale",NO_ISSUE,,,
n0003,switch_checkbox,iOrchid__android-jetpack-demo/compose/src/main/java/org/zhiwei/compose/screen/basic/material3/WidgetScreen.kt,UI_Switch,297,UI_Switch,"  297 | private fun UI_Switch() {
  298 |     Title_Text(title = ""Switch"")
  299 |     Title_Sub_Text(title = ""开关，左边演示正常可用的，右边是enable为false的状态"")
  300 |     Row(
  301 |         Modifier.fillMaxWidth(),
  302 |         horizontalArrangement = Arrangement.SpaceEvenly,
  303 |         verticalAlignment = Alignment.CenterVertically,
  304 |     ) {
  305 |         val checked = remember { mutableStateOf(false) }
  306 |         Switch(checked = checked.value, onCheckedChange = { checked.value = it })
  307 |         Switch(
  308 |             checked = !checked.value,
  309 |             onCheckedChange = { checked.value = it },
  310 |             //这个就是改变开关的按钮的🔘的内容
  311 |             thumbContent = { Icon(imageVector = Icons.Filled.Share, contentDescription = null) },
  312 |         )
  313 |         Switch(
  314 |             checked = checked.value,
  315 |             onCheckedChange = { checked.value = it },
  316 |             thumbContent = { Text(text = ""戳"") },
  317 |             //可根据UI需要，配置不同颜色
  318 |             colors = SwitchDefaults.colors().copy(checkedTrackColor = Color.Green)
  319 |         )
  320 |         Switch(
  321 |             checked = true,
  322 |             onCheckedChange = null,
  323 |             enabled = false,
  324 |         )
  325 |         Switch(
  326 |             checked = false,
  327 |             onCheckedChange = null,
  328 |             enabled = false,
  329 |         )
  330 |     }
  331 | 
  332 | }","import android.widget.Toast
import androidx.compose.animation.core.animateFloatAsState
import androidx.compose.foundation.clickable
import androidx.compose.foundation.interaction.MutableInteractionSource
import androidx.compose.foundation.layout.Arrangement
import androidx.compose.foundation.layout.Column
import androidx.compose.foundation.layout.Row
import androidx.compose.foundation.layout.Spacer
import androidx.compose.foundation.layout.fillMaxSize
import androidx.compose.foundation.layout.fillMaxWidth
import androidx.compose.foundation.layout.height
import androidx.compose.foundation.layout.padding
import androidx.compose.foundation.layout.requiredWidth
import androidx.compose.foundation.layout.width
import androidx.compose.foundation.rememberScrollState
import androidx.compose.foundation.selection.selectable
import androidx.compose.foundation.selection.selectableGroup
import androidx.compose.foundation.shape.CutCornerShape
import androidx.compose.foundation.shape.RoundedCornerShape
import androidx.compose.foundation.verticalScroll
import androidx.compose.material.icons.Icons
import androidx.compose.material.icons.filled.Send
import androidx.compose.material.icons.filled.Share
import androidx.compose.material3.Checkbox
import androidx.compose.material3.CheckboxDefaults
import androidx.compose.material3.CircularProgressIndicator
import androidx.compose.material3.Icon
import androidx.compose.material3.IconButton
import androidx.compose.material3.LinearProgressIndicator
import androidx.compose.material3.MaterialTheme
import androidx.compose.material3.OutlinedButton
import androidx.compose.material3.ProgressIndicatorDefaults
import androidx.compose.material3.RadioButton
import androidx.compose.material3.RadioButtonDefaults
import androidx.compose.material3.RangeSlider
import androidx.compose.material3.Slider
import androidx.compose.material3.SliderDefaults
import androidx.compose.material3.Snackbar
import androidx.compose.material3.Switch
import androidx.compose.material3.SwitchDefaults
import androidx.compose.material3.Text
import androidx.compose.material3.TriStateCheckbox
import androidx.compose.runtime.Composable
import androidx.compose.runtime.collectAsState
import androidx.compose.runtime.getValue
import androidx.compose.runtime.mutableFloatStateOf
import androidx.compose.runtime.mutableStateOf
import androidx.compose.runtime.remember
import androidx.compose.runtime.setValue
import androidx.compose.ui.Alignment
import androidx.compose.ui.Modifier
import androidx.compose.ui.graphics.Color
import androidx.compose.ui.platform.LocalContext
import androidx.compose.ui.semantics.Role
import androidx.compose.ui.state.ToggleableState
import androidx.compose.ui.tooling.preview.Preview
import androidx.compose.ui.unit.dp
import kotlinx.coroutines.delay
import kotlinx.coroutines.flow.Flow
import kotlinx.coroutines.flow.flow
import org.zhiwei.compose.ui.widget.Title_Desc_Text
import org.zhiwei.compose.ui.widget.Title_Sub_Text
import org.zhiwei.compose.ui.widget.Title_Text",ISSUE,,,
n0042,pointer_input,iTsMe-Zen__Areada/app/src/main/java/app/areada/ui/reader/DirectionalButtons.kt,DirectionalButton,163,DirectionalButton,"  163 | private fun DirectionalButton(
  164 |     modifier: Modifier = Modifier,
  165 |     onTap: () -> Unit,
  166 |     onHoldTick: ((Float) -> Unit)? = null,
  167 |     holdIntervalMs: Long = 200L,
  168 |     frameSynced: Boolean = false,
  169 |     icon: ImageVector,
  170 |     contentDescription: String,
  171 |     tint: Color,
  172 |     bgColor: Color,
  173 | ) {
  174 |     var isHolding by remember { mutableStateOf(false) }
  175 | 
  176 |     LaunchedEffect(isHolding) {
  177 |         if (isHolding && onHoldTick != null) {
  178 |             delay(HOLD_DURATION_MS)
  179 |             if (frameSynced) {
  180 |                 var lastNs = System.nanoTime()
  181 |                 while (isHolding) {
  182 |                     awaitNextChoreographerFrame()
  183 |                     val nowNs = System.nanoTime()
  184 |                     val dtMs = ((nowNs - lastNs) / 1_000_000.0).coerceIn(0.0, 100.0).toFloat()
  185 |                     lastNs = nowNs
  186 |                     onHoldTick(dtMs)
  187 |                 }
  188 |             } else {
  189 |                 var lastNs = System.nanoTime()
  190 |                 while (isHolding) {
  191 |                     delay(holdIntervalMs)
  192 |                     val nowNs = System.nanoTime()
  193 |                     val dtMs = ((nowNs - lastNs) / 1_000_000.0).coerceIn(0.0, 100.0).toFloat()
  194 |                     lastNs = nowNs
  195 |                     onHoldTick(dtMs)
  196 |                 }
  197 |             }
  198 |         }
  199 |     }
  200 | 
  201 |     Surface(
  202 |         shape = RoundedCornerShape(8.dp),
  203 |         color = bgColor,
  204 |         modifier = modifier
  205 |             .height(48.dp)
  206 |             .semantics { role = Role.Button }
  207 |             .pointerInput(Unit) {
  208 |                 awaitEachGesture {
  209 |                     val down = awaitFirstDown(requireUnconsumed = false)
  210 |                     down.consume()
  211 |                     onTap()
  212 |                     isHolding = true
  213 | 
  214 |                     while (true) {
  215 |                         val event = awaitPointerEvent(PointerEventPass.Main)
  216 |                         val c = event.changes.firstOrNull() ?: break
  217 |                         if (!c.pressed) break
  218 |                         c.consume()
  219 |                     }
  220 | 
  221 |                     isHolding = false
  222 |                 }
  223 |             },
  224 |     ) {
  225 |         Icon(
  226 |             imageVector = icon,
  227 |             contentDescription = contentDescription,
  228 |             tint = tint.copy(alpha = if (isHolding) 1f else 0.65f),
  229 |             modifier = Modifier
  230 |                 .size(28.dp)
  231 |                 .padding(10.dp),
  232 |         )
  233 |     }
  234 | }","import android.view.Choreographer
import androidx.compose.foundation.gestures.awaitEachGesture
import androidx.compose.foundation.gestures.awaitFirstDown
import androidx.compose.foundation.layout.Arrangement
import androidx.compose.foundation.layout.Row
import androidx.compose.foundation.layout.fillMaxWidth
import androidx.compose.foundation.layout.height
import androidx.compose.foundation.layout.padding
import androidx.compose.foundation.layout.size
import androidx.compose.foundation.shape.RoundedCornerShape
import androidx.compose.material.icons.Icons
import androidx.compose.material.icons.automirrored.outlined.KeyboardArrowLeft
import androidx.compose.material.icons.automirrored.outlined.KeyboardArrowRight
import androidx.compose.material.icons.outlined.KeyboardArrowDown
import androidx.compose.material.icons.outlined.KeyboardArrowUp
import androidx.compose.material3.Icon
import androidx.compose.material3.MaterialTheme
import androidx.compose.material3.Surface
import androidx.compose.runtime.Composable
import androidx.compose.runtime.LaunchedEffect
import androidx.compose.runtime.getValue
import androidx.compose.runtime.mutableStateOf
import androidx.compose.runtime.remember
import androidx.compose.runtime.rememberUpdatedState
import androidx.compose.runtime.setValue
import kotlinx.coroutines.delay
import kotlinx.coroutines.suspendCancellableCoroutine
import androidx.compose.ui.Modifier
import androidx.compose.ui.graphics.Color
import androidx.compose.ui.graphics.vector.ImageVector
import androidx.compose.ui.input.pointer.PointerEventPass
import androidx.compose.ui.input.pointer.pointerInput
import androidx.compose.ui.semantics.Role
import androidx.compose.ui.semantics.role
import androidx.compose.ui.semantics.semantics
import androidx.compose.ui.unit.dp
import app.areada.data.reader.ReaderButtonLayout
import kotlin.coroutines.resume",ISSUE,,,
n0025,progress,uditbhaskar__Whizzz-The-ChatApp/feature/auth/src/main/kotlin/com/example/whizzz/feature/auth/ui/components/AuthSharedComponents.kt,AuthLoadingOverlay,173,AuthLoadingOverlay,"  173 | internal fun AuthLoadingOverlay(visible: Boolean) {
  174 |     if (!visible) return
  175 |     Box(
  176 |         Modifier
  177 |             .fillMaxSize()
  178 |             .background(Color.Black.copy(alpha = 0.45f)),
  179 |         contentAlignment = Alignment.Center,
  180 |     ) {
  181 |         CircularProgressIndicator(color = WhizzzAccent)
  182 |     }
  183 | }","import androidx.compose.foundation.background
import androidx.compose.foundation.layout.Box
import androidx.compose.foundation.layout.Column
import androidx.compose.foundation.layout.Spacer
import androidx.compose.foundation.layout.fillMaxSize
import androidx.compose.foundation.layout.fillMaxWidth
import androidx.compose.foundation.layout.height
import androidx.compose.foundation.layout.padding
import androidx.compose.foundation.shape.RoundedCornerShape
import androidx.compose.foundation.text.KeyboardActions
import androidx.compose.foundation.text.KeyboardOptions
import androidx.compose.material3.Button
import androidx.compose.material3.ButtonDefaults
import androidx.compose.material3.CircularProgressIndicator
import androidx.compose.material3.MaterialTheme
import androidx.compose.material3.OutlinedTextField
import androidx.compose.material3.OutlinedTextFieldDefaults
import androidx.compose.material3.Text
import androidx.compose.runtime.Composable
import androidx.compose.runtime.getValue
import androidx.compose.ui.Alignment
import androidx.compose.ui.Modifier
import androidx.compose.ui.graphics.Brush
import androidx.compose.ui.graphics.Color
import androidx.compose.ui.platform.LocalInspectionMode
import androidx.compose.ui.text.input.VisualTransformation
import androidx.compose.ui.tooling.preview.Preview
import androidx.compose.ui.unit.dp
import androidx.compose.ui.unit.sp
import com.airbnb.lottie.compose.LottieAnimation
import com.airbnb.lottie.compose.LottieCompositionSpec
import com.airbnb.lottie.compose.LottieConstants
import com.airbnb.lottie.compose.rememberLottieComposition
import com.example.whizzz.core.ui.WhizzzPacificoFamily
import com.example.whizzz.core.ui.theme.WhizzzAccent
import com.example.whizzz.core.ui.theme.WhizzzAccentSecondary
import com.example.whizzz.core.ui.theme.WhizzzScreenBackground
import com.example.whizzz.core.ui.theme.WhizzzSurfaceMuted
import com.example.whizzz.core.ui.theme.WhizzzTheme
import com.example.whizzz.feature.auth.R",HANDLED,,,
n0006,switch_checkbox,corphish__TextTools/app/src/main/java/com/corphish/quicktools/activities/EvalActivity.kt,UserSelectionDialog,135,UserSelectionDialog,"  135 | fun UserSelectionDialog(
  136 |     onSelected: (Int, Boolean) -> Unit,
  137 |     onDismiss: () -> Unit
  138 | ) {
  139 |     val rememberUserChoiceEnabled = remember {
  140 |         mutableStateOf(false)
  141 |     }
  142 | 
  143 |     QuickToolsTheme {
  144 |         ListDialog(
  145 |             title = stringResource(id = R.string.eval_title_small),
  146 |             message = stringResource(id = R.string.eval_result_desc),
  147 |             list = listOf(
  148 |                 R.string.eval_mode_result,
  149 |                 R.string.eval_mode_append,
  150 |                 R.string.eval_mode_copy
  151 |             ),
  152 |             supportBack = false,
  153 |             dismissible = true,
  154 |             stringSelector = {
  155 |                 stringResource(id = it)
  156 |             },
  157 |             additionalContent = {
  158 |                 Row(
  159 |                     modifier = Modifier
  160 |                         .padding(top = 8.dp)
  161 |                         .fillMaxWidth(),
  162 |                     verticalAlignment = Alignment.CenterVertically,
  163 |                     horizontalArrangement = Arrangement.Center
  164 |                 ) {
  165 | 
  166 |                     Checkbox(
  167 |                         checked = rememberUserChoiceEnabled.value,
  168 |                         onCheckedChange = { rememberUserChoiceEnabled.value = it },
  169 |                         enabled = true,
  170 |                     )
  171 | 
  172 |                     Text(
  173 |                         text = stringResource(id = R.string.remember_this_choice),
  174 |                         style = TypographyV2.bodyMedium
  175 |                     )
  176 |                 }
  177 |             },
  178 |             iconSelector = { R.drawable.ic_numbers },
  179 |             onItemSelected = {
  180 |                 when (it) {
  181 |                     0 -> {
  182 |                         onSelected(EVAL_RESULT_REPLACE, rememberUserChoiceEnabled.value)
  183 |                     }
  184 | 
  185 |                     1 -> {
  186 |                         onSelected(EVAL_RESULT_APPEND, rememberUserChoiceEnabled.value)
  187 |                     }
  188 | 
  189 |                     2 -> {
  190 |                         onSelected(EVAL_RESULT_COPY_TO_CLIPBOARD, rememberUserChoiceEnabled.value)
  191 |                     }
  192 |                 }
  193 |             }) { onDismiss() }
  194 |     }
  195 | }","import android.content.Intent
import android.widget.Toast
import androidx.activity.compose.setContent
import androidx.activity.viewModels
import androidx.compose.foundation.layout.Arrangement
import androidx.compose.foundation.layout.Row
import androidx.compose.foundation.layout.fillMaxWidth
import androidx.compose.foundation.layout.padding
import androidx.compose.material3.Checkbox
import androidx.compose.material3.Text
import androidx.compose.runtime.Composable
import androidx.compose.runtime.mutableStateOf
import androidx.compose.runtime.remember
import androidx.compose.ui.Alignment
import androidx.compose.ui.Modifier
import androidx.compose.ui.res.stringResource
import androidx.compose.ui.unit.dp
import androidx.lifecycle.lifecycleScope
import com.corphish.quicktools.R
import com.corphish.quicktools.data.Constants
import com.corphish.quicktools.data.Result
import com.corphish.quicktools.ui.common.ListDialog
import com.corphish.quicktools.ui.theme.QuickToolsTheme
import com.corphish.quicktools.ui.theme.TypographyV2
import com.corphish.quicktools.viewmodels.EvalViewModel
import com.corphish.quicktools.viewmodels.EvalViewModel.Companion.EVAL_RESULT_APPEND
import com.corphish.quicktools.viewmodels.EvalViewModel.Companion.EVAL_RESULT_COPY_TO_CLIPBOARD
import com.corphish.quicktools.viewmodels.EvalViewModel.Companion.EVAL_RESULT_MODE_ASK_NEXT_TIME
import com.corphish.quicktools.viewmodels.EvalViewModel.Companion.EVAL_RESULT_REPLACE
import com.corphish.quicktools.viewmodels.EvaluateResult
import dagger.hilt.android.AndroidEntryPoint
import kotlinx.coroutines.launch",ISSUE,,,
n0057,color_literal,Dev-Aditya-More__PokeVerse/app/src/main/java/com/aditya1875/pokeverse/feature/game/cardclash/presentation/screen/CardClashGameScreen.kt,SelectableCardBack,674,SelectableCardBack,"  674 | private fun SelectableCardBack(position: Int, isSelected: Boolean, isLocked: Boolean, onClick: () -> Unit) {
  675 |     val shimmer by rememberInfiniteTransition(label = ""card_shimmer_$position"").animateFloat(
  676 |         initialValue = 0.4f, targetValue = 0.9f,
  677 |         animationSpec = infiniteRepeatable(tween(1400, easing = FastOutSlowInEasing), RepeatMode.Reverse),
  678 |         label = ""shimmer""
  679 |     )
  680 | 
  681 |     val borderColor = when {
  682 |         isLocked && isSelected -> MaterialTheme.colorScheme.tertiary
  683 |         isSelected -> MaterialTheme.colorScheme.primary
  684 |         else -> Color.White.copy(alpha = 0.12f)
  685 |     }
  686 |     val borderWidth = if (isSelected) 2.dp else 1.dp
  687 |     val bgBrush = if (isSelected)
  688 |         Brush.verticalGradient(listOf(MaterialTheme.colorScheme.primary.copy(alpha = 0.22f), Color(0xFF0D1525)))
  689 |     else
  690 |         Brush.verticalGradient(listOf(Color(0xFF131828), Color(0xFF09101C)))
  691 | 
  692 |     Box(
  693 |         modifier = Modifier
  694 |             .height(120.dp)
  695 |             .clip(RoundedCornerShape(12.dp))
  696 |             .border(borderWidth, borderColor, RoundedCornerShape(12.dp))
  697 |             .background(bgBrush)
  698 |             .clickable(enabled = !isLocked, onClick = onClick),
  699 |         contentAlignment = Alignment.Center
  700 |     ) {
  701 |         // Radial glow overlay when selected and unlocked
  702 |         if (isSelected && !isLocked) {
  703 |             Box(
  704 |                 modifier = Modifier
  705 |                     .fillMaxSize()
  706 |                     .background(
  707 |                         Brush.radialGradient(
  708 |                             colors = listOf(
  709 |                                 MaterialTheme.colorScheme.primary.copy(alpha = shimmer * 0.18f),
  710 |                                 Color.Transparent
  711 |                             )
  712 |                         )
  713 |                     )
  714 |             )
  715 |         }
  716 |         Column(
  717 |             horizontalAlignment = Alignment.CenterHorizontally,
  718 |             verticalArrangement = Arrangement.spacedBy(6.dp)
  719 |         ) {
  720 |             Text(
  721 |                 text = ""?"",  // intentionally universal — not a string resource
  722 |                 fontSize = 32.sp,
  723 |                 fontWeight = FontWeight.Black,
  724 |                 color = if (isSelected) MaterialTheme.colorScheme.primary
  725 |                 else Color.White.copy(alpha = 0.35f)
  726 |             )
  727 |             Text(
  728 |                 text = stringResource(R.string.clash_card_number, position),
  729 |                 style = MaterialTheme.typography.labelSmall,
  730 |                 color = Color.White.copy(alpha = if (isSelected) 0.75f else 0.25f)
  731 |             )
  732 |         }
  733 |     }
  734 | }","import androidx.compose.animation.AnimatedVisibility
import androidx.compose.animation.core.FastOutSlowInEasing
import androidx.compose.animation.core.RepeatMode
import androidx.compose.animation.core.animateFloat
import androidx.compose.animation.core.animateFloatAsState
import androidx.compose.animation.core.infiniteRepeatable
import androidx.compose.animation.core.rememberInfiniteTransition
import androidx.compose.animation.core.spring
import androidx.compose.animation.core.tween
import androidx.compose.animation.fadeIn
import androidx.compose.animation.fadeOut
import androidx.compose.animation.scaleIn
import androidx.compose.animation.slideInVertically
import androidx.compose.foundation.BorderStroke
import androidx.compose.foundation.Canvas
import androidx.compose.foundation.background
import androidx.compose.foundation.border
import androidx.compose.foundation.clickable
import androidx.compose.foundation.layout.Arrangement
import androidx.compose.foundation.layout.Box
import androidx.compose.foundation.layout.Column
import androidx.compose.foundation.layout.Row
import androidx.compose.foundation.layout.Spacer
import androidx.compose.foundation.layout.fillMaxHeight
import androidx.compose.foundation.layout.fillMaxSize
import androidx.compose.foundation.layout.fillMaxWidth
import androidx.compose.foundation.layout.height
import androidx.compose.foundation.layout.padding
import androidx.compose.foundation.layout.size
import androidx.compose.foundation.layout.systemBarsPadding
import androidx.compose.foundation.layout.width
import androidx.compose.foundation.lazy.grid.GridCells
import androidx.compose.foundation.lazy.grid.LazyVerticalGrid
import androidx.compose.foundation.lazy.grid.itemsIndexed
import androidx.compose.foundation.rememberScrollState
import androidx.compose.foundation.shape.CircleShape
import androidx.compose.foundation.shape.RoundedCornerShape
import androidx.compose.foundation.verticalScroll
import androidx.compose.material3.Button
import androidx.compose.material3.ButtonDefaults
import androidx.compose.material3.CardDefaults
import androidx.compose.material3.ElevatedCard
import androidx.compose.material3.HorizontalDivider
import androidx.compose.material3.LinearProgressIndicator
import androidx.compose.material3.MaterialTheme
import androidx.compose.material3.OutlinedButton
import androidx.compose.material3.Scaffold
import androidx.compose.material3.Surface
import androidx.compose.material3.Text
import androidx.compose.runtime.Composable
import androidx.compose.runtime.LaunchedEffect
import androidx.compose.runtime.getValue
import androidx.compose.runtime.mutableStateOf
import androidx.compose.runtime.remember
import androidx.compose.runtime.setValue
import androidx.compose.ui.Alignment
import androidx.compose.ui.Modifier
import androidx.compose.ui.draw.clip
import androidx.compose.ui.draw.scale
import androidx.compose.ui.geometry.Offset
import androidx.compose.ui.graphics.Brush
import androidx.compose.ui.graphics.Color
import androidx.compose.ui.graphics.drawscope.Stroke
import androidx.compose.ui.res.stringResource
import androidx.compose.ui.text.font.FontWeight
import androidx.compose.ui.text.style.TextAlign
import androidx.compose.ui.tooling.preview.Preview
import androidx.compose.ui.unit.dp
import androidx.compose.ui.unit.sp
import com.aditya1875.pokeverse.R
import com.aditya1875.pokeverse.feature.game.cardclash.domain.model.ClashPhase
import com.aditya1875.pokeverse.feature.game.cardclash.domain.model.ClashPokemon
import com.aditya1875.pokeverse.feature.game.cardclash.domain.model.ClashRound
import com.aditya1875.pokeverse.feature.game.cardclash.domain.model.ClashUiState
import com.aditya1875.pokeverse.feature.game.cardclash.domain.model.MatchOutcome
import com.aditya1875.pokeverse.feature.game.cardclash.domain.model.RoundWinner
import com.aditya1875.pokeverse.feature.game.cardclash.presentation.components.CardBack
import com.aditya1875.pokeverse.feature.game.cardclash.presentation.components.ClashPokemonCard
import kotlinx.coroutines.delay",ISSUE,,,
n0007,clickable,zhishengplus__ZhishengWeather/app/src/main/kotlin/com/zhisheng/weather/ui/SettingsScreen.kt,LinkRow,1257,LinkRow," 1257 | private fun LinkRow(label: String, sub: String, onClick: () -> Unit) {
 1258 |     Row(
 1259 |         modifier = Modifier
 1260 |             .fillMaxWidth()
 1261 |             .clickable(onClick = onClick)
 1262 |             .padding(horizontal = 16.dp, vertical = 12.dp),
 1263 |         verticalAlignment = Alignment.CenterVertically,
 1264 |     ) {
 1265 |         Column {
 1266 |             Text(label, style = MaterialTheme.typography.titleSmall, color = ZhishengCyan)
 1267 |             Text(sub, style = MaterialTheme.typography.labelSmall, color = ZhishengTextTertiary)
 1268 |         }
 1269 |         Spacer(Modifier.weight(1f))
 1270 |         Text(""↗"", style = MaterialTheme.typography.titleMedium, color = ZhishengCyan)
 1271 |     }
 1272 | }","import android.content.Context
import android.content.Intent
import android.content.res.Configuration
import android.net.Uri
import android.provider.Settings as AndroidSettings
import androidx.activity.compose.rememberLauncherForActivityResult
import androidx.activity.result.contract.ActivityResultContracts
import androidx.compose.foundation.background
import androidx.compose.foundation.border
import androidx.compose.foundation.clickable
import androidx.compose.foundation.layout.Arrangement
import androidx.compose.foundation.layout.Box
import androidx.compose.foundation.layout.Column
import androidx.compose.foundation.layout.Row
import androidx.compose.foundation.layout.Spacer
import androidx.compose.foundation.layout.fillMaxSize
import androidx.compose.foundation.layout.fillMaxHeight
import androidx.compose.foundation.layout.fillMaxWidth
import androidx.compose.foundation.layout.height
import androidx.compose.foundation.layout.heightIn
import androidx.compose.foundation.layout.navigationBarsPadding
import androidx.compose.foundation.layout.padding
import androidx.compose.foundation.layout.size
import androidx.compose.foundation.layout.statusBarsPadding
import androidx.compose.foundation.layout.width
import androidx.compose.foundation.shape.CircleShape
import androidx.compose.foundation.lazy.LazyColumn
import androidx.compose.foundation.lazy.itemsIndexed
import androidx.compose.foundation.rememberScrollState
import androidx.compose.foundation.selection.selectableGroup
import androidx.compose.foundation.selection.toggleable
import androidx.compose.foundation.verticalScroll
import androidx.compose.material.icons.Icons
import androidx.compose.material.icons.automirrored.filled.ArrowBack
import androidx.compose.material3.HorizontalDivider
import androidx.compose.material3.Icon
import androidx.compose.material3.IconButton
import androidx.compose.material3.MaterialTheme
import androidx.compose.material3.Switch
import androidx.compose.material3.SwitchDefaults
import androidx.compose.runtime.Composable
import androidx.compose.runtime.LaunchedEffect
import androidx.compose.runtime.collectAsState
import androidx.compose.runtime.getValue
import androidx.compose.runtime.mutableStateOf
import androidx.compose.runtime.remember
import androidx.compose.runtime.rememberCoroutineScope
import androidx.compose.runtime.saveable.rememberSaveable
import androidx.compose.runtime.setValue
import androidx.compose.ui.Alignment
import androidx.compose.ui.Modifier
import androidx.compose.ui.graphics.Color
import androidx.compose.ui.graphics.RectangleShape
import androidx.compose.ui.platform.LocalContext
import androidx.compose.ui.platform.LocalConfiguration
import androidx.compose.ui.semantics.Role
import androidx.compose.ui.semantics.disabled
import androidx.compose.ui.semantics.selected
import androidx.compose.ui.semantics.semantics
import androidx.compose.ui.text.font.FontWeight
import androidx.compose.ui.text.style.TextAlign
import androidx.compose.ui.unit.dp
import androidx.compose.ui.unit.sp
import com.zhisheng.weather.data.AccentTone
import com.zhisheng.weather.data.AppLanguage
import com.zhisheng.weather.data.AppIconManager
import com.zhisheng.weather.data.AppIconStyle
import com.zhisheng.weather.data.AppUpdateInfo
import com.zhisheng.weather.data.WidgetBackgroundMode
import com.zhisheng.weather.data.AmbienceLevel
import com.zhisheng.weather.data.CaiyunApi
import com.zhisheng.weather.data.HomeModule
import com.zhisheng.weather.data.HomeBriefingStyle
import com.zhisheng.weather.data.LocationSource
import com.zhisheng.weather.data.LifeIndexMetric
import com.zhisheng.weather.data.LandscapeStandbyStyle
import com.zhisheng.weather.data.QWeatherApi
import com.zhisheng.weather.data.SecretStore
import com.zhisheng.weather.data.SettingsRepository
import com.zhisheng.weather.widget.ZhishengWidgetProvider
import com.zhisheng.weather.data.SourcePref
import com.zhisheng.weather.data.TelemetryMetric
import com.zhisheng.weather.data.ThemeMode
import com.zhisheng.weather.i18n.AppLanguageState
import com.zhisheng.weather.i18n.uiText
import com.zhisheng.weather.ui.theme.ZhishengBg
import com.zhisheng.weather.ui.theme.ZhishengCard
import com.zhisheng.weather.ui.theme.ZhishengCardBorder
import com.zhisheng.weather.ui.theme.ZhishengCyan
import com.zhisheng.weather.ui.theme.ZhishengMint
import com.zhisheng.weather.ui.theme.ZhishengOrange
import com.zhisheng.weather.ui.theme.ZhishengRed
import com.zhisheng.weather.ui.theme.ZhishengSurface
import com.zhisheng.weather.ui.theme.ZhishengText
import com.zhisheng.weather.ui.theme.ZhishengTextSecondary
import com.zhisheng.weather.ui.theme.ZhishengTextTertiary
import kotlinx.coroutines.launch",ISSUE,,,
n0012,clickable,joelkanyi__NewsApp/presentation/src/main/java/io/github/joelkanyi/presentation/settings/SettingsScreen.kt,SettingsOptionItem,157,SettingsOptionItem,"  157 | fun SettingsOptionItem(
  158 |     settingsOption: SettingsOption,
  159 |     onClick: () -> Unit,
  160 |     modifier: Modifier = Modifier
  161 | ) {
  162 |     ListItem(
  163 |         modifier = modifier
  164 |             .fillMaxWidth()
  165 |             .clickable {
  166 |                 onClick()
  167 |             },
  168 |         leadingContent = {
  169 |             Icon(
  170 |                 modifier = Modifier.size(24.dp),
  171 |                 painter = painterResource(id = settingsOption.icon),
  172 |                 contentDescription = settingsOption.title
  173 |             )
  174 |         },
  175 |         headlineContent = {
  176 |             Text(
  177 |                 text = settingsOption.title,
  178 |                 style = MaterialTheme.typography.titleMedium
  179 |             )
  180 |         },
  181 |         supportingContent = {
  182 |             Text(
  183 |                 text = settingsOption.description,
  184 |                 style = MaterialTheme.typography.bodyMedium
  185 |             )
  186 |         }
  187 |     )
  188 | }","import android.content.Context
import androidx.compose.foundation.clickable
import androidx.compose.foundation.layout.Arrangement
import androidx.compose.foundation.layout.Row
import androidx.compose.foundation.layout.fillMaxSize
import androidx.compose.foundation.layout.fillMaxWidth
import androidx.compose.foundation.layout.padding
import androidx.compose.foundation.layout.size
import androidx.compose.foundation.lazy.LazyColumn
import androidx.compose.foundation.lazy.items
import androidx.compose.foundation.shape.RoundedCornerShape
import androidx.compose.material.icons.Icons
import androidx.compose.material.icons.filled.Check
import androidx.compose.material3.AlertDialog
import androidx.compose.material3.ExperimentalMaterial3Api
import androidx.compose.material3.Icon
import androidx.compose.material3.ListItem
import androidx.compose.material3.MaterialTheme
import androidx.compose.material3.Scaffold
import androidx.compose.material3.Text
import androidx.compose.material3.TopAppBar
import androidx.compose.runtime.Composable
import androidx.compose.runtime.collectAsState
import androidx.compose.runtime.getValue
import androidx.compose.runtime.mutableStateOf
import androidx.compose.runtime.saveable.rememberSaveable
import androidx.compose.runtime.setValue
import androidx.compose.ui.Alignment
import androidx.compose.ui.Modifier
import androidx.compose.ui.platform.LocalContext
import androidx.compose.ui.platform.testTag
import androidx.compose.ui.res.painterResource
import androidx.compose.ui.res.stringResource
import androidx.compose.ui.tooling.preview.Preview
import androidx.compose.ui.unit.dp
import androidx.hilt.navigation.compose.hiltViewModel
import androidx.navigation.NavController
import io.github.joelkanyi.designsystem.R
import io.github.joelkanyi.designsystem.theme.NewsAppTheme
import io.github.joelkanyi.designsystem.theme.Theme
import io.github.joelkanyi.presentation.model.AppTheme
import io.github.joelkanyi.presentation.model.SettingsOption
import io.github.joelkanyi.presentation.navigation.Destinations
import io.github.joelkanyi.presentation.utils.getAppVersionCode
import io.github.joelkanyi.presentation.utils.getAppVersionName
import io.github.joelkanyi.presentation.utils.getLanguageName
import io.github.joelkanyi.presentation.utils.getThemeName",ISSUE,,,
n0001,switch_checkbox,Q7DF1__XrayFA/shared/src/commonMain/kotlin/com/android/xrayfa/shared/ui/settings/SharedSettingsWidgets.kt,SharedSettingsSwitchRow,96,SharedSettingsSwitchRow,"   96 | fun SharedSettingsSwitchRow(
   97 |     title: String,
   98 |     description: String,
   99 |     checked: Boolean,
  100 |     onCheckedChange: (Boolean) -> Unit,
  101 |     icon: ImageVector? = null,
  102 | ) {
  103 |     ListItem(
  104 |         headlineContent = { Text(title) },
  105 |         supportingContent = { Text(description) },
  106 |         leadingContent =
  107 |             icon?.let {
  108 |                 {
  109 |                     Icon(
  110 |                         imageVector = it,
  111 |                         contentDescription = null,
  112 |                         tint = MaterialTheme.colorScheme.primary,
  113 |                         modifier = Modifier.size(24.dp),
  114 |                     )
  115 |                 }
  116 |             },
  117 |         trailingContent = {
  118 |             Switch(
  119 |                 checked = checked,
  120 |                 onCheckedChange = onCheckedChange,
  121 |             )
  122 |         },
  123 |         colors = ListItemDefaults.colors(containerColor = Color.Transparent),
  124 |         modifier = Modifier.clickable { onCheckedChange(!checked) },
  125 |     )
  126 | }","import androidx.compose.animation.core.LinearEasing
import androidx.compose.animation.core.animateFloat
import androidx.compose.animation.core.infiniteRepeatable
import androidx.compose.animation.core.rememberInfiniteTransition
import androidx.compose.animation.core.tween
import androidx.compose.foundation.clickable
import androidx.compose.foundation.layout.Box
import androidx.compose.foundation.layout.Column
import androidx.compose.foundation.layout.ColumnScope
import androidx.compose.foundation.layout.Row
import androidx.compose.foundation.layout.Spacer
import androidx.compose.foundation.layout.fillMaxWidth
import androidx.compose.foundation.layout.height
import androidx.compose.foundation.layout.padding
import androidx.compose.foundation.layout.size
import androidx.compose.foundation.shape.RoundedCornerShape
import androidx.compose.material.icons.Icons
import androidx.compose.material.icons.filled.KeyboardArrowDown
import androidx.compose.material.icons.filled.KeyboardArrowUp
import androidx.compose.material.icons.filled.Refresh
import androidx.compose.material.icons.outlined.Download
import androidx.compose.material.icons.outlined.Info
import androidx.compose.material3.CardDefaults
import androidx.compose.material3.DropdownMenu
import androidx.compose.material3.DropdownMenuItem
import androidx.compose.material3.ElevatedCard
import androidx.compose.material3.Icon
import androidx.compose.material3.IconButton
import androidx.compose.material3.LinearProgressIndicator
import androidx.compose.material3.ListItem
import androidx.compose.material3.ListItemDefaults
import androidx.compose.material3.MaterialTheme
import androidx.compose.material3.Switch
import androidx.compose.material3.Text
import androidx.compose.material3.TextButton
import androidx.compose.runtime.Composable
import androidx.compose.runtime.getValue
import androidx.compose.runtime.mutableStateOf
import androidx.compose.runtime.remember
import androidx.compose.runtime.setValue
import androidx.compose.ui.Alignment
import androidx.compose.ui.Modifier
import androidx.compose.ui.draw.clip
import androidx.compose.ui.draw.rotate
import androidx.compose.ui.graphics.Color
import androidx.compose.ui.graphics.vector.ImageVector
import androidx.compose.ui.text.font.FontWeight
import androidx.compose.ui.unit.DpOffset
import androidx.compose.ui.unit.dp",ISSUE,,,
n0008,clickable,marosseleng__compose-material3-datetime-pickers/datetimepickers/src/main/java/com/marosseleng/compose/material3/datetimepickers/date/ui/DatePicker.kt,MonthYearSelection,443,MonthYearSelection,"  443 | internal fun MonthYearSelection(
  444 |     currentYearMonth: YearMonth,
  445 |     dropdownOpen: Boolean,
  446 |     onPreviousMonthClick: () -> Unit,
  447 |     onMonthClick: () -> Unit,
  448 |     onNextMonthClick: () -> Unit,
  449 |     locale: Locale,
  450 |     modifier: Modifier = Modifier,
  451 | ) {
  452 |     val iconRotation by animateFloatAsState(targetValue = if (dropdownOpen) 0F else 180f)
  453 | 
  454 |     Row(
  455 |         modifier = modifier
  456 |             .fillMaxWidth(),
  457 |         verticalAlignment = Alignment.CenterVertically,
  458 |         horizontalArrangement = Arrangement.SpaceBetween
  459 |     ) {
  460 |         Row(
  461 |             modifier = Modifier
  462 |                 .offset(x = -16.dp)
  463 |                 .height(32.dp)
  464 |                 .clip(RoundedCornerShape(percent = 50))
  465 |                 .clickable(onClick = onMonthClick),
  466 |             horizontalArrangement = Arrangement.spacedBy(8.dp),
  467 |             verticalAlignment = Alignment.CenterVertically
  468 |         ) {
  469 |             Text(
  470 |                 modifier = Modifier.padding(start = 16.dp),
  471 |                 text = currentYearMonth.getDisplayName(locale),
  472 |                 style = LocalDatePickerTypography.current.monthYear,
  473 |                 color = LocalDatePickerColors.current.yearMonthTextColor,
  474 |             )
  475 |             Icon(
  476 |                 modifier = Modifier
  477 |                     .padding(end = 8.dp)
  478 |                     .rotate(iconRotation),
  479 |                 imageVector = Icons.Default.ArrowDropDown,
  480 |                 contentDescription = stringResource(id = R.string.datepicker_select_month_year),
  481 |                 tint = LocalDatePickerColors.current.yearMonthTextColor,
  482 |             )
  483 |         }
  484 |         Row {
  485 |             Box(
  486 |                 modifier = Modifier
  487 |                     .size(32.dp)
  488 |                     .clip(CircleShape)
  489 |                     .clickable(onClick = onPreviousMonthClick),
  490 |                 contentAlignment = Alignment.Center,
  491 |             ) {
  492 |                 Icon(
  493 |                     modifier = Modifier.size(24.dp),
  494 |                     imageVector = Icons.Default.KeyboardArrowLeft,
  495 |                     contentDescription = stringResource(R.string.datepicker_previous_month),
  496 |                     tint = LocalDatePickerColors.current.previousNextMonthIconColor,
  497 |                 )
  498 |             }
  499 |             Box(
  500 |                 modifier = Modifier
  501 |                     .padding(start = 8.dp)
  502 |                     .size(32.dp)
  503 |                     .clip(CircleShape)
  504 |                     .clickable(onClick = onNextMonthClick),
  505 |                 contentAlignment = Alignment.Center
  506 |             ) {
  507 |                 Icon(
  508 |                     imageVector = Icons.Default.KeyboardArrowRight,
  509 |                     contentDescription = stringResource(R.string.datepicker_next_month),
  510 |                     modifier = Modifier.size(24.dp),
  511 |                     tint = LocalDatePickerColors.current.previousNextMonthIconColor,
  512 |                 )
  513 |             }
  514 |         }
  515 |     }
  516 | }","import android.text.format.DateUtils
import androidx.compose.animation.Crossfade
import androidx.compose.animation.animateContentSize
import androidx.compose.animation.core.animateFloatAsState
import androidx.compose.foundation.background
import androidx.compose.foundation.border
import androidx.compose.foundation.clickable
import androidx.compose.foundation.gestures.detectHorizontalDragGestures
import androidx.compose.foundation.layout.Arrangement
import androidx.compose.foundation.layout.Box
import androidx.compose.foundation.layout.Column
import androidx.compose.foundation.layout.PaddingValues
import androidx.compose.foundation.layout.Row
import androidx.compose.foundation.layout.fillMaxSize
import androidx.compose.foundation.layout.fillMaxWidth
import androidx.compose.foundation.layout.height
import androidx.compose.foundation.layout.heightIn
import androidx.compose.foundation.layout.offset
import androidx.compose.foundation.layout.padding
import androidx.compose.foundation.layout.size
import androidx.compose.foundation.layout.widthIn
import androidx.compose.foundation.lazy.LazyColumn
import androidx.compose.foundation.lazy.items
import androidx.compose.foundation.lazy.rememberLazyListState
import androidx.compose.foundation.rememberScrollState
import androidx.compose.foundation.selection.selectable
import androidx.compose.foundation.shape.CircleShape
import androidx.compose.foundation.shape.RoundedCornerShape
import androidx.compose.foundation.verticalScroll
import androidx.compose.material.icons.Icons
import androidx.compose.material.icons.filled.ArrowDropDown
import androidx.compose.material.icons.filled.KeyboardArrowLeft
import androidx.compose.material.icons.filled.KeyboardArrowRight
import androidx.compose.material3.Divider
import androidx.compose.material3.Icon
import androidx.compose.material3.LocalContentColor
import androidx.compose.material3.LocalTextStyle
import androidx.compose.material3.Text
import androidx.compose.runtime.Composable
import androidx.compose.runtime.CompositionLocalProvider
import androidx.compose.runtime.derivedStateOf
import androidx.compose.runtime.getValue
import androidx.compose.runtime.mutableStateOf
import androidx.compose.runtime.remember
import androidx.compose.runtime.saveable.rememberSaveable
import androidx.compose.runtime.setValue
import androidx.compose.ui.Alignment
import androidx.compose.ui.Modifier
import androidx.compose.ui.draw.clip
import androidx.compose.ui.draw.drawBehind
import androidx.compose.ui.draw.rotate
import androidx.compose.ui.geometry.Offset
import androidx.compose.ui.geometry.Size
import androidx.compose.ui.graphics.Color
import androidx.compose.ui.graphics.Shape
import androidx.compose.ui.input.pointer.pointerInput
import androidx.compose.ui.layout.layout
import androidx.compose.ui.platform.LocalConfiguration
import androidx.compose.ui.platform.LocalContext
import androidx.compose.ui.platform.LocalDensity
import androidx.compose.ui.res.stringResource
import androidx.compose.ui.semantics.selected
import androidx.compose.ui.semantics.semantics
import androidx.compose.ui.unit.dp
import com.marosseleng.compose.material3.datetimepickers.R
import com.marosseleng.compose.material3.datetimepickers.common.domain.getDefaultLocale
import com.marosseleng.compose.material3.datetimepickers.common.domain.withNotNull
import com.marosseleng.compose.material3.datetimepickers.common.ui.BidirectionalInfiniteListHandler
import com.marosseleng.compose.material3.datetimepickers.date.domain.DatePickerColors
import com.marosseleng.compose.material3.datetimepickers.date.domain.DatePickerDefaults
import com.marosseleng.compose.material3.datetimepickers.date.domain.DatePickerShapes
import com.marosseleng.compose.material3.datetimepickers.date.domain.DatePickerStroke
import com.marosseleng.compose.material3.datetimepickers.date.domain.DatePickerTypography
import com.marosseleng.compose.material3.datetimepickers.date.domain.LocalDatePickerColors
import com.marosseleng.compose.material3.datetimepickers.date.domain.LocalDatePickerShapes
import com.marosseleng.compose.material3.datetimepickers.date.domain.LocalDatePickerTypography
import com.marosseleng.compose.material3.datetimepickers.date.domain.SelectionMode
import com.marosseleng.compose.material3.datetimepickers.date.domain.getDaysToDisplay
import com.marosseleng.compose.material3.datetimepickers.date.domain.getDisplayName
import com.marosseleng.compose.material3.datetimepickers.date.domain.getWeekdays
import com.marosseleng.compose.material3.datetimepickers.date.domain.getYears
import com.marosseleng.compose.material3.datetimepickers.time.domain.DayOfMonth
import java.time.DayOfWeek
import java.time.LocalDate
import java.time.Month
import java.time.YearMonth
import java.time.ZoneId
import java.time.format.TextStyle
import java.time.temporal.WeekFields
import java.util.Locale
import kotlin.math.sign",ISSUE,,,
n0059,color_literal,kursatkumsuz__movie/feature/detail/src/main/java/com/kursatkumsuz/detail/presentation/component/WatchButton.kt,WatchButton,21,WatchButton,"   21 | fun WatchButton(onWatchClick: () -> Unit) {
   22 |     Box(
   23 |         modifier = Modifier
   24 |             .fillMaxSize(),
   25 |         contentAlignment = Alignment.Center
   26 |     ) {
   27 |         Button(
   28 |             modifier = Modifier.size(60.dp),
   29 |             colors = ButtonDefaults.buttonColors(
   30 |                 containerColor = Color(0xFF4761B5)
   31 |             ),
   32 |             onClick = onWatchClick,
   33 |             shape = RoundedCornerShape(99.dp),
   34 |             contentPadding = PaddingValues(1.dp)
   35 |         ) {
   36 |             Icon(
   37 |                 modifier = Modifier.size(24.dp),
   38 |                 imageVector = Icons.Default.PlayArrow,
   39 |                 contentDescription = ""Watch Video Icon"",
   40 |                 tint = Color.White
   41 |             )
   42 |         }
   43 |     }
   44 | }","import androidx.compose.foundation.layout.Box
import androidx.compose.foundation.layout.PaddingValues
import androidx.compose.foundation.layout.fillMaxSize
import androidx.compose.foundation.layout.size
import androidx.compose.foundation.shape.RoundedCornerShape
import androidx.compose.material.icons.Icons
import androidx.compose.material.icons.filled.PlayArrow
import androidx.compose.material3.Button
import androidx.compose.material3.ButtonDefaults
import androidx.compose.material3.Icon
import androidx.compose.runtime.Composable
import androidx.compose.ui.Alignment
import androidx.compose.ui.Modifier
import androidx.compose.ui.graphics.Color
import androidx.compose.ui.unit.dp",NO_ISSUE,,,
n0039,pointer_input,beradeep__aiyo/ui/src/main/java/com/beradeep/aiyo/ui/basics/components/Surface.kt,Surface,33,Surface,"   33 | fun Surface(
   34 |     modifier: Modifier = Modifier,
   35 |     shape: Shape = RectangleShape,
   36 |     color: Color = AiyoTheme.colors.surface,
   37 |     contentColor: Color = contentColorFor(color),
   38 |     shadowElevation: Dp = 0.dp,
   39 |     border: BorderStroke? = null,
   40 |     content: @Composable () -> Unit
   41 | ) {
   42 |     CompositionLocalProvider(
   43 |         LocalContentColor provides contentColor
   44 |     ) {
   45 |         Box(
   46 |             modifier =
   47 |             modifier
   48 |                 .surface(
   49 |                     shape = shape,
   50 |                     backgroundColor = color,
   51 |                     border = border,
   52 |                     shadowElevation = shadowElevation
   53 |                 ).semantics(mergeDescendants = false) {
   54 |                     isTraversalGroup = true
   55 |                 }.pointerInput(Unit) {},
   56 |             propagateMinConstraints = true
   57 |         ) {
   58 |             content()
   59 |         }
   60 |     }
   61 | }","import androidx.compose.foundation.BorderStroke
import androidx.compose.foundation.background
import androidx.compose.foundation.border
import androidx.compose.foundation.clickable
import androidx.compose.foundation.interaction.MutableInteractionSource
import androidx.compose.foundation.layout.Box
import androidx.compose.foundation.selection.selectable
import androidx.compose.foundation.selection.toggleable
import androidx.compose.runtime.Composable
import androidx.compose.runtime.CompositionLocalProvider
import androidx.compose.runtime.NonRestartableComposable
import androidx.compose.runtime.remember
import androidx.compose.ui.Modifier
import androidx.compose.ui.draw.clip
import androidx.compose.ui.draw.shadow
import androidx.compose.ui.graphics.Color
import androidx.compose.ui.graphics.RectangleShape
import androidx.compose.ui.graphics.Shape
import androidx.compose.ui.input.pointer.pointerInput
import androidx.compose.ui.semantics.isTraversalGroup
import androidx.compose.ui.semantics.semantics
import androidx.compose.ui.unit.Dp
import androidx.compose.ui.unit.dp
import com.beradeep.aiyo.ui.AiyoTheme
import com.beradeep.aiyo.ui.LocalContentColor
import com.beradeep.aiyo.ui.basics.foundation.ripple
import com.beradeep.aiyo.ui.contentColorFor",NO_ISSUE,,,
n0053,sized_box,Pool-Of-Tears__Myne/app/src/main/java/com/starry/myne/ui/screens/reader/main/composables/ReaderBottomBar.kt,SepiaModeButton,118,SepiaModeButton,"  118 | private fun SepiaModeButton(
  119 |     modifier: Modifier,
  120 |     isSepiaModeEnabled: Boolean,
  121 |     onToggleSepiaMode: () -> Unit
  122 | ) {
  123 |     FilledTonalButton(
  124 |         onClick = onToggleSepiaMode,
  125 |         modifier = modifier,
  126 |         shape = RoundedCornerShape(16.dp),
  127 |         contentPadding = PaddingValues(0.dp),
  128 |         colors = if (isSepiaModeEnabled) {
  129 |             ButtonDefaults.filledTonalButtonColors(
  130 |                 containerColor = MaterialTheme.colorScheme.primary,
  131 |                 contentColor = MaterialTheme.colorScheme.onPrimary
  132 |             )
  133 |         } else {
  134 |             ButtonDefaults.filledTonalButtonColors()
  135 |         }
  136 |     ) {
  137 |         Icon(
  138 |             imageVector = Icons.Filled.Tonality,
  139 |             contentDescription = stringResource(
  140 |                 id = if (isSepiaModeEnabled) R.string.reader_sepia_mode_on
  141 |                 else R.string.reader_sepia_mode_off
  142 |             ),
  143 |             modifier = Modifier.size(24.dp)
  144 |         )
  145 |     }
  146 | }","import androidx.compose.foundation.background
import androidx.compose.foundation.layout.Arrangement
import androidx.compose.foundation.layout.Box
import androidx.compose.foundation.layout.Column
import androidx.compose.foundation.layout.PaddingValues
import androidx.compose.foundation.layout.Row
import androidx.compose.foundation.layout.Spacer
import androidx.compose.foundation.layout.fillMaxWidth
import androidx.compose.foundation.layout.height
import androidx.compose.foundation.layout.padding
import androidx.compose.foundation.layout.size
import androidx.compose.foundation.layout.width
import androidx.compose.foundation.selection.selectable
import androidx.compose.foundation.selection.selectableGroup
import androidx.compose.foundation.shape.RoundedCornerShape
import androidx.compose.material.icons.Icons
import androidx.compose.material.icons.filled.Add
import androidx.compose.material.icons.filled.Remove
import androidx.compose.material.icons.filled.Tonality
import androidx.compose.material3.AlertDialog
import androidx.compose.material3.ButtonDefaults
import androidx.compose.material3.FilledTonalButton
import androidx.compose.material3.Icon
import androidx.compose.material3.MaterialTheme
import androidx.compose.material3.RadioButton
import androidx.compose.material3.RadioButtonDefaults
import androidx.compose.material3.SnackbarHostState
import androidx.compose.material3.Text
import androidx.compose.material3.TextButton
import androidx.compose.material3.surfaceColorAtElevation
import androidx.compose.runtime.Composable
import androidx.compose.runtime.MutableState
import androidx.compose.runtime.mutableStateOf
import androidx.compose.runtime.remember
import androidx.compose.runtime.rememberCoroutineScope
import androidx.compose.ui.Alignment
import androidx.compose.ui.Modifier
import androidx.compose.ui.draw.clip
import androidx.compose.ui.graphics.Color
import androidx.compose.ui.graphics.vector.ImageVector
import androidx.compose.ui.platform.LocalConfiguration
import androidx.compose.ui.platform.LocalContext
import androidx.compose.ui.res.stringResource
import androidx.compose.ui.res.vectorResource
import androidx.compose.ui.semantics.Role
import androidx.compose.ui.unit.dp
import androidx.compose.ui.unit.sp
import com.starry.myne.R
import com.starry.myne.ui.screens.reader.main.viewmodel.ReaderFont
import com.starry.myne.ui.screens.reader.main.viewmodel.ReaderScreenState
import com.starry.myne.ui.theme.poppinsFont
import kotlinx.coroutines.launch",HANDLED,,,
n0049,sized_box,IacobIonut01__ReFra/app/src/main/kotlin/com/dot/gallery/cloud/ui/offline/OfflineModeScreen.kt,StorageLegendItem,650,StorageLegendItem,"  650 | private fun StorageLegendItem(color: Color, label: String, value: String) {
  651 |     Row(verticalAlignment = Alignment.CenterVertically) {
  652 |         Box(
  653 |             modifier = Modifier
  654 |                 .size(10.dp)
  655 |                 .clip(CircleShape)
  656 |                 .background(color)
  657 |         )
  658 |         Spacer(Modifier.width(6.dp))
  659 |         Column {
  660 |             Text(text = label, style = MaterialTheme.typography.labelMedium)
  661 |             Text(
  662 |                 text = value,
  663 |                 style = MaterialTheme.typography.labelSmall,
  664 |                 color = MaterialTheme.colorScheme.onSurfaceVariant
  665 |             )
  666 |         }
  667 |     }
  668 | }","import android.text.format.Formatter
import androidx.compose.foundation.Canvas
import androidx.compose.foundation.background
import androidx.compose.foundation.rememberScrollState
import androidx.compose.foundation.verticalScroll
import androidx.compose.foundation.layout.Arrangement
import androidx.compose.foundation.layout.Box
import androidx.compose.foundation.layout.Column
import androidx.compose.foundation.layout.Row
import androidx.compose.foundation.layout.Spacer
import androidx.compose.foundation.layout.fillMaxWidth
import androidx.compose.foundation.layout.height
import androidx.compose.foundation.layout.heightIn
import androidx.compose.foundation.layout.padding
import androidx.compose.foundation.layout.size
import androidx.compose.foundation.layout.width
import androidx.compose.foundation.selection.selectable
import androidx.compose.foundation.shape.CircleShape
import androidx.compose.foundation.shape.RoundedCornerShape
import androidx.compose.material.icons.Icons
import androidx.compose.material.icons.outlined.CheckCircle
import androidx.compose.material.icons.outlined.CloudDownload
import androidx.compose.material.icons.outlined.CloudOff
import androidx.compose.material.icons.outlined.Storage
import androidx.compose.material.icons.outlined.Sync
import androidx.compose.material.icons.outlined.SdStorage
import androidx.compose.material.icons.outlined.Wifi
import androidx.compose.material3.AlertDialog
import androidx.compose.material3.CircularProgressIndicator
import androidx.compose.material3.ExperimentalMaterial3Api
import androidx.compose.material3.Icon
import androidx.compose.material3.LinearProgressIndicator
import androidx.compose.material3.MaterialTheme
import androidx.compose.material3.ModalBottomSheet
import androidx.compose.material3.RadioButton
import androidx.compose.material3.Surface
import androidx.compose.material3.Text
import androidx.compose.material3.TextButton
import androidx.compose.runtime.Composable
import androidx.compose.runtime.getValue
import androidx.compose.runtime.mutableStateOf
import androidx.compose.runtime.remember
import androidx.compose.runtime.setValue
import androidx.compose.runtime.snapshots.SnapshotStateList
import androidx.compose.runtime.toMutableStateList
import androidx.compose.ui.Alignment
import androidx.compose.ui.Modifier
import androidx.compose.ui.draw.clip
import androidx.compose.ui.geometry.CornerRadius
import androidx.compose.ui.geometry.Offset
import androidx.compose.ui.geometry.Size
import androidx.compose.ui.graphics.Color
import androidx.compose.ui.text.font.FontWeight
import androidx.compose.ui.text.style.TextOverflow
import androidx.compose.ui.unit.dp
import androidx.hilt.lifecycle.viewmodel.compose.hiltViewModel
import androidx.lifecycle.compose.collectAsStateWithLifecycle
import com.dot.gallery.core.Position
import com.dot.gallery.core.SettingsEntity
import com.dot.gallery.core.presentation.components.SetupButton
import com.dot.gallery.feature_node.presentation.settings.components.BaseSettingsScreen
import androidx.compose.ui.platform.LocalContext
import androidx.compose.ui.res.stringResource
import com.dot.gallery.R",NO_ISSUE,,,
n0027,progress,zodl-inc__zodl-android/feature-migration/src/main/java/co/electriccoin/zcash/ui/screen/migration/review/MigrationReviewScreen.kt,MigrationReviewScreen,77,MigrationReviewScreen,"   77 | fun MigrationReviewScreen(args: MigrationReviewArgs) {
   78 |     val vm = koinViewModel<MigrationReviewVM> { parametersOf(args) }
   79 |     val state by vm.state.collectAsStateWithLifecycle()
   80 |     // Hoisted outside LceRenderer (matching MigrationProgressScreen) so back-navigation is always
   81 |     // available, even when state.content is permanently null (e.g. NothingToMigrate on propose —
   82 |     // see the 2026-08-02 stale-banner/dead-end bug: without this, that failure path left the user
   83 |     // on a blank screen with no back arrow and no back gesture).
   84 |     BackHandler { state.content?.onBack?.invoke() ?: vm.navigateBack() }
   85 |     LceRenderer(
   86 |         state = state,
   87 |         // MOB-1623: the default loading slot is empty, so this screen showed a black frame while
   88 |         // the plan proposal/fetch was in flight. Guarded on content == null so a later
   89 |         // isLoading=true (e.g. a retry) doesn't flash the spinner back over content already shown.
   90 |         loading = { isLoading -> if (isLoading && state.content == null) CircularScreenProgressIndicator() },
   91 |     ) { s ->
   92 |         MigrationReviewView(s)
   93 |     }
   94 | }","import androidx.activity.compose.BackHandler
import androidx.annotation.DrawableRes
import androidx.compose.foundation.background
import androidx.compose.foundation.border
import androidx.compose.foundation.clickable
import androidx.compose.foundation.layout.Arrangement
import androidx.compose.foundation.layout.Box
import androidx.compose.foundation.layout.Column
import androidx.compose.foundation.layout.IntrinsicSize
import androidx.compose.foundation.layout.PaddingValues
import androidx.compose.foundation.layout.Row
import androidx.compose.foundation.layout.Spacer
import androidx.compose.foundation.layout.fillMaxHeight
import androidx.compose.foundation.layout.fillMaxSize
import androidx.compose.foundation.layout.fillMaxWidth
import androidx.compose.foundation.layout.height
import androidx.compose.foundation.layout.padding
import androidx.compose.foundation.layout.size
import androidx.compose.foundation.layout.width
import androidx.compose.foundation.lazy.LazyColumn
import androidx.compose.foundation.lazy.items
import androidx.compose.foundation.rememberScrollState
import androidx.compose.foundation.shape.CircleShape
import androidx.compose.foundation.shape.RoundedCornerShape
import androidx.compose.foundation.verticalScroll
import androidx.compose.material3.Icon
import androidx.compose.material3.Text
import androidx.compose.runtime.Composable
import androidx.compose.runtime.getValue
import androidx.compose.runtime.mutableStateOf
import androidx.compose.runtime.remember
import androidx.compose.runtime.setValue
import androidx.compose.ui.Alignment
import androidx.compose.ui.Modifier
import androidx.compose.ui.draw.drawBehind
import androidx.compose.ui.geometry.Offset
import androidx.compose.ui.geometry.Size
import androidx.compose.ui.graphics.Color
import androidx.compose.ui.res.painterResource
import androidx.compose.ui.text.font.FontWeight
import androidx.compose.ui.unit.dp
import androidx.lifecycle.compose.collectAsStateWithLifecycle
import co.electriccoin.zcash.ui.R
import co.electriccoin.zcash.ui.common.model.migration.MigrationKeystoneRound
import co.electriccoin.zcash.ui.common.model.migration.MigrationMode
import co.electriccoin.zcash.ui.common.model.migration.MigrationPreparationDetails
import co.electriccoin.zcash.ui.common.model.migration.MigrationPreparationStepDetail
import co.electriccoin.zcash.ui.design.component.BlankBgScaffold
import co.electriccoin.zcash.ui.design.component.ButtonState
import co.electriccoin.zcash.ui.design.component.CircularScreenProgressIndicator
import co.electriccoin.zcash.ui.design.component.ZashiButton
import co.electriccoin.zcash.ui.design.component.ZashiSmallTopAppBar
import co.electriccoin.zcash.ui.design.component.ZashiTopAppBarBackNavigation
import co.electriccoin.zcash.ui.design.component.rememberZashiFrostState
import co.electriccoin.zcash.ui.design.component.zashiFrostSource
import co.electriccoin.zcash.ui.design.component.zashiFrostedHeader
import co.electriccoin.zcash.ui.design.newcomponent.PreviewScreens
import co.electriccoin.zcash.ui.design.theme.ZcashTheme
import co.electriccoin.zcash.ui.design.theme.colors.ZashiColors
import co.electriccoin.zcash.ui.design.theme.dimensions.ZashiDimensions
import co.electriccoin.zcash.ui.design.theme.typography.ZashiTypography
import co.electriccoin.zcash.ui.design.util.StringResource
import co.electriccoin.zcash.ui.design.util.getValue
import co.electriccoin.zcash.ui.design.util.stringRes
import co.electriccoin.zcash.ui.screen.common.LceRenderer
import co.electriccoin.zcash.ui.screen.common.WalletHeaderIcons
import co.electriccoin.zcash.ui.screen.common.WalletHeaderIconsState
import co.electriccoin.zcash.ui.screen.migration.component.MigrationFailureBottomSheet
import co.electriccoin.zcash.ui.screen.migration.component.MigrationPreparationDetailsBottomSheet
import org.koin.androidx.compose.koinViewModel
import org.koin.core.parameter.parametersOf
import co.electriccoin.zcash.ui.design.R as DesignR",UNSURE,,,
n0043,maxlines,itsluminous__ClearSMS/app/src/main/kotlin/app/clearsms/ui/inbox/BinScreen.kt,BinRow,217,BinRow,"  217 | private fun BinRow(
  218 |     item: InboxItem,
  219 |     richAvatars: Boolean,
  220 |     onRestore: () -> Unit,
  221 |     onDeleteForever: () -> Unit,
  222 |     onPreview: () -> Unit,
  223 | ) {
  224 |     val message = item.message
  225 |     ListItem(
  226 |         // Rows in the bin are truncated to two lines, which is rarely enough
  227 |         // to decide between restoring and deleting forever - tapping opens the
  228 |         // whole message.
  229 |         modifier = Modifier.clickable(onClick = onPreview),
  230 |         leadingContent = {
  231 |             SenderAvatar(
  232 |                 name = item.display.name,
  233 |                 richAvatars = richAvatars,
  234 |                 photoUri = item.display.photoUri,
  235 |                 isKnownSender = item.display.isKnownSender,
  236 |                 glyph = item.glyph,
  237 |             )
  238 |         },
  239 |         headlineContent = {
  240 |             Text(
  241 |                 text = item.display.name,
  242 |                 style = MaterialTheme.typography.titleMedium,
  243 |                 maxLines = 1,
  244 |                 overflow = TextOverflow.Ellipsis,
  245 |             )
  246 |         },
  247 |         supportingContent = {
  248 |             Column {
  249 |                 Text(
  250 |                     text = message.body,
  251 |                     style = MaterialTheme.typography.bodyMedium,
  252 |                     maxLines = 2,
  253 |                     overflow = TextOverflow.Ellipsis,
  254 |                     color = MaterialTheme.colorScheme.onSurfaceVariant,
  255 |                 )
  256 |                 Spacer(Modifier.height(4.dp))
  257 |                 CategoryBadge(category = message.category)
  258 |             }
  259 |         },
  260 |         trailingContent = {
  261 |             Row(verticalAlignment = Alignment.CenterVertically) {
  262 |                 Column(horizontalAlignment = Alignment.End) {
  263 |                     Text(
  264 |                         text = item.timeLabel,
  265 |                         style = MaterialTheme.typography.labelMedium,
  266 |                         color = MaterialTheme.colorScheme.onSurfaceVariant,
  267 |                     )
  268 |                 }
  269 |                 IconButton(onClick = onRestore) {
  270 |                     Icon(
  271 |                         Icons.Outlined.RestoreFromTrash,
  272 |                         contentDescription = stringResource(R.string.bin_restore),
  273 |                     )
  274 |                 }
  275 |                 IconButton(onClick = onDeleteForever) {
  276 |                     Icon(
  277 |                         Icons.Outlined.DeleteForever,
  278 |                         contentDescription = stringResource(R.string.bin_delete_forever),
  279 |                     )
  280 |                 }
  281 |             }
  282 |         },
  283 |     )
  284 | }","import androidx.compose.foundation.clickable
import androidx.compose.foundation.layout.Column
import androidx.compose.foundation.layout.Row
import androidx.compose.foundation.layout.Spacer
import androidx.compose.foundation.layout.fillMaxSize
import androidx.compose.foundation.layout.height
import androidx.compose.foundation.layout.padding
import androidx.compose.foundation.lazy.LazyColumn
import androidx.compose.foundation.lazy.items
import androidx.compose.foundation.rememberScrollState
import androidx.compose.foundation.verticalScroll
import androidx.compose.material.icons.Icons
import androidx.compose.material.icons.automirrored.outlined.ArrowBack
import androidx.compose.material.icons.outlined.DeleteForever
import androidx.compose.material.icons.outlined.DeleteSweep
import androidx.compose.material.icons.outlined.RestoreFromTrash
import androidx.compose.material3.AlertDialog
import androidx.compose.material3.ExperimentalMaterial3Api
import androidx.compose.material3.Icon
import androidx.compose.material3.IconButton
import androidx.compose.material3.ListItem
import androidx.compose.material3.MaterialTheme
import androidx.compose.material3.Scaffold
import androidx.compose.material3.SnackbarHostState
import androidx.compose.material3.Text
import androidx.compose.material3.TextButton
import androidx.compose.material3.TopAppBar
import androidx.compose.runtime.Composable
import androidx.compose.runtime.LaunchedEffect
import androidx.compose.runtime.getValue
import androidx.compose.runtime.mutableStateOf
import androidx.compose.runtime.remember
import androidx.compose.runtime.setValue
import androidx.compose.ui.Alignment
import androidx.compose.ui.Modifier
import androidx.compose.ui.res.stringResource
import androidx.compose.ui.text.style.TextOverflow
import androidx.compose.ui.unit.dp
import androidx.hilt.navigation.compose.hiltViewModel
import androidx.lifecycle.compose.collectAsStateWithLifecycle
import app.clearsms.R
import app.clearsms.ui.components.CategoryBadge
import app.clearsms.ui.components.EmptyState
import app.clearsms.ui.components.SenderAvatar
import app.clearsms.ui.components.SwipeDismissSnackbarHost",HANDLED,,,
n0047,maxlines,Dking08__croc-app/app/src/main/java/com/dking/crocapp/ui/settings/SettingsScreen.kt,SavedCodeRow,891,SavedCodeRow,"  891 | private fun SavedCodeRow(
  892 |     code: String,
  893 |     onDelete: () -> Unit
  894 | ) {
  895 |     Row(
  896 |         modifier = Modifier
  897 |             .fillMaxWidth()
  898 |             .clip(MaterialTheme.shapes.medium)
  899 |             .background(MaterialTheme.colorScheme.surface)
  900 |             .padding(horizontal = 12.dp, vertical = 10.dp),
  901 |         verticalAlignment = Alignment.CenterVertically
  902 |     ) {
  903 |         Icon(
  904 |             Icons.Rounded.Code,
  905 |             contentDescription = null,
  906 |             modifier = Modifier.size(18.dp),
  907 |             tint = MaterialTheme.colorScheme.onSurfaceVariant
  908 |         )
  909 |         Spacer(modifier = Modifier.width(10.dp))
  910 |         Text(
  911 |             text = code,
  912 |             style = MaterialTheme.typography.bodySmall,
  913 |             fontWeight = FontWeight.Medium,
  914 |             modifier = Modifier.weight(1f),
  915 |             maxLines = 1,
  916 |             overflow = TextOverflow.Ellipsis
  917 |         )
  918 |         IconButton(
  919 |             onClick = onDelete,
  920 |             modifier = Modifier.size(28.dp)
  921 |         ) {
  922 |             Icon(
  923 |                 Icons.Rounded.Close,
  924 |                 contentDescription = ""Delete code"",
  925 |                 modifier = Modifier.size(16.dp),
  926 |                 tint = MaterialTheme.colorScheme.onSurfaceVariant
  927 |             )
  928 |         }
  929 |     }
  930 | }","import android.content.Intent
import android.net.Uri
import androidx.activity.compose.rememberLauncherForActivityResult
import androidx.activity.result.contract.ActivityResultContracts
import androidx.compose.foundation.background
import androidx.compose.foundation.layout.Arrangement
import androidx.compose.foundation.layout.Box
import androidx.compose.foundation.layout.Column
import androidx.compose.foundation.layout.ExperimentalLayoutApi
import androidx.compose.foundation.layout.Row
import androidx.compose.foundation.layout.Spacer
import androidx.compose.foundation.layout.fillMaxSize
import androidx.compose.foundation.layout.fillMaxWidth
import androidx.compose.foundation.layout.height
import androidx.compose.foundation.layout.padding
import androidx.compose.foundation.layout.size
import androidx.compose.foundation.layout.width
import androidx.compose.animation.AnimatedVisibility
import androidx.compose.animation.expandVertically
import androidx.compose.animation.fadeIn
import androidx.compose.animation.fadeOut
import androidx.compose.animation.shrinkVertically
import androidx.compose.foundation.rememberScrollState
import androidx.compose.foundation.shape.CircleShape
import androidx.compose.foundation.shape.RoundedCornerShape
import androidx.compose.foundation.verticalScroll
import androidx.compose.material.icons.Icons
import androidx.compose.material.icons.rounded.ArrowBack
import androidx.compose.material.icons.rounded.Cloud
import androidx.compose.material.icons.rounded.CloudUpload
import androidx.compose.material.icons.rounded.Close
import androidx.compose.material.icons.rounded.Code
import androidx.compose.material.icons.rounded.CompareArrows
import androidx.compose.material.icons.rounded.Delete
import androidx.compose.material.icons.rounded.FolderOpen
import androidx.compose.material.icons.rounded.History
import androidx.compose.material.icons.rounded.Info
import androidx.compose.material.icons.rounded.Palette
import androidx.compose.material.icons.rounded.Save
import androidx.compose.material.icons.rounded.Security
import androidx.compose.material.icons.rounded.Speed
import androidx.compose.material.icons.rounded.Tune
import androidx.compose.material.icons.rounded.Visibility
import androidx.compose.material.icons.rounded.VisibilityOff
import androidx.compose.material.icons.rounded.Wifi
import androidx.compose.material3.Card
import androidx.compose.material3.CardDefaults
import androidx.compose.material3.DropdownMenuItem
import androidx.compose.material3.ExperimentalMaterial3Api
import androidx.compose.material3.ExposedDropdownMenuBox
import androidx.compose.material3.ExposedDropdownMenuDefaults
import androidx.compose.material3.FilledTonalButton
import androidx.compose.material3.HorizontalDivider
import androidx.compose.material3.Icon
import androidx.compose.material3.IconButton
import androidx.compose.material3.MaterialTheme
import androidx.compose.material3.MenuAnchorType
import androidx.compose.material3.OutlinedTextField
import androidx.compose.material3.Scaffold
import androidx.compose.material3.Switch
import androidx.compose.material3.Text
import androidx.compose.material3.TopAppBar
import androidx.compose.material3.TopAppBarDefaults
import androidx.compose.runtime.Composable
import androidx.compose.runtime.getValue
import androidx.compose.runtime.mutableStateOf
import androidx.compose.runtime.remember
import androidx.compose.runtime.setValue
import androidx.compose.ui.Alignment
import androidx.compose.ui.Modifier
import androidx.compose.ui.draw.clip
import androidx.compose.ui.graphics.Color
import androidx.compose.ui.graphics.vector.ImageVector
import androidx.compose.ui.platform.LocalContext
import androidx.compose.ui.res.painterResource
import androidx.compose.ui.res.stringResource
import androidx.compose.ui.text.font.FontWeight
import androidx.compose.ui.text.input.PasswordVisualTransformation
import androidx.compose.ui.text.input.VisualTransformation
import androidx.compose.ui.text.style.TextOverflow
import androidx.compose.ui.unit.dp
import androidx.lifecycle.compose.collectAsStateWithLifecycle
import androidx.lifecycle.viewmodel.compose.viewModel
import com.dking.crocapp.BuildConfig
import com.dking.crocapp.R",ISSUE,,,
n0058,color_literal,hosizoraru__KeiOS/app/src/main/java/os/kei/ui/page/main/widget/core/AppOverviewCards.kt,AppOverviewCardPreviewDark,366,AppOverviewCardPreviewDark,"  366 | private fun AppOverviewCardPreviewDark() {
  367 |     CompositionLocalProvider(LocalTextCopyExpandedOverride provides false) {
  368 |         MiuixTheme(controller = ThemeController(ColorSchemeMode.Dark)) {
  369 |             AppOverviewCard(
  370 |                 title = ""System Properties"",
  371 |                 subtitle = ""Tap to refresh system tables"",
  372 |                 containerColor = Color(0xFF1F2937),
  373 |                 borderColor = Color(0xFF334155),
  374 |                 titleColor = Color.White,
  375 |                 subtitleColor = Color(0xFFCBD5E1),
  376 |                 headerEndActions = {
  377 |                     StatusPill(
  378 |                         label = ""Cached"",
  379 |                         color = AppStatusColors.Cached,
  380 |                     )
  381 |                 },
  382 |             ) {
  383 |                 AppInfoRow(label = ""System"", value = ""82 items"", labelColor = Color(0xFFCBD5E1), valueColor = Color.White)
  384 |                 AppInfoRow(label = ""Android"", value = ""31 items"", labelColor = Color(0xFFCBD5E1), valueColor = Color.White)
  385 |                 AppInfoRow(label = ""Java"", value = ""16 items"", labelColor = Color(0xFFCBD5E1), valueColor = Color.White)
  386 |             }
  387 |         }
  388 |     }
  389 | }","import androidx.compose.foundation.layout.Arrangement
import androidx.compose.foundation.layout.Box
import androidx.compose.foundation.layout.Column
import androidx.compose.foundation.layout.ColumnScope
import androidx.compose.foundation.layout.PaddingValues
import androidx.compose.foundation.layout.Row
import androidx.compose.foundation.layout.RowScope
import androidx.compose.foundation.layout.fillMaxWidth
import androidx.compose.foundation.layout.padding
import androidx.compose.runtime.Composable
import androidx.compose.runtime.CompositionLocalProvider
import androidx.compose.ui.Modifier
import androidx.compose.ui.graphics.Color
import androidx.compose.ui.text.font.FontWeight
import androidx.compose.ui.text.style.TextAlign
import androidx.compose.ui.text.style.TextOverflow
import androidx.compose.ui.tooling.preview.Preview
import androidx.compose.ui.unit.Dp
import androidx.compose.ui.unit.dp
import com.kyant.backdrop.Backdrop
import com.kyant.shapes.RoundedRectangle
import os.kei.ui.page.main.widget.glass.GlassVariant
import os.kei.ui.page.main.widget.glass.LiquidSurface
import os.kei.ui.page.main.widget.glass.LocalLiquidParentBackdrop
import os.kei.ui.page.main.widget.glass.UiPerformanceBudget
import os.kei.ui.page.main.widget.glass.resolvedGlassBlurDp
import os.kei.ui.page.main.widget.glass.resolvedGlassLensDp
import os.kei.ui.page.main.widget.isAppInDarkTheme
import os.kei.ui.page.main.widget.shape.appSquircleBackground
import os.kei.ui.page.main.widget.shape.appSquircleBorder
import os.kei.ui.page.main.widget.status.AppStatusColors
import os.kei.ui.page.main.widget.status.StatusPill
import os.kei.ui.page.main.widget.support.LocalTextCopyExpandedOverride
import top.yukonga.miuix.kmp.theme.ColorSchemeMode
import top.yukonga.miuix.kmp.theme.MiuixTheme
import top.yukonga.miuix.kmp.theme.ThemeController",NO_ISSUE,,,
n0009,clickable,maximilian-schwaerzler__Do-It/app/src/main/java/at/co/schwaerzler/maximilian/doit/ui/navigation/screen/SettingsScreen.kt,LanguagePickerDialog,308,LanguagePickerDialog,"  308 | private fun LanguagePickerDialog(
  309 |     currentTag: String,
  310 |     supportedLocales: List<Pair<String, String>>,
  311 |     onDismiss: () -> Unit,
  312 |     onSelectTag: (String) -> Unit,
  313 | ) {
  314 |     val systemDefaultLabel = stringResource(R.string.settings_language_system_default)
  315 |     AlertDialog(
  316 |         onDismissRequest = onDismiss,
  317 |         title = { Text(stringResource(R.string.settings_language_dialog_title)) },
  318 |         text = {
  319 |             Column(
  320 |                 modifier = Modifier.verticalScroll(rememberScrollState()),
  321 |                 verticalArrangement = Arrangement.spacedBy(8.dp)
  322 |             ) {
  323 |                 Row(
  324 |                     modifier = Modifier
  325 |                         .fillMaxWidth()
  326 |                         .clickable { onSelectTag("""") }
  327 |                         .padding(end = 8.dp),
  328 |                     verticalAlignment = Alignment.CenterVertically
  329 |                 ) {
  330 |                     RadioButton(selected = currentTag.isEmpty(), onClick = null)
  331 |                     Text(
  332 |                         text = systemDefaultLabel,
  333 |                         style = MaterialTheme.typography.bodyLarge,
  334 |                         modifier = Modifier.padding(start = 4.dp)
  335 |                     )
  336 |                 }
  337 |                 supportedLocales.forEach { (tag, name) ->
  338 |                     Row(
  339 |                         modifier = Modifier
  340 |                             .fillMaxWidth()
  341 |                             .clickable { onSelectTag(tag) }
  342 |                             .padding(end = 8.dp),
  343 |                         verticalAlignment = Alignment.CenterVertically
  344 |                     ) {
  345 |                         RadioButton(selected = tag == currentTag, onClick = null)
  346 |                         Text(
  347 |                             text = name,
  348 |                             style = MaterialTheme.typography.bodyLarge,
  349 |                             modifier = Modifier.padding(start = 4.dp)
  350 |                         )
  351 |                     }
  352 |                 }
  353 |             }
  354 |         },
  355 |         confirmButton = {}
  356 |     )
  357 | }","import androidx.compose.foundation.clickable
import androidx.compose.foundation.layout.Arrangement
import androidx.compose.foundation.layout.Column
import androidx.compose.foundation.layout.Row
import androidx.compose.foundation.layout.fillMaxSize
import androidx.compose.foundation.layout.fillMaxWidth
import androidx.compose.foundation.layout.padding
import androidx.compose.foundation.rememberScrollState
import androidx.compose.foundation.verticalScroll
import androidx.compose.material3.AlertDialog
import androidx.compose.material3.DropdownMenuItem
import androidx.compose.material3.ExperimentalMaterial3Api
import androidx.compose.material3.ExposedDropdownMenuAnchorType
import androidx.compose.material3.ExposedDropdownMenuBox
import androidx.compose.material3.ExposedDropdownMenuDefaults
import androidx.compose.material3.Icon
import androidx.compose.material3.IconButton
import androidx.compose.material3.ListItem
import androidx.compose.material3.MaterialTheme
import androidx.compose.material3.OutlinedTextField
import androidx.compose.material3.RadioButton
import androidx.compose.material3.Scaffold
import androidx.compose.material3.Surface
import androidx.compose.material3.Switch
import androidx.compose.material3.Text
import androidx.compose.material3.TextButton
import androidx.compose.material3.TopAppBar
import androidx.compose.runtime.Composable
import androidx.compose.runtime.getValue
import androidx.compose.runtime.mutableStateOf
import androidx.compose.runtime.remember
import androidx.compose.runtime.saveable.rememberSaveable
import androidx.compose.runtime.setValue
import androidx.compose.ui.Alignment
import androidx.compose.ui.Modifier
import androidx.compose.ui.platform.LocalContext
import androidx.compose.ui.res.painterResource
import androidx.compose.ui.res.stringResource
import androidx.compose.ui.tooling.preview.Preview
import androidx.compose.ui.unit.dp
import androidx.lifecycle.compose.collectAsStateWithLifecycle
import androidx.lifecycle.viewmodel.compose.viewModel
import at.co.schwaerzler.maximilian.doit.R
import at.co.schwaerzler.maximilian.doit.data.SettingsViewModel
import at.co.schwaerzler.maximilian.doit.ui.component.MaxWidthLayout
import at.co.schwaerzler.maximilian.doit.ui.theme.DoItTheme
import at.co.schwaerzler.maximilian.doit.util.AppThemeMode
import at.co.schwaerzler.maximilian.doit.util.NotificationLeadTime
import at.co.schwaerzler.maximilian.doit.util.openUrl
import java.util.Locale",ISSUE,,,
n0054,sized_box,zodl-inc__zodl-android/feature-voting/src/main/java/co/electriccoin/zcash/ui/screen/voting/signkeystone/AuthorizeVoteSignKeystoneView.kt,UseSignedBundlesOnlyRow,282,UseSignedBundlesOnlyRow,"  282 | private fun UseSignedBundlesOnlyRow(state: UseSignedBundlesOnlyState) {
  283 |     Row(
  284 |         modifier =
  285 |             Modifier
  286 |                 .fillMaxWidth()
  287 |                 .clickable(onClick = state.onClick)
  288 |                 .padding(horizontal = 16.dp, vertical = 12.dp),
  289 |         horizontalArrangement = Arrangement.SpaceBetween,
  290 |         verticalAlignment = Alignment.CenterVertically
  291 |     ) {
  292 |         Column(modifier = Modifier.weight(1f)) {
  293 |             Text(
  294 |                 text = stringResource(R.string.coinVote_delegationSigning_useSignedBundlesOnly),
  295 |                 style = ZashiTypography.textSm,
  296 |                 fontWeight = FontWeight.Medium,
  297 |                 color = ZashiColors.Text.textPrimary
  298 |             )
  299 |             Text(
  300 |                 text =
  301 |                     stringResource(
  302 |                         R.string.authorize_vote_use_signed_bundles_only_subtitle,
  303 |                         state.remainingZec.getValue()
  304 |                     ),
  305 |                 style = ZashiTypography.textXs,
  306 |                 color = ZashiColors.Text.textTertiary
  307 |             )
  308 |         }
  309 |         Icon(
  310 |             modifier = Modifier.size(20.dp),
  311 |             painter = painterResource(co.electriccoin.zcash.ui.design.R.drawable.ic_chevron_right),
  312 |             contentDescription = null,
  313 |             tint = ZashiColors.Text.textTertiary
  314 |         )
  315 |     }
  316 | }","import androidx.compose.foundation.BorderStroke
import androidx.compose.foundation.Image
import androidx.compose.foundation.background
import androidx.compose.foundation.clickable
import androidx.compose.foundation.layout.Arrangement
import androidx.compose.foundation.layout.Box
import androidx.compose.foundation.layout.Column
import androidx.compose.foundation.layout.PaddingValues
import androidx.compose.foundation.layout.Row
import androidx.compose.foundation.layout.Spacer
import androidx.compose.foundation.layout.fillMaxSize
import androidx.compose.foundation.layout.fillMaxWidth
import androidx.compose.foundation.layout.height
import androidx.compose.foundation.layout.navigationBarsPadding
import androidx.compose.foundation.layout.padding
import androidx.compose.foundation.layout.size
import androidx.compose.foundation.rememberScrollState
import androidx.compose.foundation.shape.RoundedCornerShape
import androidx.compose.foundation.verticalScroll
import androidx.compose.material3.HorizontalDivider
import androidx.compose.material3.Icon
import androidx.compose.material3.Text
import androidx.compose.runtime.Composable
import androidx.compose.runtime.LaunchedEffect
import androidx.compose.ui.Alignment
import androidx.compose.ui.Modifier
import androidx.compose.ui.draw.clip
import androidx.compose.ui.graphics.Color
import androidx.compose.ui.platform.testTag
import androidx.compose.ui.res.painterResource
import androidx.compose.ui.res.stringResource
import androidx.compose.ui.text.AnnotatedString
import androidx.compose.ui.text.font.FontWeight
import androidx.compose.ui.unit.dp
import co.electriccoin.zcash.ui.R
import co.electriccoin.zcash.ui.common.appbar.ZashiTopAppBarTags
import co.electriccoin.zcash.ui.design.component.BlankBgScaffold
import co.electriccoin.zcash.ui.design.component.ButtonState
import co.electriccoin.zcash.ui.design.component.QrCodeDefaults
import co.electriccoin.zcash.ui.design.component.ZashiBadge
import co.electriccoin.zcash.ui.design.component.ZashiBadgeDefaults
import co.electriccoin.zcash.ui.design.component.ZashiButton
import co.electriccoin.zcash.ui.design.component.ZashiLinearProgressIndicator
import co.electriccoin.zcash.ui.design.component.ZashiQr
import co.electriccoin.zcash.ui.design.component.ZashiSmallTopAppBar
import co.electriccoin.zcash.ui.design.component.ZashiTopAppBarBackNavigation
import co.electriccoin.zcash.ui.design.component.listitem.BaseListItem
import co.electriccoin.zcash.ui.design.component.listitem.ZashiListItemDefaults
import co.electriccoin.zcash.ui.design.component.rememberZashiFrostState
import co.electriccoin.zcash.ui.design.component.zashiFrostSource
import co.electriccoin.zcash.ui.design.component.zashiFrostedFooter
import co.electriccoin.zcash.ui.design.component.zashiFrostedHeader
import co.electriccoin.zcash.ui.design.newcomponent.PreviewScreens
import co.electriccoin.zcash.ui.design.theme.ZcashTheme
import co.electriccoin.zcash.ui.design.theme.colors.ZashiColors
import co.electriccoin.zcash.ui.design.theme.dimensions.ZashiDimensions
import co.electriccoin.zcash.ui.design.theme.typography.ZashiTypography
import co.electriccoin.zcash.ui.design.util.getValue
import co.electriccoin.zcash.ui.design.util.scaffoldPadding
import co.electriccoin.zcash.ui.design.util.stringRes
import co.electriccoin.zcash.ui.screen.signkeystonetransaction.ZashiAccountInfoListItemState
import kotlinx.collections.immutable.persistentListOf
import kotlinx.coroutines.delay
import kotlin.time.Duration.Companion.milliseconds",NO_ISSUE,,,
n0015,icon_image,Darkrock-Studios__hammer-editor/composeUi/src/desktopMain/kotlin/com/darkrockstudios/apps/hammer/common/preview/ProjectSynchronization.Preview.kt,EncyclopediaEntryConflictPreview,182,EncyclopediaEntryConflictPreview,"  182 | fun EncyclopediaEntryConflictPreview() {
  183 | 	val serverEntity = ApiProjectEntity.EncyclopediaEntryEntity(
  184 | 		id = 1,
  185 | 		name = ""White Rabbit"",
  186 | 		entryType = ""person"",
  187 | 		text = ""A nervous, waistcoated rabbit who carries a pocket-watch and is always late. Functions as Alice's reluctant guide into Wonderland."",
  188 | 		tags = setOf(""wonderland"", ""guide"", ""anthropomorphic""),
  189 | 		image = ApiProjectEntity.EncyclopediaEntryEntity.Image(
  190 | 			base64 = """",
  191 | 			fileExtension = ""png"",
  192 | 		),
  193 | 		aliases = listOf(""The Rabbit"", ""Mr. Rabbit""),
  194 | 	)
  195 | 	val clientEntity = serverEntity.copy(
  196 | 		name = ""White Rabbit (the Herald)"",
  197 | 		text = ""A pocket-watch-carrying rabbit acting as a herald between worlds. Revised in draft 3 to give him a formal title at court."",
  198 | 		tags = setOf(""wonderland"", ""herald"", ""court""),
  199 | 		image = null,
  200 | 		aliases = listOf(""The Rabbit"", ""The Herald"", ""His Excellency""),
  201 | 	)
  202 | 
  203 | 	val conflict = ProjectSynchronization.EntityConflict.EncyclopediaEntryConflict(
  204 | 		serverEntry = serverEntity,
  205 | 		clientEntry = clientEntity,
  206 | 	)
  207 | 
  208 | 	ProjectSynchronizationPreview(conflict, Res.string.sync_conflict_encyclopedia_title, expandedSize())
  209 | }","import androidx.compose.foundation.background
import androidx.compose.foundation.layout.Box
import androidx.compose.material3.windowsizeclass.ExperimentalMaterial3WindowSizeClassApi
import androidx.compose.material3.windowsizeclass.WindowSizeClass
import androidx.compose.runtime.Composable
import androidx.compose.ui.Modifier
import androidx.compose.ui.geometry.Size
import androidx.compose.ui.graphics.Color
import androidx.compose.ui.tooling.preview.Preview
import androidx.compose.ui.unit.Density
import com.arkivanov.decompose.value.MutableValue
import com.arkivanov.decompose.value.update
import com.darkrockstudios.apps.hammer.Res
import com.darkrockstudios.apps.hammer.base.http.ApiProjectEntity
import com.darkrockstudios.apps.hammer.base.http.ApiSceneType
import com.darkrockstudios.apps.hammer.base.http.projectdata.ProjectData
import com.darkrockstudios.apps.hammer.base.http.projectdata.ProjectTheme
import com.darkrockstudios.apps.hammer.base.http.projectdata.WordCountGoal
import com.darkrockstudios.apps.hammer.common.components.projectsync.ProjectSynchronization
import com.darkrockstudios.apps.hammer.common.data.sync.projectsync.SyncLogLevel
import com.darkrockstudios.apps.hammer.common.data.sync.projectsync.SyncLogMessage
import com.darkrockstudios.apps.hammer.common.projectsync.ProjectSynchronizationContent
import com.darkrockstudios.apps.hammer.sync_conflict_encyclopedia_title
import com.darkrockstudios.apps.hammer.sync_conflict_note_title
import com.darkrockstudios.apps.hammer.sync_conflict_project_data_title
import com.darkrockstudios.apps.hammer.sync_conflict_scene_draft_title
import com.darkrockstudios.apps.hammer.sync_conflict_scene_title
import com.darkrockstudios.apps.hammer.sync_conflict_timeline_title
import org.jetbrains.compose.resources.StringResource
import kotlin.time.Clock
import kotlin.time.Duration.Companion.days
import kotlin.time.Duration.Companion.seconds",NO_ISSUE,,,
n0029,progress,GetStream__stream-draw-android/app/src/main/kotlin/io/getstream/streamdraw/ui/screens/group/JoinGroupForm.kt,JoinGroupForm,44,JoinGroupForm,"   44 | fun JoinGroupForm(
   45 |     viewModel: MainViewModel,
   46 |     connectionState: GameConnectionState
   47 | ) {
   48 |     var displayName by remember { mutableStateOf("""") }
   49 |     var groupCode by remember { mutableStateOf("""") }
   50 |     val context = LocalContext.current
   51 | 
   52 |     Box(
   53 |         modifier = Modifier.fillMaxSize()
   54 |     ) {
   55 |         if (connectionState.isLoading) {
   56 |             CircularProgressIndicator(modifier = Modifier.align(Alignment.Center))
   57 |         } else {
   58 |             MainScreen {
   59 |                 Column(
   60 |                     modifier = Modifier
   61 |                         .padding(start = 20.dp, end = 20.dp, bottom = 20.dp)
   62 |                 ) {
   63 |                     AppTextField(
   64 |                         label = stringResource(id = R.string.display_name),
   65 |                         onValueChange = { displayName = it },
   66 |                         value = displayName,
   67 |                         marginTop = 16.dp
   68 |                     )
   69 |                     AppTextField(
   70 |                         label = stringResource(id = R.string.group_code),
   71 |                         onValueChange = { groupCode = it },
   72 |                         value = groupCode,
   73 |                         marginTop = 16.dp
   74 |                     )
   75 |                     SecondaryButton(
   76 |                         text = stringResource(id = R.string.join_group),
   77 |                         onClick = {
   78 |                             if (displayName.isNotEmpty() && groupCode.isNotEmpty()) {
   79 |                                 viewModel.joinGameGroup(displayName, groupCode)
   80 |                             } else {
   81 |                                 context.toast(R.string.fill_all_blanks)
   82 |                             }
   83 |                         },
   84 |                         marginTop = 24.dp
   85 |                     )
   86 |                 }
   87 |             }
   88 |         }
   89 |     }
   90 | }","import androidx.compose.foundation.layout.Box
import androidx.compose.foundation.layout.Column
import androidx.compose.foundation.layout.fillMaxSize
import androidx.compose.foundation.layout.padding
import androidx.compose.material.CircularProgressIndicator
import androidx.compose.runtime.Composable
import androidx.compose.runtime.getValue
import androidx.compose.runtime.mutableStateOf
import androidx.compose.runtime.remember
import androidx.compose.runtime.setValue
import androidx.compose.ui.Alignment
import androidx.compose.ui.Modifier
import androidx.compose.ui.platform.LocalContext
import androidx.compose.ui.res.stringResource
import androidx.compose.ui.unit.dp
import io.getstream.streamdraw.R
import io.getstream.streamdraw.data.GameConnectionState
import io.getstream.streamdraw.data.isLoading
import io.getstream.streamdraw.extensions.toast
import io.getstream.streamdraw.ui.components.AppTextField
import io.getstream.streamdraw.ui.components.SecondaryButton
import io.getstream.streamdraw.ui.screens.main.MainScreen
import io.getstream.streamdraw.ui.screens.main.MainViewModel",HANDLED,,,
n0040,pointer_input,miaowmiaow__fragmject/feature/picture/impl/src/main/java/com/example/fragmject/feature/picture/components/PictureClipView.kt,PictureClipCanvas,353,PictureClipCanvas,"  353 | fun PictureClipCanvas(
  354 |     state: PictureClipState,
  355 |     modifier: Modifier = Modifier,
  356 | ) {
  357 |     var dragState by remember { mutableStateOf(false) }
  358 | 
  359 |     Canvas(
  360 |         modifier = modifier
  361 |             .fillMaxSize()
  362 |             .onSizeChanged { state.viewSize = it }
  363 |             .pointerInput(Unit) {
  364 |                 var prevSpan = 0f
  365 |                 awaitPointerEventScope {
  366 |                     while (true) {
  367 |                         val event = awaitPointerEvent()
  368 |                         val changes = event.changes
  369 | 
  370 |                         if (changes.size >= 2 && changes.all { it.pressed }) {
  371 |                             // 双指缩放
  372 |                             val p0 = changes[0]
  373 |                             val p1 = changes[1]
  374 |                             val span = hypot(
  375 |                                 (p1.position.x - p0.position.x).toDouble(),
  376 |                                 (p1.position.y - p0.position.y).toDouble()
  377 |                             ).toFloat()
  378 |                             if (prevSpan > 0f && span > 0f) {
  379 |                                 val scaleFactor = span / prevSpan
  380 |                                 val focusX = (p0.position.x + p1.position.x) / 2f
  381 |                                 val focusY = (p0.position.y + p1.position.y) / 2f
  382 |                                 state.handleScale(scaleFactor, focusX, focusY)
  383 |                             }
  384 |                             prevSpan = span
  385 |                             if (!dragState) {
  386 |                                 dragState = true
  387 |                             }
  388 |                             changes.forEach { it.consume() }
  389 |                         } else if (changes.any { it.pressed } && !dragState) {
  390 |                             // 手指按下：检测是否在裁剪边框上
  391 |                             dragState = true
  392 |                             state.handleTouchDown(changes.first().position.x, changes.first().position.y)
  393 |                             changes.forEach { it.consume() }
  394 |                         } else if (dragState && changes.all { !it.pressed }) {
  395 |                             // 手指全部抬起
  396 |                             dragState = false
  397 |                             prevSpan = 0f
  398 |                             state.handleTouchUp()
  399 |                             state.finishScaling()
  400 |                             changes.forEach { it.consume() }
  401 |                         } else if (dragState && changes.size == 1 && changes.all { it.pressed }) {
  402 |                             // 单指移动：拖动裁剪边框或平移图片
  403 |                             state.handleTouchMove(changes.first().position.x, changes.first().position.y)
  404 |                             changes.forEach { it.consume() }
  405 |                         }
  406 |                     }
  407 |                 }
  408 |             }
  409 |     ) {
  410 |         state.refreshTrigger
  411 |         state.draw(drawContext.canvas)
  412 |     }
  413 | }","import android.graphics.Bitmap
import android.graphics.Canvas
import android.graphics.Color
import android.graphics.Matrix
import android.graphics.Paint
import android.graphics.PorterDuff
import android.graphics.PorterDuffXfermode
import android.graphics.RectF
import androidx.compose.foundation.Canvas
import androidx.compose.foundation.layout.fillMaxSize
import androidx.compose.runtime.Composable
import androidx.compose.runtime.Stable
import androidx.compose.runtime.getValue
import androidx.compose.runtime.mutableLongStateOf
import androidx.compose.runtime.mutableStateOf
import androidx.compose.runtime.remember
import androidx.compose.runtime.setValue
import androidx.compose.ui.Modifier
import androidx.compose.ui.graphics.nativeCanvas
import androidx.compose.ui.input.pointer.pointerInput
import androidx.compose.ui.layout.onSizeChanged
import androidx.compose.ui.unit.IntSize
import androidx.core.graphics.createBitmap
import androidx.core.graphics.toColorInt
import androidx.core.graphics.values
import kotlin.math.abs
import kotlin.math.hypot
import kotlin.math.max
import kotlin.math.min",ISSUE,,,
n0024,textfield,MohamadOday__iris-gallery/app/src/main/java/com/iris/gallery/ui/AlbumPickerSheet.kt,CreateAlbumDialog,292,CreateAlbumDialog,"  292 | fun CreateAlbumDialog(
  293 |     onDismiss: () -> Unit,
  294 |     onCreate: (String) -> Unit,
  295 | ) {
  296 |     var albumName by remember { mutableStateOf("""") }
  297 |     val focusRequester = remember { FocusRequester() }
  298 |     val isClean = remember(albumName) {
  299 |         albumName.trim().isNotBlank() && !albumName.contains(Regex(""[\\\\/:*?\""<>|]""))
  300 |     }
  301 | 
  302 |     LaunchedEffect(Unit) {
  303 |         focusRequester.requestFocus()
  304 |     }
  305 | 
  306 |     AlertDialog(
  307 |         onDismissRequest = onDismiss,
  308 |         title = {
  309 |             Text(
  310 |                 text = stringResource(R.string.create_album_title),
  311 |                 style = MaterialTheme.typography.titleLarge,
  312 |                 fontWeight = FontWeight.Bold
  313 |             )
  314 |         },
  315 |         text = {
  316 |             Column(verticalArrangement = Arrangement.spacedBy(10.dp)) {
  317 |                 OutlinedTextField(
  318 |                     value = albumName,
  319 |                     onValueChange = { albumName = it },
  320 |                     label = { Text(stringResource(R.string.create_album_name_hint)) },
  321 |                     singleLine = true,
  322 |                     shape = RoundedCornerShape(16.dp),
  323 |                     modifier = Modifier
  324 |                         .fillMaxWidth()
  325 |                         .focusRequester(focusRequester),
  326 |                 )
  327 |             }
  328 |         },
  329 |         confirmButton = {
  330 |             TextButton(
  331 |                 onClick = { if (isClean) onCreate(albumName.trim()) },
  332 |                 enabled = isClean,
  333 |             ) {
  334 |                 Text(
  335 |                     text = stringResource(R.string.create_album_button),
  336 |                     fontWeight = FontWeight.Bold
  337 |                 )
  338 |             }
  339 |         },
  340 |         dismissButton = {
  341 |             TextButton(onClick = onDismiss) {
  342 |                 Text(stringResource(R.string.action_cancel))
  343 |             }
  344 |         },
  345 |     )
  346 | }","import androidx.compose.foundation.clickable
import androidx.compose.foundation.layout.Arrangement
import androidx.compose.foundation.layout.Box
import androidx.compose.foundation.layout.Column
import androidx.compose.foundation.layout.PaddingValues
import androidx.compose.foundation.layout.Row
import androidx.compose.foundation.layout.Spacer
import androidx.compose.foundation.layout.aspectRatio
import androidx.compose.foundation.layout.fillMaxHeight
import androidx.compose.foundation.layout.fillMaxSize
import androidx.compose.foundation.layout.fillMaxWidth
import androidx.compose.foundation.layout.height
import androidx.compose.foundation.layout.navigationBarsPadding
import androidx.compose.foundation.layout.padding
import androidx.compose.foundation.layout.size
import androidx.compose.foundation.layout.width
import androidx.compose.foundation.lazy.grid.GridCells
import androidx.compose.foundation.lazy.grid.GridItemSpan
import androidx.compose.foundation.lazy.grid.LazyVerticalGrid
import androidx.compose.foundation.lazy.grid.items
import androidx.compose.foundation.shape.RoundedCornerShape
import androidx.compose.material.icons.Icons
import androidx.compose.material.icons.filled.Clear
import androidx.compose.material.icons.outlined.Add
import androidx.compose.material.icons.outlined.Close
import androidx.compose.material.icons.outlined.CreateNewFolder
import androidx.compose.material.icons.outlined.Folder
import androidx.compose.material.icons.outlined.Search
import androidx.compose.material3.AlertDialog
import androidx.compose.material3.Card
import androidx.compose.material3.CardDefaults
import androidx.compose.material3.ExperimentalMaterial3Api
import androidx.compose.material3.Icon
import androidx.compose.material3.IconButton
import androidx.compose.material3.MaterialTheme
import androidx.compose.material3.ModalBottomSheet
import androidx.compose.material3.OutlinedButton
import androidx.compose.material3.OutlinedTextField
import androidx.compose.material3.OutlinedTextFieldDefaults
import androidx.compose.material3.SheetState
import androidx.compose.material3.Surface
import androidx.compose.material3.Text
import androidx.compose.material3.TextButton
import androidx.compose.material3.rememberModalBottomSheetState
import androidx.compose.runtime.Composable
import androidx.compose.runtime.LaunchedEffect
import androidx.compose.runtime.getValue
import androidx.compose.runtime.mutableStateOf
import androidx.compose.runtime.remember
import androidx.compose.runtime.setValue
import androidx.compose.ui.Alignment
import androidx.compose.ui.Modifier
import androidx.compose.ui.focus.FocusRequester
import androidx.compose.ui.focus.focusRequester
import androidx.compose.ui.res.stringResource
import androidx.compose.ui.text.font.FontWeight
import androidx.compose.ui.text.style.TextAlign
import androidx.compose.ui.text.style.TextOverflow
import androidx.compose.ui.unit.dp
import com.iris.gallery.R
import com.iris.gallery.data.AlbumAction
import com.iris.gallery.data.MediaImage",HANDLED,,,
n0020,textfield,shardulvs__pdfinspector-android/app/src/main/java/SVS/pdfinspector/ui/ElementEditSheet.kt,FontPicker,207,FontPicker,"  207 | private fun FontPicker(
  208 |     options: List<FontOption>,
  209 |     selectedId: String,
  210 |     onSelect: (String) -> Unit,
  211 |     onAddCustom: () -> Unit,
  212 | ) {
  213 |     var expanded by remember { mutableStateOf(false) }
  214 |     val label = if (selectedId == AUTO_FONT_ID) {
  215 |         ""Auto (match original)""
  216 |     } else {
  217 |         options.firstOrNull { it.id == selectedId }?.let(::fontLabel) ?: ""Auto (match original)""
  218 |     }
  219 |     ExposedDropdownMenuBox(expanded = expanded, onExpandedChange = { expanded = it }) {
  220 |         OutlinedTextField(
  221 |             value = label,
  222 |             onValueChange = {},
  223 |             readOnly = true,
  224 |             label = { Text(""Fallback font"") },
  225 |             trailingIcon = { ExposedDropdownMenuDefaults.TrailingIcon(expanded = expanded) },
  226 |             modifier = Modifier
  227 |                 .menuAnchor(MenuAnchorType.PrimaryNotEditable)
  228 |                 .fillMaxWidth(),
  229 |         )
  230 |         ExposedDropdownMenu(expanded = expanded, onDismissRequest = { expanded = false }) {
  231 |             DropdownMenuItem(
  232 |                 text = { Text(""Auto (match original)"") },
  233 |                 onClick = { onSelect(AUTO_FONT_ID); expanded = false },
  234 |             )
  235 |             options.forEach { opt ->
  236 |                 DropdownMenuItem(
  237 |                     text = { Text(fontLabel(opt)) },
  238 |                     onClick = { onSelect(opt.id); expanded = false },
  239 |                 )
  240 |             }
  241 |             HorizontalDivider()
  242 |             DropdownMenuItem(
  243 |                 text = { Text(""Add custom font"") },
  244 |                 onClick = { expanded = false; onAddCustom() },
  245 |             )
  246 |         }
  247 |     }
  248 | }","import android.net.Uri
import androidx.activity.compose.rememberLauncherForActivityResult
import androidx.activity.result.contract.ActivityResultContracts
import androidx.compose.foundation.layout.Arrangement
import androidx.compose.foundation.layout.Column
import androidx.compose.foundation.layout.Row
import androidx.compose.foundation.layout.fillMaxWidth
import androidx.compose.foundation.layout.padding
import androidx.compose.foundation.text.KeyboardOptions
import androidx.compose.material3.Button
import androidx.compose.material3.Checkbox
import androidx.compose.material3.DropdownMenuItem
import androidx.compose.material3.ExperimentalMaterial3Api
import androidx.compose.material3.ExposedDropdownMenuBox
import androidx.compose.material3.ExposedDropdownMenuDefaults
import androidx.compose.material3.HorizontalDivider
import androidx.compose.material3.MaterialTheme
import androidx.compose.material3.MenuAnchorType
import androidx.compose.material3.ModalBottomSheet
import androidx.compose.material3.OutlinedTextField
import androidx.compose.material3.Text
import androidx.compose.material3.TextButton
import androidx.compose.material3.rememberModalBottomSheetState
import androidx.compose.runtime.Composable
import androidx.compose.runtime.getValue
import androidx.compose.runtime.mutableStateOf
import androidx.compose.runtime.remember
import androidx.compose.runtime.setValue
import androidx.compose.ui.Alignment
import androidx.compose.ui.Modifier
import androidx.compose.ui.text.input.KeyboardType
import androidx.compose.ui.text.style.TextOverflow
import androidx.compose.ui.unit.dp
import SVS.pdfinspector.AUTO_FONT_ID
import SVS.pdfinspector.EditTarget
import SVS.pdfinspector.FontOption
import SVS.pdfinspector.FontSource
import SVS.pdfinspector.engine.EditRequest",HANDLED,,,
n0004,switch_checkbox,Darkrock-Studios__FastTrack/app/src/main/java/com/darkrockstudios/apps/fasttrack/screens/settings/SettingsScreen.kt,SettingsItem,188,SettingsItem,"  188 | private fun SettingsItem(
  189 | 	@StringRes headline: Int,
  190 | 	@StringRes details: Int,
  191 | 	value: Boolean,
  192 | 	onChange: (enabled: Boolean) -> Unit
  193 | ) {
  194 | 	ListItem(
  195 | 		headlineContent = {
  196 | 			Text(
  197 | 				text = stringResource(id = headline),
  198 | 				style = MaterialTheme.typography.labelLarge,
  199 | 				fontWeight = FontWeight.Bold
  200 | 			)
  201 | 		},
  202 | 		supportingContent = {
  203 | 			Text(
  204 | 				text = stringResource(id = details),
  205 | 				style = MaterialTheme.typography.bodySmall
  206 | 			)
  207 | 		},
  208 | 		trailingContent = {
  209 | 			Switch(
  210 | 				checked = value,
  211 | 				onCheckedChange = onChange
  212 | 			)
  213 | 		}
  214 | 	)
  215 | }","import androidx.annotation.StringRes
import androidx.compose.foundation.clickable
import androidx.compose.foundation.layout.*
import androidx.compose.foundation.lazy.LazyColumn
import androidx.compose.material.icons.Icons
import androidx.compose.material.icons.filled.ArrowBack
import androidx.compose.material.icons.filled.ArrowDropDown
import androidx.compose.material3.*
import androidx.compose.runtime.*
import androidx.compose.ui.Alignment
import androidx.compose.ui.Modifier
import androidx.compose.ui.res.stringResource
import androidx.compose.ui.text.font.FontWeight
import com.darkrockstudios.apps.fasttrack.R
import com.darkrockstudios.apps.fasttrack.data.settings.SettingsDatasource
import com.darkrockstudios.apps.fasttrack.data.settings.ThemeMode
import com.darkrockstudios.apps.fasttrack.utils.MAX_COLUMN_WIDTH",ISSUE,,,
n0055,color_literal,phansier__Coffeegram/cmp-common/src/commonMain/kotlin/ru/beryukhov/coffeegram/app_ui/StorePreview.kt,PhoneFrame,50,PhoneFrame,"   50 | fun PhoneFrame(
   51 |     modifier: Modifier = Modifier,
   52 |     content: @Composable () -> Unit,
   53 | ) {
   54 |     Box(
   55 |         modifier = modifier
   56 |             .shadow(
   57 |                 elevation = 40.dp,
   58 |                 shape = RoundedCornerShape(44.dp),
   59 |                 spotColor = Color.Black.copy(alpha = 0.6f)
   60 |             )
   61 |             .clip(RoundedCornerShape(44.dp))
   62 |             .background(Color(0xFF1C1C1E)) // Device bezel
   63 |             .border(12.dp, Color(0xFF2C2C2E), RoundedCornerShape(44.dp))
   64 |             .padding(12.dp)
   65 |     ) {
   66 |         CompositionLocalProvider(
   67 |             LocalPhoneFrameInsets provides WindowInsets(top = SafeAreaTop)
   68 |         ) {
   69 |             ScreenContent(content)
   70 |         }
   71 |         DynamicIsland()
   72 |     }
   73 | }","import androidx.compose.foundation.background
import androidx.compose.foundation.border
import androidx.compose.foundation.layout.Box
import androidx.compose.foundation.layout.BoxScope
import androidx.compose.foundation.layout.Column
import androidx.compose.foundation.layout.WindowInsets
import androidx.compose.foundation.layout.fillMaxSize
import androidx.compose.foundation.layout.fillMaxWidth
import androidx.compose.foundation.layout.padding
import androidx.compose.foundation.layout.size
import androidx.compose.foundation.shape.RoundedCornerShape
import androidx.compose.material3.MaterialTheme
import androidx.compose.material3.Text
import androidx.compose.runtime.Composable
import androidx.compose.runtime.CompositionLocalProvider
import androidx.compose.runtime.compositionLocalOf
import androidx.compose.ui.Alignment
import androidx.compose.ui.Modifier
import androidx.compose.ui.draw.clip
import androidx.compose.ui.draw.shadow
import androidx.compose.ui.graphics.Brush
import androidx.compose.ui.graphics.Color
import androidx.compose.ui.text.style.TextAlign
import androidx.compose.ui.tooling.preview.Preview
import androidx.compose.ui.unit.dp",NO_ISSUE,,,
n0026,progress,RajashekarRaju__compose-actors/app/src/main/java/com/developersbreach/composeactors/ui/components/Progress.kt,ShowProgressIndicator,21,ShowProgressIndicator,"   21 | fun ShowProgressIndicator(
   22 |     isLoadingData: Boolean,
   23 | ) {
   24 |     if (isLoadingData && isTmdbApiKeyNotValid()) {
   25 |         Box(
   26 |             modifier = Modifier.fillMaxSize(),
   27 |         ) {
   28 |             CircularProgressIndicator(
   29 |                 modifier = Modifier.align(Alignment.Center),
   30 |                 color = MaterialTheme.colors.onBackground,
   31 |             )
   32 |         }
   33 |     }
   34 | }","import androidx.compose.foundation.layout.Box
import androidx.compose.foundation.layout.fillMaxSize
import androidx.compose.foundation.layout.padding
import androidx.compose.material.CircularProgressIndicator
import androidx.compose.material.MaterialTheme
import androidx.compose.runtime.Composable
import androidx.compose.ui.Alignment
import androidx.compose.ui.Modifier
import androidx.compose.ui.unit.dp
import com.developersbreach.composeactors.ui.animations.AnimatedSearch
import com.developersbreach.composeactors.ui.animations.InfinitelyFlowingCircles
import com.developersbreach.composeactors.utils.isTmdbApiKeyNotValid",HANDLED,,,
n0005,switch_checkbox,itsluminous__ClearSMS/app/src/main/kotlin/app/clearsms/ui/onboarding/OnboardingScreen.kt,ThemeStep,255,ThemeStep,"  255 | private fun ThemeStep(
  256 |     selected: ThemeMode,
  257 |     onPick: (ThemeMode) -> Unit,
  258 |     onFinish: () -> Unit,
  259 | ) {
  260 |     StepScaffold(
  261 |         icon = {
  262 |             Icon(
  263 |                 Icons.Outlined.Palette,
  264 |                 contentDescription = null,
  265 |                 modifier = Modifier.size(72.dp),
  266 |                 tint = MaterialTheme.colorScheme.primary,
  267 |             )
  268 |         },
  269 |         title = stringResource(R.string.onboarding_theme_title),
  270 |         body = stringResource(R.string.onboarding_theme_body),
  271 |     ) {
  272 |         ThemeMode.entries.forEach { mode ->
  273 |             Row(
  274 |                 modifier =
  275 |                     Modifier
  276 |                         .fillMaxWidth()
  277 |                         .selectable(
  278 |                             selected = selected == mode,
  279 |                             onClick = { onPick(mode) },
  280 |                             role = Role.RadioButton,
  281 |                         ).padding(vertical = 12.dp),
  282 |                 verticalAlignment = Alignment.CenterVertically,
  283 |             ) {
  284 |                 RadioButton(selected = selected == mode, onClick = null)
  285 |                 Spacer(Modifier.padding(horizontal = 6.dp))
  286 |                 Text(
  287 |                     text =
  288 |                         when (mode) {
  289 |                             ThemeMode.SYSTEM -> stringResource(R.string.theme_system)
  290 |                             ThemeMode.LIGHT -> stringResource(R.string.theme_light)
  291 |                             ThemeMode.DARK -> stringResource(R.string.theme_dark)
  292 |                         },
  293 |                 )
  294 |             }
  295 |         }
  296 |         Spacer(Modifier.height(16.dp))
  297 |         Button(onClick = onFinish, modifier = Modifier.fillMaxWidth()) {
  298 |             Text(stringResource(R.string.onboarding_done))
  299 |         }
  300 |     }
  301 | }","import android.Manifest
import android.os.Build
import androidx.activity.compose.rememberLauncherForActivityResult
import androidx.activity.result.contract.ActivityResultContracts
import androidx.compose.animation.AnimatedContent
import androidx.compose.foundation.layout.Arrangement
import androidx.compose.foundation.layout.Column
import androidx.compose.foundation.layout.ColumnScope
import androidx.compose.foundation.layout.Row
import androidx.compose.foundation.layout.Spacer
import androidx.compose.foundation.layout.fillMaxSize
import androidx.compose.foundation.layout.fillMaxWidth
import androidx.compose.foundation.layout.height
import androidx.compose.foundation.layout.padding
import androidx.compose.foundation.layout.size
import androidx.compose.foundation.selection.selectable
import androidx.compose.material.icons.Icons
import androidx.compose.material.icons.outlined.ChatBubbleOutline
import androidx.compose.material.icons.outlined.Lock
import androidx.compose.material.icons.outlined.Palette
import androidx.compose.material.icons.outlined.Sync
import androidx.compose.material3.Button
import androidx.compose.material3.CircularProgressIndicator
import androidx.compose.material3.Icon
import androidx.compose.material3.LinearProgressIndicator
import androidx.compose.material3.MaterialTheme
import androidx.compose.material3.RadioButton
import androidx.compose.material3.Scaffold
import androidx.compose.material3.Text
import androidx.compose.material3.TextButton
import androidx.compose.runtime.Composable
import androidx.compose.runtime.LaunchedEffect
import androidx.compose.runtime.getValue
import androidx.compose.ui.Alignment
import androidx.compose.ui.Modifier
import androidx.compose.ui.platform.LocalContext
import androidx.compose.ui.res.stringResource
import androidx.compose.ui.semantics.Role
import androidx.compose.ui.text.style.TextAlign
import androidx.compose.ui.unit.dp
import androidx.hilt.navigation.compose.hiltViewModel
import androidx.lifecycle.compose.collectAsStateWithLifecycle
import app.clearsms.R
import app.clearsms.domain.model.ThemeMode
import app.clearsms.sms.DefaultSmsAppHelper
import com.google.accompanist.permissions.ExperimentalPermissionsApi
import com.google.accompanist.permissions.rememberMultiplePermissionsState",HANDLED,,,
n0048,maxlines,bernaferrari__SDKMonitor/shared/src/commonMain/kotlin/com/bernaferrari/sdkmonitor/ui/settings/components/SdkAnalyticsCard.kt,SdkLegendItem,249,SdkLegendItem,"  249 | private fun SdkLegendItem(
  250 |     item: SdkDistribution,
  251 |     appLabel: String,
  252 |     appsLabel: String,
  253 |     onClick: () -> Unit,
  254 | ) {
  255 |     val color = item.sdkVersion.apiToComposeColor()
  256 |     Surface(
  257 |         onClick = onClick,
  258 |         modifier = Modifier.width(112.dp),
  259 |         shape = RoundedCornerShape(16.dp),
  260 |         color = color.copy(alpha = 0.1f),
  261 |     ) {
  262 |         Column(
  263 |             modifier = Modifier.padding(12.dp),
  264 |             horizontalAlignment = Alignment.CenterHorizontally,
  265 |             verticalArrangement = Arrangement.spacedBy(4.dp),
  266 |         ) {
  267 |             Surface(shape = RoundedCornerShape(8.dp), color = color) {
  268 |                 Text(
  269 |                     text = item.sdkVersion.toString(),
  270 |                     modifier = Modifier.padding(horizontal = 9.dp, vertical = 4.dp),
  271 |                     style = MaterialTheme.typography.labelMedium,
  272 |                     fontWeight = FontWeight.Bold,
  273 |                     color = Color.White,
  274 |                 )
  275 |             }
  276 |             Text(
  277 |                 text = item.sdkVersion.apiToVersionName(),
  278 |                 style = MaterialTheme.typography.labelSmall,
  279 |                 fontWeight = FontWeight.SemiBold,
  280 |                 color = color,
  281 |                 maxLines = 1,
  282 |             )
  283 |             Text(
  284 |                 text = ""${item.appCount} ${if (item.appCount == 1) appLabel else appsLabel}"",
  285 |                 style = MaterialTheme.typography.bodySmall,
  286 |                 fontWeight = FontWeight.SemiBold,
  287 |             )
  288 |             Text(
  289 |                 text = ""${(item.percentage * 100).toInt()}%"",
  290 |                 style = MaterialTheme.typography.labelSmall,
  291 |                 color = MaterialTheme.colorScheme.onSurfaceVariant,
  292 |             )
  293 |         }
  294 |     }
  295 | }","import androidx.compose.ui.graphics.vector.ImageVector
import com.bernaferrari.sdkmonitor.ui.icons.MaterialSymbols
import androidx.compose.foundation.background
import androidx.compose.foundation.clickable
import androidx.compose.foundation.layout.Arrangement
import androidx.compose.foundation.layout.Box
import androidx.compose.foundation.layout.BoxWithConstraints
import androidx.compose.foundation.layout.Column
import androidx.compose.foundation.layout.PaddingValues
import androidx.compose.foundation.layout.Row
import androidx.compose.foundation.layout.defaultMinSize
import androidx.compose.foundation.layout.fillMaxSize
import androidx.compose.foundation.layout.fillMaxHeight
import androidx.compose.foundation.layout.fillMaxWidth
import androidx.compose.foundation.layout.height
import androidx.compose.foundation.layout.padding
import androidx.compose.foundation.layout.size
import androidx.compose.foundation.layout.width
import androidx.compose.foundation.lazy.LazyRow
import androidx.compose.foundation.lazy.items
import androidx.compose.foundation.shape.RoundedCornerShape
import androidx.compose.material3.CircularProgressIndicator
import androidx.compose.material3.DropdownMenu
import androidx.compose.material3.DropdownMenuItem
import androidx.compose.material3.Icon
import androidx.compose.material3.MaterialTheme
import androidx.compose.material3.Surface
import androidx.compose.material3.Text
import androidx.compose.runtime.Composable
import androidx.compose.runtime.getValue
import androidx.compose.runtime.mutableStateOf
import androidx.compose.runtime.remember
import androidx.compose.runtime.setValue
import androidx.compose.ui.Alignment
import androidx.compose.ui.Modifier
import androidx.compose.ui.draw.clip
import androidx.compose.ui.graphics.Brush
import androidx.compose.ui.graphics.Color
import androidx.compose.ui.text.font.FontWeight
import androidx.compose.ui.text.style.TextAlign
import androidx.compose.ui.unit.dp
import com.bernaferrari.sdkmonitor.domain.AppFilter
import com.bernaferrari.sdkmonitor.domain.SdkDistribution
import com.bernaferrari.sdkmonitor.ui.platform.SdkStrings
import com.bernaferrari.sdkmonitor.ui.platform.apiToComposeColor
import com.bernaferrari.sdkmonitor.ui.platform.apiToVersionName
import com.bernaferrari.sdkmonitor.ui.platform.sdkStrings",NO_ISSUE,,,
