item_id,category,repo,file,composable,evidence,snippet,verdict,notes,abs_path,resolve_method,file_found,decl_line,decl_name,decl_confidence,anchor_line,anchor_pattern,anchor_scope,anchor_text,anchor_found,context,imports
pilot-0281,touch_target_size,dantech0xff__compose-qr-code-scanner,dantech0xff__compose-qr-code-scanner/app/src/main/java/com/creative/qrcodescanner/ui/nav/TopNavBar.kt,TopNavBar,size(6.dp) on interactive element," 
@Composable
fun TopNavBar(@StringRes titleResId: Int, backNavClick: () -> Unit) {
    Column(
        modifier = Modifier
            .shadow(MaterialTheme.colorScheme.primary.copy(alpha = 0.5f),
                blurRadius = 12.dp, borderRadius = 0.dp, spread = 0.dp,
                offsetY = 1.dp, offsetX = 0.dp)
            .fillMaxWidth()
            .background(MaterialTheme.colorScheme.primary, shape = RectangleShape)
    ) {
        Spacer(modifier = Modifier.windowInsetsTopHeight(WindowInsets.statusBars))
        Row(
            modifier = Modifier
                .fillMaxWidth()
                .wrapContentHeight(),",,,/Users/krunal/Documents/F1/PHD/2026PHDSpring/MyFirstPaper/ISEC/DataMining/mined_code/dantech0xff__compose-qr-code-scanner/app/src/main/java/com/creative/qrcodescanner/ui/nav/TopNavBar.kt,exact,True,36,TopNavBar,1.0,60.0,\.size\s*\(\s*\d+\.?\d*\.dp,body,.size(28.dp),True,"   36 | fun TopNavBar(@StringRes titleResId: Int, backNavClick: () -> Unit) {
   37 |     Column(
   38 |         modifier = Modifier
   39 |             .shadow(MaterialTheme.colorScheme.primary.copy(alpha = 0.5f),
   40 |                 blurRadius = 12.dp, borderRadius = 0.dp, spread = 0.dp,
   41 |                 offsetY = 1.dp, offsetX = 0.dp)
   42 |             .fillMaxWidth()
   43 |             .background(MaterialTheme.colorScheme.primary, shape = RectangleShape)
   44 |     ) {
   45 |         Spacer(modifier = Modifier.windowInsetsTopHeight(WindowInsets.statusBars))
   46 |         Row(
   47 |             modifier = Modifier
   48 |                 .fillMaxWidth()
   49 |                 .wrapContentHeight(),
   50 |             verticalAlignment = Alignment.CenterVertically
   51 |         ) {
   52 |             Image(
   53 |                 painter = painterResource(id = R.drawable.arrow_back_ios_new),
   54 |                 contentDescription = null,
   55 |                 modifier = Modifier
   56 |                     .clickable {
   57 |                         backNavClick.invoke()
   58 |                     }
   59 |                     .padding(12.dp)
   60 |                     .size(28.dp)
   61 |             )
   62 |             Spacer(modifier = Modifier.size(6.dp))
   63 |             Text(
   64 |                 text = stringResource(titleResId),
   65 |                 color = MaterialTheme.colorScheme.onPrimary,
   66 |                 style = MaterialTheme.typography.titleLarge
   67 |             )
   68 |         }
   69 |     }
   70 | }","import androidx.annotation.StringRes
import androidx.compose.foundation.Image
import androidx.compose.foundation.background
import androidx.compose.foundation.clickable
import androidx.compose.foundation.layout.Column
import androidx.compose.foundation.layout.Row
import androidx.compose.foundation.layout.Spacer
import androidx.compose.foundation.layout.WindowInsets
import androidx.compose.foundation.layout.fillMaxWidth
import androidx.compose.foundation.layout.padding
import androidx.compose.foundation.layout.size
import androidx.compose.foundation.layout.statusBars
import androidx.compose.foundation.layout.windowInsetsTopHeight
import androidx.compose.foundation.layout.wrapContentHeight
import androidx.compose.material3.MaterialTheme
import androidx.compose.material3.Text
import androidx.compose.runtime.Composable
import androidx.compose.ui.Alignment
import androidx.compose.ui.Modifier
import androidx.compose.ui.graphics.RectangleShape
import androidx.compose.ui.res.painterResource
import androidx.compose.ui.res.stringResource
import androidx.compose.ui.unit.dp
import com.creative.qrcodescanner.R
import com.creative.qrcodescanner.ui.shadow"
pilot-0282,touch_target_size,christianrowlands__android-network-survey,christianrowlands__android-network-survey/networksurvey/src/main/java/com/craxiom/networksurvey/ui/cellular/TowerMapScreen.kt,ZoomControls,size(40.dp) on interactive element," */
@Composable
fun ZoomControls(
    onZoomIn: () -> Unit,
    onZoomOut: () -> Unit,
    modifier: Modifier = Modifier
) {
    Surface(
        modifier = modifier,
        color = MaterialTheme.colorScheme.surface.copy(alpha = 0.85f),
        shape = CircleShape,
        shadowElevation = 6.dp
    ) {
        Column(
            modifier = Modifier.padding(4.dp),
            verticalArrangement = Arrangement.spacedBy(4.dp)",,,/Users/krunal/Documents/F1/PHD/2026PHDSpring/MyFirstPaper/ISEC/DataMining/mined_code/christianrowlands__android-network-survey/networksurvey/src/main/java/com/craxiom/networksurvey/ui/cellular/TowerMapScreen.kt,exact,True,1434,ZoomControls,1.0,1460.0,\.size\s*\(\s*\d+\.?\d*\.dp,body,.size(40.dp),True," 1434 | fun ZoomControls(
 1435 |     onZoomIn: () -> Unit,
 1436 |     onZoomOut: () -> Unit,
 1437 |     modifier: Modifier = Modifier
 1438 | ) {
 1439 |     Surface(
 1440 |         modifier = modifier,
 1441 |         color = MaterialTheme.colorScheme.surface.copy(alpha = 0.85f),
 1442 |         shape = CircleShape,
 1443 |         shadowElevation = 6.dp
 1444 |     ) {
 1445 |         Column(
 1446 |             modifier = Modifier.padding(4.dp),
 1447 |             verticalArrangement = Arrangement.spacedBy(4.dp)
 1448 |         ) {
 1449 |             // Zoom in button
 1450 |             val zoomInInteractionSource = remember { MutableInteractionSource() }
 1451 |             val zoomInPressed by zoomInInteractionSource.collectIsPressedAsState()
 1452 |             val zoomInScale by animateFloatAsState(
 1453 |                 targetValue = if (zoomInPressed) 0.90f else 1f,
 1454 |                 label = ""zoom_in_scale""
 1455 |             )
 1456 | 
 1457 |             FloatingActionButton(
 1458 |                 onClick = onZoomIn,
 1459 |                 modifier = Modifier
 1460 |                     .size(40.dp)
 1461 |                     .scale(zoomInScale),
 1462 |                 containerColor = MaterialTheme.colorScheme.surface.copy(alpha = 0.95f),
 1463 |                 contentColor = MaterialTheme.colorScheme.onSurface,
 1464 |                 shape = CircleShape,
 1465 |                 elevation = FloatingActionButtonDefaults.elevation(
 1466 |                     defaultElevation = 0.dp,
 1467 |                     pressedElevation = 2.dp,
 1468 |                     hoveredElevation = 1.dp
 1469 |                 ),
 1470 |                 interactionSource = zoomInInteractionSource
 1471 |             ) {
 1472 |                 Text(
 1473 |                     text = ""+"",
 1474 |                     fontSize = 20.nonScaledSp,
 1475 |                     fontWeight = FontWeight.Bold
 1476 |                 )
 1477 |             }
 1478 | 
 1479 |             // Zoom out button
 1480 |             val zoomOutInteractionSource = remember { MutableInteractionSource() }
 1481 |             val zoomOutPressed by zoomOutInteractionSource.collectIsPressedAsState()
 1482 |             val zoomOutScale by animateFloatAsState(
 1483 |                 targetValue = if (zoomOutPressed) 0.90f else 1f,
 1484 |                 label = ""zoom_out_scale""
 1485 |             )
 1486 | 
 1487 |             FloatingActionButton(
 1488 |                 onClick = onZoomOut,
 1489 |                 modifier = Modifier
 1490 |                     .size(40.dp)
 1491 |                     .scale(zoomOutScale),
 1492 |                 containerColor = MaterialTheme.colorScheme.surface.copy(alpha = 0.95f),
 1493 |                 contentColor = MaterialTheme.colorScheme.onSurface,
 1494 |                 shape = CircleShape,
 1495 |                 elevation = FloatingActionButtonDefaults.elevation(
 1496 |                     defaultElevation = 0.dp,
 1497 |                     pressedElevation = 2.dp,
 1498 |                     hoveredElevation = 1.dp
 1499 |                 ),
 1500 |                 interactionSource = zoomOutInteractionSource","import android.widget.Toast
import androidx.compose.animation.core.animateFloatAsState
import androidx.compose.foundation.background
import androidx.compose.foundation.interaction.MutableInteractionSource
import androidx.compose.foundation.interaction.collectIsPressedAsState
import androidx.compose.foundation.layout.Arrangement
import androidx.compose.foundation.layout.Box
import androidx.compose.foundation.layout.Column
import androidx.compose.foundation.layout.Row
import androidx.compose.foundation.layout.Spacer
import androidx.compose.foundation.layout.fillMaxSize
import androidx.compose.foundation.layout.fillMaxWidth
import androidx.compose.foundation.layout.height
import androidx.compose.foundation.layout.offset
import androidx.compose.foundation.layout.padding
import androidx.compose.foundation.layout.size
import androidx.compose.foundation.layout.width
import androidx.compose.foundation.layout.wrapContentWidth
import androidx.compose.foundation.rememberScrollState
import androidx.compose.foundation.selection.selectable
import androidx.compose.foundation.shape.CircleShape
import androidx.compose.foundation.text.KeyboardActions
import androidx.compose.foundation.text.KeyboardOptions
import androidx.compose.foundation.text.selection.SelectionContainer
import androidx.compose.foundation.verticalScroll
import androidx.compose.material.icons.Icons
import androidx.compose.material.icons.automirrored.filled.ArrowBack
import androidx.compose.material.icons.filled.Clear
import androidx.compose.material.icons.filled.Search
import androidx.compose.material3.AlertDialog
import androidx.compose.material3.Button
import androidx.compose.material3.ButtonDefaults
import androidx.compose.material3.Checkbox
import androidx.compose.material3.CircularProgressIndicator
import androidx.compose.material3.DropdownMenu
import androidx.compose.material3.DropdownMenuItem
import androidx.compose.material3.ExperimentalMaterial3Api
import androidx.compose.material3.ExposedDropdownMenuAnchorType
import androidx.compose.material3.ExposedDropdownMenuBox
import androidx.compose.material3.ExposedDropdownMenuDefaults
import androidx.compose.material3.FloatingActionButton
import androidx.compose.material3.FloatingActionButtonDefaults
import androidx.compose.material3.Icon
import androidx.compose.material3.IconButton
import androidx.compose.material3.MaterialTheme
import androidx.compose.material3.ModalBottomSheet
import androidx.compose.material3.OutlinedButton
import androidx.compose.material3.OutlinedTextField
import androidx.compose.material3.RadioButton
import androidx.compose.material3.Surface
import androidx.compose.material3.Text
import androidx.compose.material3.TextButton
import androidx.compose.material3.rememberModalBottomSheetState
import androidx.compose.runtime.Composable
import androidx.compose.runtime.DisposableEffect
import androidx.compose.runtime.LaunchedEffect
import androidx.compose.runtime.collectAsState
import androidx.compose.runtime.getValue
import androidx.compose.runtime.mutableIntStateOf
import androidx.compose.runtime.mutableStateOf
import androidx.compose.runtime.remember
import androidx.compose.runtime.setValue
import androidx.compose.ui.Alignment
import androidx.compose.ui.ExperimentalComposeUiApi
import androidx.compose.ui.Modifier
import androidx.compose.ui.draw.scale
import androidx.compose.ui.focus.FocusDirection
import androidx.compose.ui.graphics.Color
import androidx.compose.ui.graphics.vector.ImageVector
import androidx.compose.ui.platform.LocalContext
import androidx.compose.ui.platform.LocalFocusManager
import androidx.compose.ui.platform.LocalSoftwareKeyboardController
import androidx.compose.ui.platform.LocalView
import androidx.compose.ui.res.colorResource
import androidx.compose.ui.res.painterResource
import androidx.compose.ui.res.stringResource
import androidx.compose.ui.text.font.FontWeight
import androidx.compose.ui.text.input.ImeAction
import androidx.compose.ui.text.input.KeyboardType
import androidx.compose.ui.text.style.TextAlign
import androidx.compose.ui.unit.Dp
import androidx.compose.ui.unit.dp
import androidx.core.content.edit
import androidx.lifecycle.compose.collectAsStateWithLifecycle
import androidx.lifecycle.viewmodel.compose.viewModel
import androidx.preference.PreferenceManager
import com.craxiom.messaging.CdmaRecord
import com.craxiom.messaging.GsmRecord
import com.craxiom.messaging.LteRecord
import com.craxiom.messaging.NrRecord
import com.craxiom.messaging.UmtsRecord
import com.craxiom.networksurvey.BuildConfig
import com.craxiom.networksurvey.R
import com.craxiom.networksurvey.constants.NetworkSurveyConstants
import com.craxiom.networksurvey.model.CellularProtocol
import com.craxiom.networksurvey.model.Plmn
import com.craxiom.networksurvey.ui.activesurvey.model.SurveyTrack
import com.craxiom.networksurvey.ui.cellular.model.INITIAL_ZOOM
import com.craxiom.networksurvey.ui.cellular.model.MINIMUM_LOCATION_ZOOM
import com.craxiom.networksurvey.ui.cellular.model.MapTileSource
import com.craxiom.networksurvey.ui.cellular.model.ServingCellInfo
import com.craxiom.networksurvey.ui.cellular.model.ServingSignalInfo
import com.craxiom.networksurvey.ui.cellular.model.TowerMapLibreViewModel
import com.craxiom.networksurvey.ui.cellular.model.TowerSource
import com.craxiom.networksurvey.ui.cellular.towermap.CameraMode
import com.craxiom.networksurvey.ui.cellular.towermap.Circle
import com.craxiom.networksurvey.ui.cellular.towermap.DefaultMapLocationSettings
import com.craxiom.networksurvey.ui.cellular.towermap.DistanceSymbol
import com.craxiom.networksurvey.ui.cellular.towermap.KEY_SEARCH_TOWER_ICON
import com.craxiom.networksurvey.ui.cellular.towermap.KEY_SERVING_CELL_ICON
import com.craxiom.networksurvey.ui.cellular.towermap.KEY_TOWER_ICON
import com.craxiom.networksurvey.ui.cellular.towermap.LineString
import com.craxiom.networksurvey.ui.cellular.towermap.MapLibreMap
import com.craxiom.networksurvey.ui.cellular.towermap.MapUiSettings
import com.craxiom.networksurvey.ui.cellular.towermap.OperatorCountBadge
import com.craxiom.networksurvey.ui.cellular.towermap.SearchResultSymbols
import com.craxiom.networksurvey.ui.cellular.towermap.TowerBottomSheet
import com.craxiom.networksurvey.ui.cellular.towermap.TowerCountBadge
import com.craxiom.networksurvey.ui.cellular.towermap.TowerSheetState
import com.craxiom.networksurvey.ui.cellular.towermap.TowerSymbols
import com.craxiom.networksurvey.ui.cellular.towermap.rememberCameraPositionState
import com.craxiom.networksurvey.ui.cellular.towermap.rememberCircleState
import com.craxiom.networksurvey.ui.cellular.towermap.rememberLineStringState
import com.craxiom.networksurvey.util.CellularUtils
import com.craxiom.networksurvey.util.PreferenceUtils
import okhttp3.internal.toImmutableMap
import org.maplibre.android.camera.CameraPosition
import org.maplibre.android.geometry.LatLng
import timber.log.Timber"
pilot-0283,touch_target_size,dmzz-yyhyy__LightNovelReader,dmzz-yyhyy__LightNovelReader/app/src/main/kotlin/indi/dmzz_yyhyy/lightnovelreader/ui/components/Dialog.kt,ColorPickerDialog,size(44.dp) on interactive element,"@OptIn(ExperimentalLayoutApi::class)
@Composable
fun ColorPickerDialog(
    onDismissRequest: () -> Unit,
    onConfirmation: (Color) -> Unit,
    selectedColor: Color,
    colors: List<Color>,
    description: String = stringResource(R.string.dialog_color_picker_background_desc),
) {
    var currentColor by remember {
        mutableStateOf(selectedColor)
    }

    BaseDialog (
        icon = painterResource(R.drawable.palette_24px),
        title = stringResource(R.string.dialog_color_picker),",,,/Users/krunal/Documents/F1/PHD/2026PHDSpring/MyFirstPaper/ISEC/DataMining/mined_code/dmzz-yyhyy__LightNovelReader/app/src/main/kotlin/indi/dmzz_yyhyy/lightnovelreader/ui/components/Dialog.kt,exact,True,721,ColorPickerDialog,1.0,749.0,\.size\s*\(\s*\d+\.?\d*\.dp,body,.size(44.dp),True,"  721 | fun ColorPickerDialog(
  722 |     onDismissRequest: () -> Unit,
  723 |     onConfirmation: (Color) -> Unit,
  724 |     selectedColor: Color,
  725 |     colors: List<Color>,
  726 |     description: String = stringResource(R.string.dialog_color_picker_background_desc),
  727 | ) {
  728 |     var currentColor by remember {
  729 |         mutableStateOf(selectedColor)
  730 |     }
  731 | 
  732 |     BaseDialog (
  733 |         icon = painterResource(R.drawable.palette_24px),
  734 |         title = stringResource(R.string.dialog_color_picker),
  735 |         description = description,
  736 |         onDismissRequest = onDismissRequest,
  737 |         onConfirmation = { onConfirmation(currentColor) },
  738 |         dismissText = stringResource(R.string.cancel),
  739 |         confirmationText = stringResource(R.string.apply),
  740 |     ) {
  741 |         FlowRow(
  742 |             modifier = Modifier.padding(horizontal = 24.dp),
  743 |             horizontalArrangement = Arrangement.spacedBy(16.dp),
  744 |             verticalArrangement = Arrangement.spacedBy(16.dp)
  745 |         ) {
  746 |             colors.forEachIndexed { index, color ->
  747 |                 Box(
  748 |                     modifier = Modifier
  749 |                         .size(44.dp)
  750 |                         .clickable {
  751 |                             currentColor = color
  752 |                         }
  753 |                 ) {
  754 |                     val secondary = colorScheme.secondary
  755 |                     val surfaceContainer = colorScheme.surfaceContainer
  756 |                     val blockIconId = painterResource(R.drawable.block_24px)
  757 |                     Canvas(
  758 |                         modifier = Modifier.size(44.dp)
  759 |                     ) {
  760 |                         if (color == currentColor)
  761 |                             drawCircle(
  762 |                                 color = secondary,
  763 |                                 radius = 22.dp.toPx(),
  764 |                             )
  765 |                         drawCircle(
  766 |                             color = surfaceContainer,
  767 |                             radius = 20.dp.toPx(),
  768 |                         )
  769 |                         drawCircle(
  770 |                             color = if (color.isUnspecified) surfaceContainer else color,
  771 |                             radius = 20.dp.toPx(),
  772 |                         )
  773 |                     }
  774 |                     if (index == 0)
  775 |                         Icon(
  776 |                             modifier = Modifier.align(Alignment.Center),
  777 |                             painter = blockIconId,
  778 |                             contentDescription = null
  779 |                         )
  780 |                 }
  781 |             }
  782 |         }
  783 |     }
  784 | }
  785 | 
  786 | @Composable
  787 | fun SliderValueDialog(
  788 |     value: Float,
  789 |     onValueChange: (Float) -> Unit,","import androidx.compose.foundation.Canvas
import androidx.compose.foundation.Image
import androidx.compose.foundation.clickable
import androidx.compose.foundation.layout.Arrangement
import androidx.compose.foundation.layout.Box
import androidx.compose.foundation.layout.Column
import androidx.compose.foundation.layout.ColumnScope
import androidx.compose.foundation.layout.ExperimentalLayoutApi
import androidx.compose.foundation.layout.FlowRow
import androidx.compose.foundation.layout.IntrinsicSize
import androidx.compose.foundation.layout.PaddingValues
import androidx.compose.foundation.layout.Row
import androidx.compose.foundation.layout.Spacer
import androidx.compose.foundation.layout.fillMaxWidth
import androidx.compose.foundation.layout.height
import androidx.compose.foundation.layout.padding
import androidx.compose.foundation.layout.size
import androidx.compose.foundation.layout.sizeIn
import androidx.compose.foundation.layout.width
import androidx.compose.foundation.rememberScrollState
import androidx.compose.foundation.shape.CircleShape
import androidx.compose.foundation.shape.RoundedCornerShape
import androidx.compose.foundation.text.KeyboardOptions
import androidx.compose.foundation.verticalScroll
import androidx.compose.material3.AlertDialog
import androidx.compose.material3.Button
import androidx.compose.material3.ButtonDefaults
import androidx.compose.material3.Card
import androidx.compose.material3.CardDefaults
import androidx.compose.material3.ExperimentalMaterial3Api
import androidx.compose.material3.HorizontalDivider
import androidx.compose.material3.Icon
import androidx.compose.material3.LinearProgressIndicator
import androidx.compose.material3.LocalTextStyle
import androidx.compose.material3.MaterialTheme.colorScheme
import androidx.compose.material3.MaterialTheme.typography
import androidx.compose.material3.OutlinedTextField
import androidx.compose.material3.Slider
import androidx.compose.material3.SliderDefaults
import androidx.compose.material3.Surface
import androidx.compose.material3.Text
import androidx.compose.material3.TextButton
import androidx.compose.runtime.Composable
import androidx.compose.runtime.LaunchedEffect
import androidx.compose.runtime.getValue
import androidx.compose.runtime.mutableIntStateOf
import androidx.compose.runtime.mutableStateOf
import androidx.compose.runtime.remember
import androidx.compose.runtime.setValue
import androidx.compose.ui.Alignment
import androidx.compose.ui.Modifier
import androidx.compose.ui.draw.scale
import androidx.compose.ui.graphics.Color
import androidx.compose.ui.graphics.isUnspecified
import androidx.compose.ui.graphics.painter.Painter
import androidx.compose.ui.res.colorResource
import androidx.compose.ui.res.painterResource
import androidx.compose.ui.res.stringResource
import androidx.compose.ui.text.font.FontFamily
import androidx.compose.ui.text.font.FontWeight
import androidx.compose.ui.text.input.KeyboardType
import androidx.compose.ui.text.style.TextAlign
import androidx.compose.ui.unit.dp
import androidx.compose.ui.window.Dialog
import indi.dmzz_yyhyy.lightnovelreader.BuildConfig
import indi.dmzz_yyhyy.lightnovelreader.R
import kotlinx.coroutines.delay
import kotlin.math.round"
pilot-0284,touch_target_size,GetStream__whatsApp-clone-compose,GetStream__whatsApp-clone-compose/features/chats/src/main/kotlin/io/getstream/whatsappclone/chats/messages/WhatsAppMessageTopBar.kt,WhatsAppMessageTopBar,size(26.dp) on interactive element,"
@Composable
fun WhatsAppMessageTopBar(
  messageUiState: WhatsAppMessageUiState,
  navigateToVideoCall: (Boolean) -> Unit,
  onBackClick: () -> Unit
) {
  TopAppBar(
    modifier = Modifier.fillMaxWidth(),
    navigationIcon = {
      Icon(
        modifier = Modifier
          .size(26.dp)
          .clickable {
            onBackClick()
          },",,,/Users/krunal/Documents/F1/PHD/2026PHDSpring/MyFirstPaper/ISEC/DataMining/mined_code/GetStream__whatsApp-clone-compose/features/chats/src/main/kotlin/io/getstream/whatsappclone/chats/messages/WhatsAppMessageTopBar.kt,exact,True,45,WhatsAppMessageTopBar,1.0,55.0,\.size\s*\(\s*\d+\.?\d*\.dp,body,.size(26.dp),True,"   43 | 
   44 | @Composable
   45 | fun WhatsAppMessageTopBar(
   46 |   messageUiState: WhatsAppMessageUiState,
   47 |   navigateToVideoCall: (Boolean) -> Unit,
   48 |   onBackClick: () -> Unit
   49 | ) {
   50 |   TopAppBar(
   51 |     modifier = Modifier.fillMaxWidth(),
   52 |     navigationIcon = {
   53 |       Icon(
   54 |         modifier = Modifier
   55 |           .size(26.dp)
   56 |           .clickable {
   57 |             onBackClick()
   58 |           },
   59 |         imageVector = WhatsAppIcons.ArrowBack,
   60 |         tint = MaterialTheme.colorScheme.tertiary,
   61 |         contentDescription = null
   62 |       )
   63 |     },
   64 |     title = {
   65 |       WhatsAppMessageUserInfo(messageUiState = messageUiState)
   66 |     },
   67 |     actions = {
   68 |       Icon(
   69 |         modifier = Modifier
   70 |           .size(26.dp)
   71 |           .clickable {
   72 |             navigateToVideoCall(true)
   73 |           },
   74 |         imageVector = WhatsAppIcons.Video,
   75 |         tint = MaterialTheme.colorScheme.tertiary,
   76 |         contentDescription = null
   77 |       )
   78 | 
   79 |       Spacer(modifier = Modifier.size(16.dp))
   80 | 
   81 |       Icon(
   82 |         modifier = Modifier
   83 |           .size(26.dp)
   84 |           .clickable {
   85 |             navigateToVideoCall(false)
   86 |           },
   87 |         imageVector = WhatsAppIcons.Call,
   88 |         tint = MaterialTheme.colorScheme.tertiary,
   89 |         contentDescription = null
   90 |       )
   91 | 
   92 |       Spacer(modifier = Modifier.size(16.dp))
   93 | 
   94 |       Icon(
   95 |         modifier = Modifier.size(26.dp),","import androidx.compose.foundation.clickable
import androidx.compose.foundation.layout.Row
import androidx.compose.foundation.layout.Spacer
import androidx.compose.foundation.layout.fillMaxWidth
import androidx.compose.foundation.layout.padding
import androidx.compose.foundation.layout.size
import androidx.compose.foundation.shape.CircleShape
import androidx.compose.material.TopAppBar
import androidx.compose.material3.Icon
import androidx.compose.material3.MaterialTheme
import androidx.compose.material3.Text
import androidx.compose.runtime.Composable
import androidx.compose.ui.Modifier
import androidx.compose.ui.draw.clip
import androidx.compose.ui.res.painterResource
import androidx.compose.ui.tooling.preview.Preview
import androidx.compose.ui.unit.dp
import com.skydoves.landscapist.animation.crossfade.CrossfadePlugin
import com.skydoves.landscapist.components.rememberImageComponent
import com.skydoves.landscapist.glide.GlideImage
import io.getstream.whatsappclone.designsystem.component.WhatsAppLoadingIndicator
import io.getstream.whatsappclone.designsystem.icon.WhatsAppIcons
import io.getstream.whatsappclone.designsystem.theme.WhatsAppCloneComposeTheme
import io.getstream.whatsappclone.uistate.WhatsAppMessageUiState"
pilot-0285,touch_target_size,BlazeCodeDev__TSViewer,BlazeCodeDev__TSViewer/wear/src/main/java/com/blazecode/tsviewer/wear/screens/ServiceOff.kt,MainLayout,size(2.dp) on interactive element,"
@Composable
private fun MainLayout(viewModel: ServiceOffViewModel){
    val uiState = viewModel.uiState.collectAsState()

    val context = LocalContext.current
    val scrollState = rememberScalingLazyListState()
    val scope = rememberCoroutineScope()
    val focusRequester = remember { FocusRequester() }
    LaunchedEffect(Unit) {
        focusRequester.requestFocus()
    }

    ScalingLazyColumn (modifier = Modifier
        .onPreRotaryScrollEvent {
            scope.launch {",,,/Users/krunal/Documents/F1/PHD/2026PHDSpring/MyFirstPaper/ISEC/DataMining/mined_code/BlazeCodeDev__TSViewer/wear/src/main/java/com/blazecode/tsviewer/wear/screens/ServiceOff.kt,exact,True,46,MainLayout,1.0,72.0,\.size\s*\(\s*\d+\.?\d*\.dp,body,item { Spacer(modifier = Modifier.size(2.dp)) },True,"   46 | private fun MainLayout(viewModel: ServiceOffViewModel){
   47 |     val uiState = viewModel.uiState.collectAsState()
   48 | 
   49 |     val context = LocalContext.current
   50 |     val scrollState = rememberScalingLazyListState()
   51 |     val scope = rememberCoroutineScope()
   52 |     val focusRequester = remember { FocusRequester() }
   53 |     LaunchedEffect(Unit) {
   54 |         focusRequester.requestFocus()
   55 |     }
   56 | 
   57 |     ScalingLazyColumn (modifier = Modifier
   58 |         .onPreRotaryScrollEvent {
   59 |             scope.launch {
   60 |                 scrollState.scrollBy(it.verticalScrollPixels)
   61 |                 scrollState.animateScrollBy(0f)
   62 |             }
   63 |             true
   64 |         }
   65 |         .focusRequester(focusRequester)
   66 |         .focusable()
   67 |         .fillMaxSize(),
   68 |         state = scrollState
   69 |     ){
   70 | 
   71 |         item { Image(painter = painterResource(id = R.drawable.ic_error), contentDescription = ""error"") }
   72 |         item { Spacer(modifier = Modifier.size(2.dp)) }
   73 | 
   74 |         item { Text(text = stringResource(id = R.string.service_off), fontSize = 16.sp) }
   75 |         item { Spacer(modifier = Modifier.size(8.dp)) }
   76 | 
   77 |         item {
   78 |             Chip(onClick = { scope.launch(Dispatchers.IO) { viewModel.startService() }},
   79 |                 label = { Text(stringResource(id = R.string.start_service)) },
   80 |                 icon = { Icon(painterResource(R.drawable.ic_refresh), contentDescription = null) },
   81 |                 colors = ChipDefaults.chipColors(backgroundColor = colorResource(R.color.background), iconColor = colorResource(R.color.primary)),
   82 |                 enabled = uiState.value.startServiceButtonEnabled) }
   83 | 
   84 |         item {
   85 |             Chip(onClick = { scope.launch(Dispatchers.IO) { viewModel.launchApp() }},
   86 |                 label = { Text(stringResource(R.string.launch_app_on_phone)) },
   87 |                 icon = { Icon(painterResource(R.drawable.ic_open), contentDescription = null) },
   88 |                 colors = ChipDefaults.chipColors(backgroundColor = colorResource(R.color.background), iconColor = colorResource(R.color.primary))) }
   89 |     }
   90 | }
   91 | ","import androidx.compose.foundation.Image
import androidx.compose.foundation.focusable
import androidx.compose.foundation.gestures.animateScrollBy
import androidx.compose.foundation.gestures.scrollBy
import androidx.compose.foundation.layout.Spacer
import androidx.compose.foundation.layout.fillMaxSize
import androidx.compose.foundation.layout.size
import androidx.compose.runtime.Composable
import androidx.compose.runtime.LaunchedEffect
import androidx.compose.runtime.collectAsState
import androidx.compose.runtime.remember
import androidx.compose.runtime.rememberCoroutineScope
import androidx.compose.ui.Modifier
import androidx.compose.ui.focus.FocusRequester
import androidx.compose.ui.focus.focusRequester
import androidx.compose.ui.input.rotary.onPreRotaryScrollEvent
import androidx.compose.ui.platform.LocalContext
import androidx.compose.ui.res.colorResource
import androidx.compose.ui.res.painterResource
import androidx.compose.ui.res.stringResource
import androidx.compose.ui.unit.dp
import androidx.compose.ui.unit.sp
import androidx.lifecycle.viewmodel.compose.viewModel
import androidx.wear.compose.foundation.lazy.ScalingLazyColumn
import androidx.wear.compose.foundation.lazy.rememberScalingLazyListState
import androidx.wear.compose.material.Chip
import androidx.wear.compose.material.ChipDefaults
import androidx.wear.compose.material.Icon
import androidx.wear.compose.material.Text
import com.blazecode.tsviewer.R
import com.blazecode.tsviewer.wear.theme.TSViewerTheme
import com.blazecode.tsviewer.wear.viewmodels.ServiceOffViewModel
import kotlinx.coroutines.Dispatchers
import kotlinx.coroutines.launch"
pilot-0286,touch_target_size,gininaba__AIPOSPasswordManager,gininaba__AIPOSPasswordManager/app/src/main/java/com/aipos/aipospm/ui/screens/PasswordDetailScreen.kt,PasswordDetailScreen,size(18.dp) on interactive element,"@OptIn(ExperimentalMaterial3Api::class)
@Composable
fun PasswordDetailScreen(
    passwordViewModel: PasswordViewModel,
    passwordId: Int,
    onNavigateBack: () -> Unit,
    onNavigateToEdit: (Int) -> Unit
) {
    val uiState by passwordViewModel.uiState.collectAsStateWithLifecycle()
    val snackbarHostState = remember { SnackbarHostState() }
    val scope = rememberCoroutineScope()
    val context = LocalContext.current
    var passwordVisible by rememberSaveable { mutableStateOf(false) }
    var showDeleteDialog by rememberSaveable { mutableStateOf(false) }
    var isPasswordCopied by remember { mutableStateOf(false) }
    var isTotpCopied by remember { mutableStateOf(false) }",,,/Users/krunal/Documents/F1/PHD/2026PHDSpring/MyFirstPaper/ISEC/DataMining/mined_code/gininaba__AIPOSPasswordManager/app/src/main/java/com/aipos/aipospm/ui/screens/PasswordDetailScreen.kt,exact,True,82,PasswordDetailScreen,1.0,268.0,\.size\s*\(\s*\d+\.?\d*\.dp,body,modifier = Modifier.size(24.dp),True,"  256 |                                     Text(
  257 |                                         text = entry.url,
  258 |                                         style = MaterialTheme.typography.bodySmall,
  259 |                                         color = MaterialTheme.colorScheme.onPrimaryContainer.copy(alpha = 0.7f)
  260 |                                     )
  261 |                                 }
  262 |                             }
  263 |                             if (entry.isFavorite) {
  264 |                                 Icon(
  265 |                                     imageVector = Icons.Default.Star,
  266 |                                     contentDescription = ""Favorite"",
  267 |                                     tint = MaterialTheme.colorScheme.onPrimaryContainer,
  268 |                                     modifier = Modifier.size(24.dp)
  269 |                                 )
  270 |                             }
  271 |                         }
  272 |                     }
  273 |                 }
  274 | 
  275 |                 Spacer(modifier = Modifier.height(16.dp))
  276 | 
  277 |                 // Username
  278 |                 DetailField(
  279 |                     label = ""Username / Email"",
  280 |                     value = entry.username,
  281 |                     icon = Icons.Default.Person,
  282 |                     onCopy = {
  283 |                         ClipboardHelper.copyAndScheduleClear(context, ""Username"", entry.username)
  284 |                         scope.launch {
  285 |                             snackbarHostState.showSnackbar(""Username copied (clears in 30s)"")
  286 |                         }
  287 |                     }
  288 |                 )
  289 | 
  290 |                 Spacer(modifier = Modifier.height(12.dp))
  291 | 
  292 |                 // Password
  293 |                 Card(
  294 |                     modifier = Modifier.fillMaxWidth(),
  295 |                     shape = RoundedCornerShape(12.dp),
  296 |                     colors = CardDefaults.cardColors(
  297 |                         containerColor = MaterialTheme.colorScheme.surfaceContainerLow
  298 |                     )
  299 |                 ) {
  300 |                     Column(modifier = Modifier.padding(16.dp)) {
  301 |                         Text(
  302 |                             text = ""Password"",
  303 |                             style = MaterialTheme.typography.labelMedium,
  304 |                             color = MaterialTheme.colorScheme.onSurfaceVariant
  305 |                         )
  306 |                         Spacer(modifier = Modifier.height(4.dp))
  307 |                         Row(verticalAlignment = Alignment.CenterVertically) {
  308 |                             Text(","import androidx.compose.foundation.background
import androidx.compose.foundation.layout.Arrangement
import androidx.compose.foundation.layout.Box
import androidx.compose.foundation.layout.Column
import androidx.compose.foundation.layout.Row
import androidx.compose.foundation.layout.Spacer
import androidx.compose.foundation.layout.fillMaxSize
import androidx.compose.foundation.layout.fillMaxWidth
import androidx.compose.foundation.layout.height
import androidx.compose.foundation.layout.padding
import androidx.compose.foundation.layout.size
import androidx.compose.foundation.layout.width
import androidx.compose.foundation.rememberScrollState
import androidx.compose.foundation.shape.RoundedCornerShape
import androidx.compose.foundation.verticalScroll
import androidx.compose.material.icons.Icons
import androidx.compose.material.icons.automirrored.filled.ArrowBack
import androidx.compose.material.icons.automirrored.filled.OpenInNew
import androidx.compose.material.icons.filled.ContentCopy
import androidx.compose.material.icons.filled.Delete
import androidx.compose.material.icons.filled.Edit
import androidx.compose.material.icons.filled.Person
import androidx.compose.material.icons.filled.Star
import androidx.compose.material.icons.filled.Visibility
import androidx.compose.material.icons.filled.VisibilityOff
import androidx.compose.material3.AlertDialog
import androidx.compose.material3.Card
import androidx.compose.material3.CardDefaults
import androidx.compose.material3.ExperimentalMaterial3Api
import androidx.compose.material3.FilledTonalButton
import androidx.compose.material3.Icon
import androidx.compose.material3.IconButton
import androidx.compose.material3.MaterialTheme
import androidx.compose.material3.OutlinedButton
import androidx.compose.material3.Scaffold
import androidx.compose.material3.SnackbarHost
import androidx.compose.material3.SnackbarHostState
import androidx.compose.material3.Text
import androidx.compose.material3.TextButton
import androidx.compose.material3.TopAppBar
import androidx.compose.material3.TopAppBarDefaults
import androidx.compose.runtime.Composable
import androidx.compose.runtime.DisposableEffect
import androidx.compose.runtime.LaunchedEffect
import androidx.compose.runtime.getValue
import androidx.compose.runtime.mutableStateOf
import androidx.compose.runtime.remember
import androidx.compose.runtime.rememberCoroutineScope
import androidx.compose.runtime.saveable.rememberSaveable
import androidx.compose.runtime.setValue
import androidx.compose.ui.Alignment
import androidx.compose.ui.Modifier
import androidx.compose.ui.platform.LocalContext
import com.aipos.aipospm.security.ClipboardHelper
import androidx.compose.ui.text.AnnotatedString
import androidx.compose.ui.text.font.FontWeight
import androidx.compose.ui.unit.dp
import androidx.compose.ui.draw.clip
import androidx.compose.ui.graphics.Brush
import androidx.compose.ui.graphics.StrokeCap
import androidx.compose.material3.LinearProgressIndicator
import androidx.compose.material3.CircularProgressIndicator
import androidx.compose.material.icons.filled.Check
import androidx.compose.material.icons.filled.Shield
import androidx.compose.material.icons.filled.Lock
import com.aipos.aipospm.security.TotpHelper
import com.aipos.aipospm.ui.theme.DangerRed
import com.aipos.aipospm.ui.theme.SecurityGreen
import com.aipos.aipospm.ui.theme.WarningAmber
import com.aipos.aipospm.ui.viewmodels.PasswordStrength
import androidx.lifecycle.compose.collectAsStateWithLifecycle
import com.aipos.aipospm.ui.viewmodels.PasswordViewModel
import kotlinx.coroutines.launch
import java.text.SimpleDateFormat
import java.util.Date
import java.util.Locale"
pilot-0287,touch_target_size,BlazeCodeDev__TSViewer,BlazeCodeDev__TSViewer/wear/src/main/java/com/blazecode/tsviewer/wear/screens/ClientList.kt,ClientList,size(16.dp) on interactive element,"@Preview
@Composable
fun ClientList(viewModel: ClientListViewModel = viewModel()){
    val uiState = viewModel.uiState.collectAsState()
    val context = LocalContext.current

    val scrollState = rememberScalingLazyListState()
    val scope = rememberCoroutineScope()
    val focusRequester = remember { FocusRequester() }
    LaunchedEffect(Unit) {
        focusRequester.requestFocus()
    }

    ScalingLazyColumn (modifier = Modifier
        .onPreRotaryScrollEvent {
            scope.launch {",,,/Users/krunal/Documents/F1/PHD/2026PHDSpring/MyFirstPaper/ISEC/DataMining/mined_code/BlazeCodeDev__TSViewer/wear/src/main/java/com/blazecode/tsviewer/wear/screens/ClientList.kt,exact,True,51,ClientList,1.0,78.0,\.size\s*\(\s*\d+\.?\d*\.dp,body,item { Spacer(modifier = Modifier.size(16.dp)) },True,"   51 | fun ClientList(viewModel: ClientListViewModel = viewModel()){
   52 |     val uiState = viewModel.uiState.collectAsState()
   53 |     val context = LocalContext.current
   54 | 
   55 |     val scrollState = rememberScalingLazyListState()
   56 |     val scope = rememberCoroutineScope()
   57 |     val focusRequester = remember { FocusRequester() }
   58 |     LaunchedEffect(Unit) {
   59 |         focusRequester.requestFocus()
   60 |     }
   61 | 
   62 |     ScalingLazyColumn (modifier = Modifier
   63 |         .onPreRotaryScrollEvent {
   64 |             scope.launch {
   65 |                 scrollState.scrollBy(it.verticalScrollPixels)
   66 |                 scrollState.animateScrollBy(0f)
   67 |             }
   68 |             true
   69 |         }
   70 |         .focusRequester(focusRequester)
   71 |         .focusable()
   72 |         .fillMaxSize(),
   73 |         state = scrollState
   74 |         ){
   75 | 
   76 |         item { Text(text = pluralStringResource(id =R.plurals.clients_connected, count = uiState.value.clientList.size, uiState.value.clientList.size), fontSize = 16.sp) }
   77 |         item { Text(text = stringResource(R.string.time_ago, uiState.value.time), modifier = Modifier.alpha(.7f)) }
   78 |         item { Spacer(modifier = Modifier.size(16.dp)) }
   79 |         item { Text(text = uiState.value.clientListString, textAlign = TextAlign.Center) }
   80 |         item {
   81 |             Chip(
   82 |                 onClick = {
   83 |                     if(!uiState.value.isLoading)
   84 |                         viewModel.requestRefresh()
   85 |                },
   86 |                 label = {
   87 |                     val text =
   88 |                         if(uiState.value.isLoading) stringResource(id = R.string.loading)
   89 |                         else stringResource(id = R.string.refresh)
   90 | 
   91 |                     AnimatedContent (
   92 |                         targetState = text,
   93 |                         transitionSpec = {
   94 |                             fadeIn() togetherWith fadeOut()
   95 |                         }){ targetText ->
   96 |                         Text(text = targetText)
   97 |                     }
   98 |                 },
   99 |                 icon = { Icon(painterResource(R.drawable.ic_refresh), contentDescription = null) },
  100 |                 colors = ChipDefaults.chipColors(backgroundColor = colorResource(R.color.background), iconColor = colorResource(R.color.primary)))
  101 |         }
  102 |     }
  103 | }","import androidx.compose.animation.AnimatedContent
import androidx.compose.animation.fadeIn
import androidx.compose.animation.fadeOut
import androidx.compose.animation.togetherWith
import androidx.compose.foundation.focusable
import androidx.compose.foundation.gestures.animateScrollBy
import androidx.compose.foundation.gestures.scrollBy
import androidx.compose.foundation.layout.Spacer
import androidx.compose.foundation.layout.fillMaxSize
import androidx.compose.foundation.layout.size
import androidx.compose.runtime.Composable
import androidx.compose.runtime.LaunchedEffect
import androidx.compose.runtime.collectAsState
import androidx.compose.runtime.remember
import androidx.compose.runtime.rememberCoroutineScope
import androidx.compose.ui.Modifier
import androidx.compose.ui.draw.alpha
import androidx.compose.ui.focus.FocusRequester
import androidx.compose.ui.focus.focusRequester
import androidx.compose.ui.input.rotary.onPreRotaryScrollEvent
import androidx.compose.ui.platform.LocalContext
import androidx.compose.ui.res.colorResource
import androidx.compose.ui.res.painterResource
import androidx.compose.ui.res.pluralStringResource
import androidx.compose.ui.res.stringResource
import androidx.compose.ui.text.style.TextAlign
import androidx.compose.ui.tooling.preview.Preview
import androidx.compose.ui.unit.dp
import androidx.compose.ui.unit.sp
import androidx.lifecycle.viewmodel.compose.viewModel
import androidx.wear.compose.foundation.lazy.ScalingLazyColumn
import androidx.wear.compose.foundation.lazy.rememberScalingLazyListState
import androidx.wear.compose.material.Chip
import androidx.wear.compose.material.ChipDefaults
import androidx.wear.compose.material.Icon
import androidx.wear.compose.material.Text
import com.blazecode.tsviewer.R
import com.blazecode.tsviewer.wear.viewmodels.ClientListViewModel
import kotlinx.coroutines.launch"
pilot-0288,touch_target_size,dantech0xff__compose-qr-code-scanner,dantech0xff__compose-qr-code-scanner/app/src/main/java/com/creative/qrcodescanner/ui/history/HistoryLayout.kt,HistoryScreenLayout,size(8.dp) on interactive element,"@OptIn(ExperimentalFoundationApi::class)
@Composable
fun HistoryScreenLayout(viewModel: HistoryViewModel = hiltViewModel(),
                        appNav: NavHostController) {

    val qrCodeHistoryUIState by viewModel.qrCodeHistoryUIState.collectAsStateWithLifecycle()

    BackHandler {
        appNav.popBackStack()
    }

    Scaffold(topBar = {
        TopNavBar(titleResId = R.string.qr_code_history) {
            appNav.popBackStack()
        }
    },",,,/Users/krunal/Documents/F1/PHD/2026PHDSpring/MyFirstPaper/ISEC/DataMining/mined_code/dantech0xff__compose-qr-code-scanner/app/src/main/java/com/creative/qrcodescanner/ui/history/HistoryLayout.kt,exact,True,63,HistoryScreenLayout,1.0,168.0,\.size\s*\(\s*\d+\.?\d*\.dp,body,item { Spacer(modifier = Modifier.size(8.dp)) },True,"  156 |             if (qrCodeHistoryUIState !is QRCodeHistoryUIState.Success) return@AnimatedVisibility
  157 | 
  158 |             val data = (qrCodeHistoryUIState as QRCodeHistoryUIState.Success).data
  159 |             Surface(modifier = Modifier
  160 |                 .padding(paddingValues)
  161 |                 .fillMaxSize()) {
  162 |                 LazyColumn(
  163 |                     modifier = Modifier,
  164 |                     state = rememberLazyListState(),
  165 |                     verticalArrangement = Arrangement.spacedBy(1.dp),
  166 |                     horizontalAlignment = Alignment.CenterHorizontally
  167 |                 ) {
  168 |                     item { Spacer(modifier = Modifier.size(8.dp)) }
  169 |                     items(data, key = {
  170 |                         it.id
  171 |                     }, contentType = {
  172 |                         it.type
  173 |                     }) { item ->
  174 | 
  175 |                         val rememberModifier = remember {
  176 |                             Modifier.animateItemPlacement(animationSpec = tween(300, easing = LinearEasing))
  177 |                         }
  178 |                         var rememberItem by remember { mutableStateOf(item) }
  179 |                         rememberItem = item
  180 | 
  181 |                         QRCodeHistoryItemUI(
  182 |                             modifier = rememberModifier,
  183 |                             itemUiState = rememberItem,
  184 |                             onDelete = remember {
  185 |                                 {
  186 |                                     viewModel.deleteQRCodeHistory(rememberItem.id)
  187 |                                 }
  188 |                             }, onClick = remember {
  189 |                                 {
  190 |                                     appNav.navigate(""result/${rememberItem.id}"")
  191 |                                 }
  192 |                             })
  193 |                     }
  194 |                     item { Spacer(modifier = Modifier.size(8.dp)) }
  195 |                 }
  196 |             }
  197 |         }
  198 | 
  199 |         AnimatedVisibility(visible = qrCodeHistoryUIState is QRCodeHistoryUIState.Error, enter = fadeIn(), exit = fadeOut()) {
  200 |             if (qrCodeHistoryUIState !is QRCodeHistoryUIState.Error) return@AnimatedVisibility
  201 | 
  202 |             Surface(modifier = Modifier
  203 |                 .padding(paddingValues)
  204 |                 .fillMaxSize()
  205 |                 .padding(bottom = 200.dp)) {
  206 |                 Column(
  207 |                     modifier = Modifier
  208 |                         .padding(32.dp)","import androidx.activity.compose.BackHandler
import androidx.compose.animation.AnimatedVisibility
import androidx.compose.animation.animateContentSize
import androidx.compose.animation.core.EaseInOutBack
import androidx.compose.animation.core.LinearEasing
import androidx.compose.animation.core.tween
import androidx.compose.animation.fadeIn
import androidx.compose.animation.fadeOut
import androidx.compose.foundation.ExperimentalFoundationApi
import androidx.compose.foundation.Image
import androidx.compose.foundation.background
import androidx.compose.foundation.clickable
import androidx.compose.foundation.layout.Arrangement
import androidx.compose.foundation.layout.Column
import androidx.compose.foundation.layout.Spacer
import androidx.compose.foundation.layout.fillMaxSize
import androidx.compose.foundation.layout.fillMaxWidth
import androidx.compose.foundation.layout.height
import androidx.compose.foundation.layout.padding
import androidx.compose.foundation.layout.size
import androidx.compose.foundation.layout.wrapContentHeight
import androidx.compose.foundation.lazy.LazyColumn
import androidx.compose.foundation.lazy.items
import androidx.compose.foundation.lazy.rememberLazyListState
import androidx.compose.foundation.shape.RoundedCornerShape
import androidx.compose.material3.LinearProgressIndicator
import androidx.compose.material3.MaterialTheme
import androidx.compose.material3.Scaffold
import androidx.compose.material3.Surface
import androidx.compose.material3.Text
import androidx.compose.runtime.Composable
import androidx.compose.runtime.getValue
import androidx.compose.runtime.mutableIntStateOf
import androidx.compose.runtime.mutableStateOf
import androidx.compose.runtime.remember
import androidx.compose.runtime.setValue
import androidx.compose.ui.Alignment
import androidx.compose.ui.Modifier
import androidx.compose.ui.draw.clip
import androidx.compose.ui.graphics.Color
import androidx.compose.ui.res.painterResource
import androidx.compose.ui.res.stringResource
import androidx.compose.ui.text.style.TextAlign
import androidx.compose.ui.unit.dp
import androidx.hilt.navigation.compose.hiltViewModel
import androidx.lifecycle.compose.collectAsStateWithLifecycle
import androidx.navigation.NavHostController
import com.creative.qrcodescanner.R
import com.creative.qrcodescanner.ui.nav.TopNavBar
import com.creative.qrcodescanner.ui.shadow
import com.creative.qrcodescanner.usecase.history.QRCodeHistoryUIState"
pilot-0289,touch_target_size,GetStream__whatsApp-clone-compose,GetStream__whatsApp-clone-compose/features/chats/src/main/kotlin/io/getstream/whatsappclone/chats/messages/WhatsAppMessageTopBar.kt,WhatsAppMessageTopBar,size(26.dp) on interactive element,"
@Composable
fun WhatsAppMessageTopBar(
  messageUiState: WhatsAppMessageUiState,
  navigateToVideoCall: (Boolean) -> Unit,
  onBackClick: () -> Unit
) {
  TopAppBar(
    modifier = Modifier.fillMaxWidth(),
    navigationIcon = {
      Icon(
        modifier = Modifier
          .size(26.dp)
          .clickable {
            onBackClick()
          },",,,/Users/krunal/Documents/F1/PHD/2026PHDSpring/MyFirstPaper/ISEC/DataMining/mined_code/GetStream__whatsApp-clone-compose/features/chats/src/main/kotlin/io/getstream/whatsappclone/chats/messages/WhatsAppMessageTopBar.kt,exact,True,45,WhatsAppMessageTopBar,1.0,55.0,\.size\s*\(\s*\d+\.?\d*\.dp,body,.size(26.dp),True,"   43 | 
   44 | @Composable
   45 | fun WhatsAppMessageTopBar(
   46 |   messageUiState: WhatsAppMessageUiState,
   47 |   navigateToVideoCall: (Boolean) -> Unit,
   48 |   onBackClick: () -> Unit
   49 | ) {
   50 |   TopAppBar(
   51 |     modifier = Modifier.fillMaxWidth(),
   52 |     navigationIcon = {
   53 |       Icon(
   54 |         modifier = Modifier
   55 |           .size(26.dp)
   56 |           .clickable {
   57 |             onBackClick()
   58 |           },
   59 |         imageVector = WhatsAppIcons.ArrowBack,
   60 |         tint = MaterialTheme.colorScheme.tertiary,
   61 |         contentDescription = null
   62 |       )
   63 |     },
   64 |     title = {
   65 |       WhatsAppMessageUserInfo(messageUiState = messageUiState)
   66 |     },
   67 |     actions = {
   68 |       Icon(
   69 |         modifier = Modifier
   70 |           .size(26.dp)
   71 |           .clickable {
   72 |             navigateToVideoCall(true)
   73 |           },
   74 |         imageVector = WhatsAppIcons.Video,
   75 |         tint = MaterialTheme.colorScheme.tertiary,
   76 |         contentDescription = null
   77 |       )
   78 | 
   79 |       Spacer(modifier = Modifier.size(16.dp))
   80 | 
   81 |       Icon(
   82 |         modifier = Modifier
   83 |           .size(26.dp)
   84 |           .clickable {
   85 |             navigateToVideoCall(false)
   86 |           },
   87 |         imageVector = WhatsAppIcons.Call,
   88 |         tint = MaterialTheme.colorScheme.tertiary,
   89 |         contentDescription = null
   90 |       )
   91 | 
   92 |       Spacer(modifier = Modifier.size(16.dp))
   93 | 
   94 |       Icon(
   95 |         modifier = Modifier.size(26.dp),","import androidx.compose.foundation.clickable
import androidx.compose.foundation.layout.Row
import androidx.compose.foundation.layout.Spacer
import androidx.compose.foundation.layout.fillMaxWidth
import androidx.compose.foundation.layout.padding
import androidx.compose.foundation.layout.size
import androidx.compose.foundation.shape.CircleShape
import androidx.compose.material.TopAppBar
import androidx.compose.material3.Icon
import androidx.compose.material3.MaterialTheme
import androidx.compose.material3.Text
import androidx.compose.runtime.Composable
import androidx.compose.ui.Modifier
import androidx.compose.ui.draw.clip
import androidx.compose.ui.res.painterResource
import androidx.compose.ui.tooling.preview.Preview
import androidx.compose.ui.unit.dp
import com.skydoves.landscapist.animation.crossfade.CrossfadePlugin
import com.skydoves.landscapist.components.rememberImageComponent
import com.skydoves.landscapist.glide.GlideImage
import io.getstream.whatsappclone.designsystem.component.WhatsAppLoadingIndicator
import io.getstream.whatsappclone.designsystem.icon.WhatsAppIcons
import io.getstream.whatsappclone.designsystem.theme.WhatsAppCloneComposeTheme
import io.getstream.whatsappclone.uistate.WhatsAppMessageUiState"
pilot-0290,touch_target_size,crome1394__point-forecast,crome1394__point-forecast/forecast-point/app/src/main/java/com/crome/forecastpoint/MainActivity.kt,AppDrawer,size(32.dp) on interactive element,"
@Composable
private fun AppDrawer(
    favorites: List<SavedLocation>,
    activeId: String?,
    navConfig: List<com.crome.forecastpoint.data.DrawerNavConfigItem>,
    onNavOrderChange: (List<String>) -> Unit,
    onForecast: () -> Unit,
    onCurrentLocation: () -> Unit,
    onAddCity: () -> Unit,
    onMap: () -> Unit,
    onSun: () -> Unit,
    onMoon: () -> Unit,
    onSpaceWeather: () -> Unit,
    onEarthquakes: () -> Unit,
    onStorms: () -> Unit,",,,/Users/krunal/Documents/F1/PHD/2026PHDSpring/MyFirstPaper/ISEC/DataMining/mined_code/crome1394__point-forecast/forecast-point/app/src/main/java/com/crome/forecastpoint/MainActivity.kt,exact,True,951,AppDrawer,1.0,1031.0,\.size\s*\(\s*\d+\.?\d*\.dp,body,"modifier = Modifier.size(28.dp),",True," 1019 |         ) {
 1020 |             Row(
 1021 |                 Modifier
 1022 |                     .fillMaxWidth()
 1023 |                     .background(PrimaryBlue)
 1024 |                     .padding(horizontal = 14.dp, vertical = 10.dp),
 1025 |                 verticalAlignment = Alignment.CenterVertically,
 1026 |             ) {
 1027 |                 Icon(
 1028 |                     Icons.Filled.WbSunny,
 1029 |                     contentDescription = null,
 1030 |                     tint = Color.White,
 1031 |                     modifier = Modifier.size(28.dp),
 1032 |                 )
 1033 |                 Spacer(Modifier.width(8.dp))
 1034 |                 Text(
 1035 |                     ""Point Forecast"",
 1036 |                     color = Color.White,
 1037 |                     fontSize = 17.sp,
 1038 |                     fontWeight = FontWeight.Bold,
 1039 |                 )
 1040 |             }
 1041 | 
 1042 |             Text(
 1043 |                 ""Long-press & drag to reorder · visibility in Settings"",
 1044 |                 color = Color(0xFF90A4AE),
 1045 |                 fontSize = 10.sp,
 1046 |                 modifier = Modifier.padding(horizontal = 12.dp, vertical = 4.dp),
 1047 |             )
 1048 | 
 1049 |             // Nav items in a fixed Column (not LazyColumn) so reorders don't reset drag
 1050 |             Column(Modifier.fillMaxWidth()) {
 1051 |                 order.forEachIndexed { index, id ->
 1052 |                     key(id) {
 1053 |                         val isDragging = index == draggingIndex
 1054 |                         val icon = icons[id] ?: Icons.Filled.Menu
 1055 |                         val label = PreferencesRepository.drawerNavDisplayName(id)
 1056 |                         val onClick = actions[id] ?: {}
 1057 |                         Row(
 1058 |                             Modifier
 1059 |                                 .fillMaxWidth()
 1060 |                                 .height(38.dp)
 1061 |                                 .zIndex(if (isDragging) 2f else 0f)
 1062 |                                 .offset {
 1063 |                                     IntOffset(
 1064 |                                         x = 0,
 1065 |                                         y = if (isDragging) dragOffsetY.roundToInt() else 0,
 1066 |                                     )
 1067 |                                 }
 1068 |                                 .background(
 1069 |                                     if (isDragging) Color(0xFF37474F) else Color.Transparent,
 1070 |                                 )
 1071 |                                 .pointerInput(Unit) {","import android.Manifest
import android.content.Intent
import android.content.pm.PackageManager
import android.location.Location
import android.location.LocationManager
import android.net.Uri
import android.os.Bundle
import androidx.activity.ComponentActivity
import androidx.activity.compose.BackHandler
import androidx.activity.compose.rememberLauncherForActivityResult
import androidx.activity.compose.setContent
import androidx.activity.enableEdgeToEdge
import androidx.activity.result.contract.ActivityResultContracts
import androidx.activity.viewModels
import androidx.compose.foundation.background
import androidx.compose.foundation.clickable
import androidx.compose.foundation.gestures.detectDragGesturesAfterLongPress
import androidx.compose.foundation.layout.Arrangement
import androidx.compose.foundation.layout.Box
import androidx.compose.foundation.layout.Column
import androidx.compose.foundation.layout.Row
import androidx.compose.foundation.layout.Spacer
import androidx.compose.foundation.layout.fillMaxHeight
import androidx.compose.foundation.layout.fillMaxSize
import androidx.compose.foundation.layout.fillMaxWidth
import androidx.compose.foundation.layout.height
import androidx.compose.foundation.layout.offset
import androidx.compose.foundation.layout.padding
import androidx.compose.foundation.layout.size
import androidx.compose.foundation.layout.width
import androidx.compose.foundation.shape.RoundedCornerShape
import androidx.compose.material.icons.Icons
import androidx.compose.material.icons.automirrored.filled.ArrowBack
import androidx.compose.material.icons.automirrored.filled.List
import androidx.compose.material.icons.filled.Add
import androidx.compose.material.icons.filled.Bolt
import androidx.compose.material.icons.filled.DarkMode
import androidx.compose.material.icons.filled.Delete
import androidx.compose.material.icons.filled.DragHandle
import androidx.compose.material.icons.filled.Edit
import androidx.compose.material.icons.filled.Info
import androidx.compose.material.icons.filled.Map
import androidx.compose.material.icons.filled.Menu
import androidx.compose.material.icons.filled.MyLocation
import androidx.compose.material.icons.filled.NightsStay
import androidx.compose.material.icons.filled.Public
import androidx.compose.material.icons.filled.Refresh
import androidx.compose.material.icons.filled.Thunderstorm
import androidx.compose.material.icons.filled.Search
import androidx.compose.material.icons.filled.Settings
import androidx.compose.material.icons.filled.Star
import androidx.compose.material.icons.filled.WbSunny
import androidx.compose.material3.AlertDialog
import androidx.compose.material3.DrawerValue
import androidx.compose.material3.DropdownMenu
import androidx.compose.material3.ExperimentalMaterial3Api
import androidx.compose.material3.HorizontalDivider
import androidx.compose.material3.Icon
import androidx.compose.material3.IconButton
import androidx.compose.material3.ModalDrawerSheet
import androidx.compose.material3.ModalNavigationDrawer
import androidx.compose.material3.NavigationDrawerItem
import androidx.compose.material3.NavigationDrawerItemDefaults
import androidx.compose.material3.OutlinedTextField
import androidx.compose.material3.BottomAppBar
import androidx.compose.material3.Scaffold
import androidx.compose.material3.Surface
import androidx.compose.material3.Text
import androidx.compose.material3.TextButton
import androidx.compose.material3.TopAppBar
import androidx.compose.material3.TopAppBarDefaults
import androidx.compose.material3.rememberDrawerState
import androidx.compose.runtime.Composable
import androidx.compose.runtime.LaunchedEffect
import androidx.compose.runtime.collectAsState
import androidx.compose.runtime.getValue
import androidx.compose.runtime.key
import androidx.compose.runtime.mutableFloatStateOf
import androidx.compose.runtime.mutableIntStateOf
import androidx.compose.runtime.mutableStateOf
import androidx.compose.runtime.remember
import androidx.compose.runtime.rememberCoroutineScope
import androidx.compose.runtime.setValue
import androidx.compose.ui.Alignment
import androidx.compose.ui.Modifier
import androidx.compose.ui.graphics.Color
import androidx.compose.ui.graphics.vector.ImageVector
import androidx.compose.ui.input.pointer.pointerInput
import androidx.compose.ui.platform.LocalDensity
import androidx.compose.ui.res.painterResource
import androidx.compose.ui.text.font.FontWeight
import androidx.compose.ui.unit.IntOffset
import androidx.compose.ui.unit.dp
import androidx.compose.ui.unit.sp
import androidx.compose.ui.zIndex
import androidx.core.content.ContextCompat
import com.crome.forecastpoint.data.PreferencesRepository
import com.crome.forecastpoint.data.SavedLocation
import com.crome.forecastpoint.data.SpaceWeatherService
import com.crome.forecastpoint.ui.WeatherViewModel
import kotlin.math.roundToInt
import com.crome.forecastpoint.ui.screens.AboutScreen
import com.crome.forecastpoint.ui.screens.CelestialBody
import com.crome.forecastpoint.ui.screens.ForecastScreen
import com.crome.forecastpoint.ui.screens.HazardLoadingBanner
import com.crome.forecastpoint.ui.screens.HourlyScreen
import com.crome.forecastpoint.ui.screens.MapScreen
import com.crome.forecastpoint.ui.screens.SearchScreen
import com.crome.forecastpoint.ui.screens.SettingsScreen
import com.crome.forecastpoint.ui.screens.SunMoonScreen
import com.crome.forecastpoint.ui.theme.ForecastPointTheme
import com.crome.forecastpoint.ui.theme.PrimaryBlue
import com.crome.forecastpoint.ui.theme.SurfaceDark
import com.crome.forecastpoint.util.CelestialCalculator
import com.crome.forecastpoint.util.RadarUrl
import kotlinx.coroutines.launch"
pilot-0291,touch_target_size,dmzz-yyhyy__LightNovelReader,dmzz-yyhyy__LightNovelReader/app/src/main/kotlin/indi/dmzz_yyhyy/lightnovelreader/ui/home/reading/stats/StatsOverviewScreen.kt,LevelBox,size(20.dp) on interactive element,"
@Composable
private fun LevelBox(
    color: Color,
    selected: Boolean? = false,
    onClick: (() -> Unit)? = null
) {
    Box(
        modifier = Modifier
            .size(20.dp)
            .padding(2.dp)
            .clip(RoundedCornerShape(2.dp))
            .let { modifier ->
                if (selected == true) {
                    modifier.border(1.dp, MaterialTheme.colorScheme.onSurface)
                } else {",,,/Users/krunal/Documents/F1/PHD/2026PHDSpring/MyFirstPaper/ISEC/DataMining/mined_code/dmzz-yyhyy__LightNovelReader/app/src/main/kotlin/indi/dmzz_yyhyy/lightnovelreader/ui/home/reading/stats/StatsOverviewScreen.kt,exact,True,429,LevelBox,1.0,436.0,\.size\s*\(\s*\d+\.?\d*\.dp,body,.size(20.dp),True,"  424 |         )
  425 |     }
  426 | }
  427 | 
  428 | @Composable
  429 | private fun LevelBox(
  430 |     color: Color,
  431 |     selected: Boolean? = false,
  432 |     onClick: (() -> Unit)? = null
  433 | ) {
  434 |     Box(
  435 |         modifier = Modifier
  436 |             .size(20.dp)
  437 |             .padding(2.dp)
  438 |             .clip(RoundedCornerShape(2.dp))
  439 |             .let { modifier ->
  440 |                 if (selected == true) {
  441 |                     modifier.border(1.dp, MaterialTheme.colorScheme.onSurface)
  442 |                 } else {
  443 |                     modifier
  444 |                 }
  445 |             }
  446 |             .background(color = color)
  447 |             .clickable(enabled = onClick != null) { onClick?.invoke() },
  448 |     )
  449 | }
  450 | 
  451 | @Composable
  452 | private fun WeekHeader(dayOfWeek: DayOfWeek) {
  453 |     val text = if (dayOfWeek in listOf(
  454 |             DayOfWeek.MONDAY,
  455 |             DayOfWeek.WEDNESDAY,
  456 |             DayOfWeek.FRIDAY,
  457 |             DayOfWeek.SUNDAY
  458 |         )
  459 |     ) dayOfWeek.displayText() else """"
  460 | 
  461 |     Box(
  462 |         modifier = Modifier.height(20.dp)
  463 |     ) {
  464 |         Text(
  465 |             modifier = Modifier
  466 |                 .align(Alignment.Center)
  467 |                 .padding(horizontal = 4.dp),
  468 |             text = text,
  469 |             style = typography.headlineMedium,
  470 |         )
  471 |     }
  472 | }
  473 | 
  474 | 
  475 | @Composable
  476 | private fun MonthHeader(","import androidx.compose.animation.Crossfade
import androidx.compose.foundation.background
import androidx.compose.foundation.border
import androidx.compose.foundation.clickable
import androidx.compose.foundation.layout.Arrangement
import androidx.compose.foundation.layout.Box
import androidx.compose.foundation.layout.Column
import androidx.compose.foundation.layout.ColumnScope
import androidx.compose.foundation.layout.PaddingValues
import androidx.compose.foundation.layout.Row
import androidx.compose.foundation.layout.Spacer
import androidx.compose.foundation.layout.fillMaxSize
import androidx.compose.foundation.layout.fillMaxWidth
import androidx.compose.foundation.layout.height
import androidx.compose.foundation.layout.padding
import androidx.compose.foundation.layout.size
import androidx.compose.foundation.layout.width
import androidx.compose.foundation.lazy.LazyColumn
import androidx.compose.foundation.shape.RoundedCornerShape
import androidx.compose.material3.CircularProgressIndicator
import androidx.compose.material3.ExperimentalMaterial3Api
import androidx.compose.material3.Icon
import androidx.compose.material3.IconButton
import androidx.compose.material3.MaterialTheme
import androidx.compose.material3.MaterialTheme.typography
import androidx.compose.material3.Scaffold
import androidx.compose.material3.Text
import androidx.compose.material3.TextButton
import androidx.compose.material3.TopAppBar
import androidx.compose.material3.TopAppBarDefaults
import androidx.compose.material3.TopAppBarScrollBehavior
import androidx.compose.runtime.Composable
import androidx.compose.runtime.getValue
import androidx.compose.ui.Alignment
import androidx.compose.ui.Modifier
import androidx.compose.ui.draw.clip
import androidx.compose.ui.graphics.Color
import androidx.compose.ui.graphics.painter.Painter
import androidx.compose.ui.hapticfeedback.HapticFeedbackType
import androidx.compose.ui.platform.LocalHapticFeedback
import androidx.compose.ui.res.painterResource
import androidx.compose.ui.res.stringResource
import androidx.compose.ui.text.font.FontWeight
import androidx.compose.ui.text.style.TextAlign
import androidx.compose.ui.text.style.TextOverflow.Companion.Ellipsis
import androidx.compose.ui.unit.dp
import androidx.lifecycle.compose.collectAsStateWithLifecycle
import com.github.michaelbull.result.Result
import com.github.michaelbull.result.onErr
import com.github.michaelbull.result.onOk
import indi.dmzz_yyhyy.lightnovelreader.R
import indi.dmzz_yyhyy.lightnovelreader.data.statistics.BookRecord
import indi.dmzz_yyhyy.lightnovelreader.ui.components.AnimatedText
import indi.dmzz_yyhyy.lightnovelreader.ui.components.HeatMapCalendar
import indi.dmzz_yyhyy.lightnovelreader.ui.components.calendar.core.CalendarDay
import indi.dmzz_yyhyy.lightnovelreader.ui.components.calendar.core.CalendarMonth
import indi.dmzz_yyhyy.lightnovelreader.ui.components.calendar.core.CalendarWeek
import indi.dmzz_yyhyy.lightnovelreader.ui.components.calendar.core.displayText
import indi.dmzz_yyhyy.lightnovelreader.ui.components.calendar.core.yearMonth
import indi.dmzz_yyhyy.lightnovelreader.ui.components.calendar.rememberHeatMapCalendarState
import indi.dmzz_yyhyy.lightnovelreader.utils.DurationFormat
import indi.dmzz_yyhyy.lightnovelreader.utils.navigationBarSpacer
import io.nightfish.lightnovelreader.api.book.BookInformation
import io.nightfish.lightnovelreader.api.error.WebRequestError
import kotlinx.coroutines.flow.Flow
import java.time.DayOfWeek
import java.time.LocalDate
import java.time.Month
import java.time.format.DateTimeFormatter
import kotlin.time.DurationUnit
import kotlin.time.toDuration"
pilot-0292,touch_target_size,axelblatt__MissionAndroid,axelblatt__MissionAndroid/app/src/main/java/com/axelblatt/mission/screen/TimeDialog.kt,TimeDialog,size(12.dp) on interactive element,"@OptIn(ExperimentalMaterial3Api::class)
@Composable
fun TimeDialog(
    taskId: Int,
    timeDialog: MutableState<Boolean>,
    taskViewModel: TaskViewModel,
    timeState: TimePickerState,
    localContext: Context,
    modifier: Modifier
) {
    BasicAlertDialog(
        onDismissRequest = {timeDialog.value = false},
        modifier = modifier.fillMaxWidth(0.9f)
            .clip(RoundedCornerShape(16.dp))
            .background(MaterialTheme.colorScheme.inverseOnSurface)
    ) {",,,/Users/krunal/Documents/F1/PHD/2026PHDSpring/MyFirstPaper/ISEC/DataMining/mined_code/axelblatt__MissionAndroid/app/src/main/java/com/axelblatt/mission/screen/TimeDialog.kt,exact,True,28,TimeDialog,1.0,43.0,\.size\s*\(\s*\d+\.?\d*\.dp,body,Spacer(modifier.size(12.dp)),True,"   28 | fun TimeDialog(
   29 |     taskId: Int,
   30 |     timeDialog: MutableState<Boolean>,
   31 |     taskViewModel: TaskViewModel,
   32 |     timeState: TimePickerState,
   33 |     localContext: Context,
   34 |     modifier: Modifier
   35 | ) {
   36 |     BasicAlertDialog(
   37 |         onDismissRequest = {timeDialog.value = false},
   38 |         modifier = modifier.fillMaxWidth(0.9f)
   39 |             .clip(RoundedCornerShape(16.dp))
   40 |             .background(MaterialTheme.colorScheme.inverseOnSurface)
   41 |     ) {
   42 |         Column(horizontalAlignment = Alignment.CenterHorizontally) {
   43 |             Spacer(modifier.size(12.dp))
   44 |             TimePicker(timeState)
   45 |             Spacer(modifier.size(12.dp))
   46 |             Button(onClick = {
   47 |                 timeDialog.value = false
   48 |                 taskViewModel.updateNotificationTask(taskId, timeState.hour * 60 + timeState.minute)
   49 |                 AlarmScheduler.cancelAlarm(localContext, taskId)
   50 |             }) { Text(""OK"") }
   51 |             Spacer(modifier.size(12.dp))
   52 |         }
   53 |     }
   54 | }","import android.content.Context
import androidx.compose.foundation.background
import androidx.compose.foundation.layout.Column
import androidx.compose.foundation.layout.Spacer
import androidx.compose.foundation.layout.fillMaxWidth
import androidx.compose.foundation.layout.size
import androidx.compose.foundation.shape.RoundedCornerShape
import androidx.compose.material3.BasicAlertDialog
import androidx.compose.material3.Button
import androidx.compose.material3.ExperimentalMaterial3Api
import androidx.compose.material3.MaterialTheme
import androidx.compose.material3.Text
import androidx.compose.material3.TimePicker
import androidx.compose.material3.TimePickerState
import androidx.compose.runtime.Composable
import androidx.compose.runtime.MutableState
import androidx.compose.ui.Alignment
import androidx.compose.ui.Modifier
import androidx.compose.ui.draw.clip
import androidx.compose.ui.unit.dp
import com.axelblatt.mission.data.TaskViewModel
import com.axelblatt.mission.notification.AlarmScheduler"
pilot-0293,touch_target_size,GetStream__liveshopping-android,GetStream__liveshopping-android/app/src/main/kotlin/io/getstream/live/shopping/ui/feature/channels/LiveShoppingChannels.kt,LiveShoppingChannels,size(32.dp) on interactive element,"
@Composable
fun LiveShoppingChannels(
  channelListViewModel: ChannelListViewModel
) {
  val navigator = currentComposeNavigator
  val channels = channelListViewModel.channelsState.channelItems
  val isLoading = channelListViewModel.channelsState.isLoading
  val orientation = LocalConfiguration.current.orientation
  val scope = rememberCoroutineScope()

  LaunchedEffect(key1 = channels, key2 = isLoading) {
    if (!isLoading && channels.isEmpty()) {
      ChatClient.instance().createMockChannels()
    }
  }",,,/Users/krunal/Documents/F1/PHD/2026PHDSpring/MyFirstPaper/ISEC/DataMining/mined_code/GetStream__liveshopping-android/app/src/main/kotlin/io/getstream/live/shopping/ui/feature/channels/LiveShoppingChannels.kt,exact,True,58,LiveShoppingChannels,1.0,94.0,\.size\s*\(\s*\d+\.?\d*\.dp,body,.size(32.dp),True,"   58 | fun LiveShoppingChannels(
   59 |   channelListViewModel: ChannelListViewModel
   60 | ) {
   61 |   val navigator = currentComposeNavigator
   62 |   val channels = channelListViewModel.channelsState.channelItems
   63 |   val isLoading = channelListViewModel.channelsState.isLoading
   64 |   val orientation = LocalConfiguration.current.orientation
   65 |   val scope = rememberCoroutineScope()
   66 | 
   67 |   LaunchedEffect(key1 = channels, key2 = isLoading) {
   68 |     if (!isLoading && channels.isEmpty()) {
   69 |       ChatClient.instance().createMockChannels()
   70 |     }
   71 |   }
   72 | 
   73 |   if (!isLoading && channels.isNotEmpty()) {
   74 |     Column(
   75 |       modifier = Modifier
   76 |         .fillMaxSize()
   77 |         .background(ChatTheme.colors.appBackground)
   78 |     ) {
   79 |       Box(
   80 |         modifier = Modifier
   81 |           .padding(12.dp)
   82 |           .fillMaxWidth()
   83 |       ) {
   84 |         Text(
   85 |           text = ""Live Channels"",
   86 |           color = ChatTheme.colors.textHighEmphasis,
   87 |           fontWeight = FontWeight.ExtraBold,
   88 |           lineHeight = 34.sp,
   89 |           fontSize = 28.sp
   90 |         )
   91 | 
   92 |         Box(
   93 |           modifier = Modifier
   94 |             .size(32.dp)
   95 |             .align(Alignment.CenterEnd)
   96 |             .background(color = ChatTheme.colors.primaryAccent, shape = CircleShape)
   97 |         ) {
   98 |           Icon(
   99 |             modifier = Modifier
  100 |               .align(Alignment.Center)
  101 |               .clickable {
  102 |                 scope.launch {
  103 |                   val channel = ChatClient
  104 |                     .instance()
  105 |                     .createStreamerChannel() ?: return@launch
  106 |                   navigator.navigate(
  107 |                     LiveShoppingScreen.LiveShopping(cid = channel.cid, isHost = true)
  108 |                   )
  109 |                 }
  110 |               },
  111 |             imageVector = Icons.Default.VideoCall,
  112 |             tint = Color.White,
  113 |             contentDescription = null
  114 |           )
  115 |         }
  116 |       }
  117 |       if (orientation == Configuration.ORIENTATION_PORTRAIT) {
  118 |         ChannelList(
  119 |           modifier = Modifier
  120 |             .fillMaxSize()
  121 |             .background(ChatTheme.colors.appBackground),
  122 |           viewModel = channelListViewModel,
  123 |           channelContent = { channelItemState ->
  124 |             LiveShoppingChannelItem(channelItemState = channelItemState)
  125 |           },
  126 |           divider = { Spacer(modifier = Modifier.height(6.dp)) }
  127 |         )
  128 |       } else {
  129 |         GridChannelList(
  130 |           modifier = Modifier
  131 |             .fillMaxSize()
  132 |             .background(ChatTheme.colors.appBackground),
  133 |           viewModel = channelListViewModel,
  134 |           itemContent = { channelItemState ->","import android.content.res.Configuration
import androidx.compose.foundation.background
import androidx.compose.foundation.clickable
import androidx.compose.foundation.layout.Box
import androidx.compose.foundation.layout.Column
import androidx.compose.foundation.layout.Spacer
import androidx.compose.foundation.layout.fillMaxSize
import androidx.compose.foundation.layout.fillMaxWidth
import androidx.compose.foundation.layout.height
import androidx.compose.foundation.layout.padding
import androidx.compose.foundation.layout.size
import androidx.compose.foundation.shape.CircleShape
import androidx.compose.material.icons.Icons
import androidx.compose.material.icons.filled.VideoCall
import androidx.compose.material3.Icon
import androidx.compose.material3.Text
import androidx.compose.runtime.Composable
import androidx.compose.runtime.LaunchedEffect
import androidx.compose.runtime.rememberCoroutineScope
import androidx.compose.ui.Alignment
import androidx.compose.ui.Modifier
import androidx.compose.ui.graphics.Color
import androidx.compose.ui.platform.LocalConfiguration
import androidx.compose.ui.text.font.FontWeight
import androidx.compose.ui.unit.dp
import androidx.compose.ui.unit.sp
import io.getstream.chat.android.client.ChatClient
import io.getstream.chat.android.compose.ui.channels.list.ChannelList
import io.getstream.chat.android.compose.ui.theme.ChatTheme
import io.getstream.chat.android.compose.viewmodel.channels.ChannelListViewModel
import io.getstream.live.shopping.chat.createMockChannels
import io.getstream.live.shopping.chat.createStreamerChannel
import io.getstream.live.shopping.ui.component.LiveShoppingLoadingIndicator
import io.getstream.live.shopping.ui.feature.channels.grids.GridChannelList
import io.getstream.live.shopping.ui.navigation.LiveShoppingScreen
import io.getstream.live.shopping.ui.navigation.currentComposeNavigator
import kotlinx.coroutines.launch"
pilot-0294,touch_target_size,iTsMe-Zen__Areada,iTsMe-Zen__Areada/app/src/main/java/app/areada/ui/home/SearchBar.kt,SearchBar,size(18.dp) on interactive element,"
@Composable
internal fun SearchBar(
    query: String,
    isSearching: Boolean,
    onQueryChange: (String) -> Unit,
    onFocusChanged: (Boolean) -> Unit,
    modifier: Modifier = Modifier,
) {
    val textColor = MaterialTheme.colorScheme.onSurface
    val mutedColor = MaterialTheme.colorScheme.onSurfaceVariant
    BasicTextField(
        value = query,
        onValueChange = onQueryChange,
        modifier = modifier
            .height(40.dp)",,,/Users/krunal/Documents/F1/PHD/2026PHDSpring/MyFirstPaper/ISEC/DataMining/mined_code/iTsMe-Zen__Areada/app/src/main/java/app/areada/ui/home/SearchBar.kt,exact,True,34,SearchBar,1.0,70.0,\.size\s*\(\s*\d+\.?\d*\.dp,body,"modifier = Modifier.size(18.dp),",True,"   34 | internal fun SearchBar(
   35 |     query: String,
   36 |     isSearching: Boolean,
   37 |     onQueryChange: (String) -> Unit,
   38 |     onFocusChanged: (Boolean) -> Unit,
   39 |     modifier: Modifier = Modifier,
   40 | ) {
   41 |     val textColor = MaterialTheme.colorScheme.onSurface
   42 |     val mutedColor = MaterialTheme.colorScheme.onSurfaceVariant
   43 |     BasicTextField(
   44 |         value = query,
   45 |         onValueChange = onQueryChange,
   46 |         modifier = modifier
   47 |             .height(40.dp)
   48 |             .onFocusChanged { state -> onFocusChanged(state.isFocused) },
   49 |         singleLine = true,
   50 |         textStyle = MaterialTheme.typography.bodyMedium.copy(color = textColor),
   51 |         cursorBrush = SolidColor(MaterialTheme.colorScheme.primary),
   52 |         decorationBox = { innerTextField ->
   53 |             Surface(
   54 |                 modifier = Modifier.fillMaxSize(),
   55 |                 shape = RectangleShape,
   56 |                 color = Color.Transparent,
   57 |                 tonalElevation = 0.dp,
   58 |                 shadowElevation = 0.dp,
   59 |                 border = BorderStroke(1.dp, MaterialTheme.colorScheme.outline.copy(alpha = 0.46f)),
   60 |             ) {
   61 |                 Row(
   62 |                     modifier = Modifier
   63 |                         .fillMaxSize()
   64 |                         .padding(horizontal = 10.dp),
   65 |                     verticalAlignment = Alignment.CenterVertically,
   66 |                 ) {
   67 |                     Icon(
   68 |                         imageVector = Icons.Outlined.Search,
   69 |                         contentDescription = null,
   70 |                         modifier = Modifier.size(18.dp),
   71 |                         tint = mutedColor,
   72 |                     )
   73 |                     Spacer(modifier = Modifier.width(9.dp))
   74 |                     Box(
   75 |                         modifier = Modifier.weight(1f),
   76 |                         contentAlignment = Alignment.CenterStart,
   77 |                     ) {
   78 |                         if (query.isEmpty()) {
   79 |                             Text(
   80 |                                 text = stringResource(R.string.search),
   81 |                                 style = MaterialTheme.typography.bodyMedium,
   82 |                                 color = mutedColor.copy(alpha = 0.78f),
   83 |                                 maxLines = 1,
   84 |                             )
   85 |                         }
   86 |                         innerTextField()
   87 |                     }
   88 |                     if (isSearching) {
   89 |                         Spacer(modifier = Modifier.width(8.dp))
   90 |                         CircularProgressIndicator(
   91 |                             modifier = Modifier.size(16.dp),
   92 |                             strokeWidth = 2.dp,
   93 |                         )
   94 |                     }
   95 |                     if (query.isNotEmpty()) {
   96 |                         Spacer(modifier = Modifier.width(8.dp))
   97 |                         Icon(
   98 |                             imageVector = Icons.Outlined.Close,
   99 |                             contentDescription = stringResource(R.string.clear_search),
  100 |                             modifier = Modifier
  101 |                                 .size(18.dp)
  102 |                                 .clickable { onQueryChange("""") },
  103 |                             tint = mutedColor,
  104 |                         )
  105 |                     }
  106 |                 }
  107 |             }
  108 |         },
  109 |     )
  110 | }","import androidx.compose.foundation.BorderStroke
import androidx.compose.foundation.clickable
import androidx.compose.foundation.layout.Box
import androidx.compose.foundation.layout.Row
import androidx.compose.foundation.layout.Spacer
import androidx.compose.foundation.layout.fillMaxSize
import androidx.compose.foundation.layout.height
import androidx.compose.foundation.layout.padding
import androidx.compose.foundation.layout.size
import androidx.compose.foundation.layout.width
import androidx.compose.foundation.text.BasicTextField
import androidx.compose.material.icons.Icons
import androidx.compose.material.icons.outlined.Close
import androidx.compose.material.icons.outlined.Search
import androidx.compose.material3.CircularProgressIndicator
import androidx.compose.material3.Icon
import androidx.compose.material3.MaterialTheme
import androidx.compose.material3.Surface
import androidx.compose.material3.Text
import androidx.compose.runtime.Composable
import androidx.compose.ui.Alignment
import androidx.compose.ui.Modifier
import androidx.compose.ui.focus.onFocusChanged
import androidx.compose.ui.graphics.Color
import androidx.compose.ui.graphics.RectangleShape
import androidx.compose.ui.graphics.SolidColor
import androidx.compose.ui.res.stringResource
import androidx.compose.ui.unit.dp
import app.areada.R"
pilot-0295,touch_target_size,isotjs__todosian-app,isotjs__todosian-app/app/src/main/java/com/isotjs/todosian/ui/components/TodoRow.kt,PriorityChip,size(18.dp) on interactive element,"
@Composable
private fun PriorityChip(
    selected: Boolean,
    label: String,
    onClick: () -> Unit,
    icon: ImageVector?,
    iconTint: Color? = null,
) {
    FilterChip(
        selected = selected,
        onClick = onClick,
        leadingIcon = icon?.let { image ->
            {
                Icon(
                    imageVector = image,",,,/Users/krunal/Documents/F1/PHD/2026PHDSpring/MyFirstPaper/ISEC/DataMining/mined_code/isotjs__todosian-app/app/src/main/java/com/isotjs/todosian/ui/components/TodoRow.kt,exact,True,519,PriorityChip,1.0,534.0,\.size\s*\(\s*\d+\.?\d*\.dp,body,"modifier = Modifier.size(18.dp),",True,"  519 | private fun PriorityChip(
  520 |     selected: Boolean,
  521 |     label: String,
  522 |     onClick: () -> Unit,
  523 |     icon: ImageVector?,
  524 |     iconTint: Color? = null,
  525 | ) {
  526 |     FilterChip(
  527 |         selected = selected,
  528 |         onClick = onClick,
  529 |         leadingIcon = icon?.let { image ->
  530 |             {
  531 |                 Icon(
  532 |                     imageVector = image,
  533 |                     contentDescription = null,
  534 |                     modifier = Modifier.size(18.dp),
  535 |                     tint = iconTint ?: LocalContentColor.current,
  536 |                 )
  537 |             }
  538 |         },
  539 |         label = {
  540 |             Text(
  541 |                 text = label,
  542 |                 maxLines = 1,
  543 |                 overflow = TextOverflow.Ellipsis,
  544 |             )
  545 |         },
  546 |     )
  547 | }
  548 | 
  549 | internal fun showDatePicker(
  550 |     context: android.content.Context,
  551 |     initial: LocalDate,
  552 |     onPicked: (String) -> Unit,
  553 | ) {
  554 |     DatePickerDialog(
  555 |         context,
  556 |         { _, year, month, dayOfMonth ->
  557 |             val picked = LocalDate.of(year, month + 1, dayOfMonth)
  558 |             onPicked(picked.toString())
  559 |         },
  560 |         initial.year,
  561 |         initial.monthValue - 1,
  562 |         initial.dayOfMonth,
  563 |     ).show()
  564 | }
  565 | 
  566 | internal data class TasksMetaChipUi(
  567 |     val label: String,
  568 |     val icon: ImageVector?,
  569 |     val color: Color? = null,
  570 | )
  571 | 
  572 | @Composable
  573 | internal fun priorityColorFor(priority: TasksPriority?): Color? {
  574 |     return when (priority) {","import android.app.DatePickerDialog
import androidx.compose.animation.animateColorAsState
import androidx.compose.animation.core.animateFloatAsState
import androidx.compose.animation.core.tween
import androidx.compose.foundation.background
import androidx.compose.foundation.clickable
import androidx.compose.foundation.horizontalScroll
import androidx.compose.foundation.layout.Arrangement
import androidx.compose.foundation.layout.Box
import androidx.compose.foundation.layout.Column
import androidx.compose.foundation.layout.Row
import androidx.compose.foundation.layout.Spacer
import androidx.compose.foundation.layout.fillMaxSize
import androidx.compose.foundation.layout.fillMaxWidth
import androidx.compose.foundation.layout.height
import androidx.compose.foundation.layout.padding
import androidx.compose.foundation.layout.size
import androidx.compose.foundation.rememberScrollState
import androidx.compose.foundation.shape.CircleShape
import androidx.compose.material.icons.Icons
import androidx.compose.material.icons.automirrored.outlined.ArrowForward
import androidx.compose.material.icons.filled.Delete
import androidx.compose.material.icons.outlined.AddCircle
import androidx.compose.material.icons.outlined.CheckCircle
import androidx.compose.material.icons.outlined.Event
import androidx.compose.material.icons.outlined.FlightTakeoff
import androidx.compose.material.icons.outlined.Repeat
import androidx.compose.material.icons.outlined.Schedule
import androidx.compose.material.icons.outlined.Star
import androidx.compose.material.icons.outlined.SubdirectoryArrowRight
import androidx.compose.material3.AssistChipDefaults
import androidx.compose.material3.Checkbox
import androidx.compose.material3.ExperimentalMaterial3Api
import androidx.compose.material3.FilterChip
import androidx.compose.material3.Icon
import androidx.compose.material3.IconButton
import androidx.compose.material3.LocalContentColor
import androidx.compose.material3.MaterialTheme
import androidx.compose.material3.OutlinedTextField
import androidx.compose.material3.SwipeToDismissBox
import androidx.compose.material3.SwipeToDismissBoxState
import androidx.compose.material3.SwipeToDismissBoxValue
import androidx.compose.material3.Text
import androidx.compose.material3.TextButton
import androidx.compose.material3.rememberSwipeToDismissBoxState
import androidx.compose.runtime.Composable
import androidx.compose.runtime.getValue
import androidx.compose.ui.Alignment
import androidx.compose.ui.Modifier
import androidx.compose.ui.draw.clip
import androidx.compose.ui.graphics.Color
import androidx.compose.ui.graphics.Shape
import androidx.compose.ui.graphics.graphicsLayer
import androidx.compose.ui.graphics.vector.ImageVector
import androidx.compose.ui.platform.LocalContext
import androidx.compose.ui.res.colorResource
import androidx.compose.ui.res.stringResource
import androidx.compose.ui.text.style.TextDecoration
import androidx.compose.ui.text.style.TextOverflow
import androidx.compose.ui.unit.dp
import com.isotjs.todosian.R
import com.isotjs.todosian.data.model.TasksPriority
import com.isotjs.todosian.data.model.Todo
import com.isotjs.todosian.utils.MarkdownParser
import java.time.LocalDate"
pilot-0296,touch_target_size,Dking08__croc-app,Dking08__croc-app/app/src/main/java/com/dking/crocapp/ui/history/HistoryScreen.kt,CompactHistoryCard,size(20.dp) on interactive element,"
@Composable
private fun CompactHistoryCard(
    transfer: TransferHistory,
    onOpenTransfer: () -> Boolean,
    onCodeSelected: (String) -> Unit,
    onCopyCode: () -> Unit,
    onToggleFavorite: () -> Unit,
    onDelete: () -> Unit,
    onRevoke: () -> Unit
) {
    val context = LocalContext.current
    val clipboardManager = LocalClipboardManager.current
    var showMenu by remember { mutableStateOf(false) }
    var showQrDialog by remember { mutableStateOf(false) }
    var showRevokeDialog by remember { mutableStateOf(false) }",,,/Users/krunal/Documents/F1/PHD/2026PHDSpring/MyFirstPaper/ISEC/DataMining/mined_code/Dking08__croc-app/app/src/main/java/com/dking/crocapp/ui/history/HistoryScreen.kt,exact,True,237,CompactHistoryCard,1.0,323.0,\.size\s*\(\s*\d+\.?\d*\.dp,body,.size(40.dp),True,"  311 |             }
  312 |         }
  313 |     ) {
  314 |         Row(
  315 |             modifier = Modifier
  316 |                 .fillMaxWidth()
  317 |                 .padding(horizontal = 14.dp, vertical = 12.dp),
  318 |             verticalAlignment = Alignment.CenterVertically
  319 |         ) {
  320 |             // Direction icon with tinted background
  321 |             Box(
  322 |                 modifier = Modifier
  323 |                     .size(40.dp)
  324 |                     .clip(CircleShape)
  325 |                     .background(
  326 |                         when {
  327 |                             transfer.isStored && transfer.type == TransferType.RECEIVE -> MaterialTheme.colorScheme.secondaryContainer.copy(alpha = 0.7f)
  328 |                             transfer.isStored -> MaterialTheme.colorScheme.primaryContainer.copy(alpha = 0.7f)
  329 |                             transfer.type == TransferType.SEND -> MaterialTheme.colorScheme.primaryContainer.copy(alpha = 0.6f)
  330 |                             else -> MaterialTheme.colorScheme.tertiaryContainer.copy(alpha = 0.6f)
  331 |                         }
  332 |                     ),
  333 |                 contentAlignment = Alignment.Center
  334 |             ) {
  335 |                 Icon(
  336 |                     imageVector = when {
  337 |                         transfer.isStored && transfer.type == TransferType.RECEIVE -> Icons.Rounded.CloudDownload
  338 |                         transfer.isStored -> Icons.Rounded.CloudUpload
  339 |                         transfer.type == TransferType.SEND -> Icons.Rounded.Upload
  340 |                         else -> Icons.Rounded.Download
  341 |                     },
  342 |                     contentDescription = null,
  343 |                     tint = when {
  344 |                         transfer.isStored && transfer.type == TransferType.RECEIVE -> MaterialTheme.colorScheme.secondary
  345 |                         transfer.isStored -> MaterialTheme.colorScheme.primary
  346 |                         transfer.type == TransferType.SEND -> MaterialTheme.colorScheme.primary
  347 |                         else -> MaterialTheme.colorScheme.tertiary
  348 |                     },
  349 |                     modifier = Modifier.size(20.dp)
  350 |                 )
  351 |             }
  352 | 
  353 |             Spacer(modifier = Modifier.width(12.dp))
  354 | 
  355 |             // 2-line info
  356 |             Column(modifier = Modifier.weight(1f)) {
  357 |                 Row(
  358 |                     verticalAlignment = Alignment.CenterVertically,
  359 |                     horizontalArrangement = Arrangement.spacedBy(6.dp)
  360 |                 ) {
  361 |                     Text(
  362 |                         text = transfer.fileName,
  363 |                         style = MaterialTheme.typography.bodyMedium,","import android.content.Intent
import androidx.compose.animation.animateContentSize
import androidx.compose.foundation.background
import androidx.compose.foundation.layout.Arrangement
import androidx.compose.foundation.layout.Box
import androidx.compose.foundation.layout.Column
import androidx.compose.foundation.layout.ExperimentalLayoutApi
import androidx.compose.foundation.layout.FlowRow
import androidx.compose.foundation.layout.Row
import androidx.compose.foundation.layout.Spacer
import androidx.compose.foundation.layout.fillMaxSize
import androidx.compose.foundation.layout.fillMaxWidth
import androidx.compose.foundation.layout.height
import androidx.compose.foundation.layout.padding
import androidx.compose.foundation.layout.size
import androidx.compose.foundation.layout.width
import androidx.compose.foundation.lazy.LazyColumn
import androidx.compose.foundation.lazy.items
import androidx.compose.foundation.shape.CircleShape
import androidx.compose.material.icons.Icons
import androidx.compose.material.icons.outlined.Star
import androidx.compose.material.icons.rounded.ArrowBack
import androidx.compose.material.icons.rounded.Block
import androidx.compose.material.icons.rounded.Close
import androidx.compose.material.icons.rounded.CloudDone
import androidx.compose.material.icons.rounded.CloudDownload
import androidx.compose.material.icons.rounded.CloudUpload
import androidx.compose.material.icons.rounded.ContentCopy
import androidx.compose.material.icons.rounded.Delete
import androidx.compose.material.icons.rounded.Download
import androidx.compose.material.icons.rounded.FolderOpen
import androidx.compose.material.icons.rounded.History
import androidx.compose.material.icons.rounded.MoreVert
import androidx.compose.material.icons.rounded.QrCode2
import androidx.compose.material.icons.rounded.Search
import androidx.compose.material.icons.rounded.Share
import androidx.compose.material.icons.rounded.Star
import androidx.compose.material.icons.rounded.Upload
import androidx.compose.material3.AlertDialog
import androidx.compose.material3.AssistChip
import androidx.compose.material3.AssistChipDefaults
import androidx.compose.material3.Button
import androidx.compose.material3.ButtonDefaults
import androidx.compose.material3.Card
import androidx.compose.material3.CardDefaults
import androidx.compose.material3.DropdownMenu
import androidx.compose.material3.DropdownMenuItem
import androidx.compose.material3.ExperimentalMaterial3Api
import androidx.compose.material3.FilterChip
import androidx.compose.material3.Icon
import androidx.compose.material3.IconButton
import androidx.compose.material3.MaterialTheme
import androidx.compose.material3.OutlinedTextField
import androidx.compose.material3.Scaffold
import androidx.compose.material3.Text
import androidx.compose.material3.TextButton
import androidx.compose.material3.TopAppBar
import androidx.compose.material3.TopAppBarDefaults
import androidx.compose.runtime.Composable
import androidx.compose.runtime.getValue
import androidx.compose.runtime.mutableStateOf
import androidx.compose.runtime.remember
import androidx.compose.runtime.setValue
import androidx.compose.ui.Alignment
import androidx.compose.ui.Modifier
import androidx.compose.ui.draw.clip
import androidx.compose.ui.platform.LocalClipboardManager
import androidx.compose.ui.platform.LocalContext
import androidx.compose.ui.res.stringResource
import androidx.compose.ui.text.AnnotatedString
import androidx.compose.ui.text.font.FontWeight
import androidx.compose.ui.text.style.TextOverflow
import androidx.compose.ui.unit.dp
import androidx.lifecycle.compose.collectAsStateWithLifecycle
import androidx.lifecycle.viewmodel.compose.viewModel
import com.dking.crocapp.R
import com.dking.crocapp.data.db.TransferHistory
import com.dking.crocapp.data.db.TransferType
import com.dking.crocapp.ui.components.EmptyState
import com.dking.crocapp.ui.components.QrCodeExpandedDialog
import com.dking.crocapp.ui.components.QrCodeImage
import com.dking.crocapp.ui.components.formatBytes
import com.dking.crocapp.ui.receive.openHistoryTransfer
import java.text.SimpleDateFormat
import java.util.Date
import java.util.Locale"
pilot-0297,touch_target_size,maxwhipw__marmalade-tts-android,maxwhipw__marmalade-tts-android/app/src/main/java/app/marmalade/tts/ui/screen/AppRoutingSheet.kt,AppRoutingSheet,size(8.dp) on interactive element,"@OptIn(ExperimentalMaterial3Api::class)
@Composable
fun AppRoutingSheet(
    state: RoutingSheetState,
    installedApps: List<InstalledApp>,
    mappings: List<AppAliasMapping>,
    aliasNames: Map<String, String>,
    onQueryChange: (String) -> Unit,
    onToggle: (String) -> Unit,
    onSave: () -> Unit,
    onDismiss: () -> Unit,
) {
    val sheetState = rememberModalBottomSheetState(skipPartiallyExpanded = true)

    // Owner lookup for the ""Currently → X"" subtitle. Excludes this alias —
    // those rows are ticked, which already says where they belong.",,,/Users/krunal/Documents/F1/PHD/2026PHDSpring/MyFirstPaper/ISEC/DataMining/mined_code/maxwhipw__marmalade-tts-android/app/src/main/java/app/marmalade/tts/ui/screen/AppRoutingSheet.kt,exact,True,83,AppRoutingSheet,1.0,200.0,\.size\s*\(\s*\d+\.?\d*\.dp,body,Spacer(Modifier.size(8.dp)),True,"  188 |                 }
  189 |             }
  190 |         }
  191 | 
  192 |         Row(
  193 |             modifier = Modifier
  194 |                 .fillMaxWidth()
  195 |                 .padding(horizontal = 24.dp, vertical = 16.dp),
  196 |             horizontalArrangement = Arrangement.End,
  197 |             verticalAlignment = Alignment.CenterVertically,
  198 |         ) {
  199 |             TextButton(onClick = onDismiss) { Text(stringResource(R.string.alias_cancel)) }
  200 |             Spacer(Modifier.size(8.dp))
  201 |             Button(onClick = onSave) { Text(stringResource(R.string.alias_save_routing)) }
  202 |         }
  203 |     }
  204 | }
  205 | 
  206 | @Composable
  207 | private fun AppRoutingRow(
  208 |     app: InstalledApp,
  209 |     checked: Boolean,
  210 |     currentOwner: String?,
  211 |     enabled: Boolean,
  212 |     onToggle: () -> Unit,
  213 | ) {
  214 |     Row(
  215 |         modifier = Modifier
  216 |             .fillMaxWidth()
  217 |             .toggleable(
  218 |                 value = checked,
  219 |                 enabled = enabled,
  220 |                 role = Role.Checkbox,
  221 |                 onValueChange = { onToggle() },
  222 |             )
  223 |             .padding(horizontal = 24.dp, vertical = 10.dp)
  224 |             .alpha(if (enabled) 1f else 0.45f),
  225 |         verticalAlignment = Alignment.CenterVertically,
  226 |     ) {
  227 |         AppIconTile(drawable = app.icon, size = 40.dp)
  228 |         Column(
  229 |             modifier = Modifier
  230 |                 .weight(1f)
  231 |                 .padding(start = 12.dp),
  232 |         ) {
  233 |             Text(text = app.displayName, style = MaterialTheme.typography.bodyLarge)
  234 |             Text(
  235 |                 // The owning alias is the more useful subtitle when there is
  236 |                 // one — it's what makes ticking this row an informed steal.
  237 |                 text = currentOwner?.let {
  238 |                     stringResource(R.string.alias_routing_owned_elsewhere, it)
  239 |                 } ?: app.packageName,
  240 |                 style = MaterialTheme.typography.labelSmall,","import android.content.pm.PackageManager
import android.graphics.Bitmap
import android.graphics.Canvas
import android.graphics.drawable.AdaptiveIconDrawable
import android.graphics.drawable.BitmapDrawable
import android.graphics.drawable.Drawable
import androidx.compose.foundation.Image
import androidx.compose.foundation.layout.Arrangement
import androidx.compose.foundation.layout.Box
import androidx.compose.foundation.layout.Column
import androidx.compose.foundation.layout.Row
import androidx.compose.foundation.layout.Spacer
import androidx.compose.foundation.layout.fillMaxWidth
import androidx.compose.foundation.layout.height
import androidx.compose.foundation.layout.heightIn
import androidx.compose.foundation.layout.padding
import androidx.compose.foundation.layout.size
import androidx.compose.foundation.lazy.LazyColumn
import androidx.compose.foundation.lazy.items
import androidx.compose.foundation.selection.toggleable
import androidx.compose.foundation.shape.RoundedCornerShape
import androidx.compose.material.icons.Icons
import androidx.compose.material.icons.filled.Search
import androidx.compose.material3.Button
import androidx.compose.material3.Checkbox
import androidx.compose.material3.ExperimentalMaterial3Api
import androidx.compose.material3.Icon
import androidx.compose.material3.MaterialTheme
import androidx.compose.material3.ModalBottomSheet
import androidx.compose.material3.OutlinedTextField
import androidx.compose.material3.Surface
import androidx.compose.material3.Text
import androidx.compose.material3.TextButton
import androidx.compose.material3.rememberModalBottomSheetState
import androidx.compose.runtime.Composable
import androidx.compose.runtime.getValue
import androidx.compose.runtime.produceState
import androidx.compose.runtime.remember
import androidx.compose.ui.Alignment
import androidx.compose.ui.Modifier
import androidx.compose.ui.draw.alpha
import androidx.compose.ui.graphics.asImageBitmap
import androidx.compose.ui.graphics.painter.BitmapPainter
import androidx.compose.ui.graphics.painter.Painter
import androidx.compose.ui.layout.ContentScale
import androidx.compose.ui.platform.LocalContext
import androidx.compose.ui.platform.LocalDensity
import androidx.compose.ui.res.stringResource
import androidx.compose.ui.semantics.Role
import androidx.compose.ui.semantics.contentDescription
import androidx.compose.ui.semantics.heading
import androidx.compose.ui.semantics.semantics
import androidx.compose.ui.text.font.FontWeight
import androidx.compose.ui.unit.Dp
import androidx.compose.ui.unit.dp
import app.marmalade.tts.R
import app.marmalade.tts.data.db.AppAliasMapping"
pilot-0298,touch_target_size,GetStream__stream-draw-android,GetStream__stream-draw-android/app/src/main/kotlin/io/getstream/streamdraw/ui/components/SketchbookControlMenu.kt,SketchbookControlMenu,size(40.dp) on interactive element,"
@Composable
fun SketchbookControlMenu(
    controller: SketchbookController,
) {
    val context = LocalContext.current
    Row(
        modifier = Modifier
            .fillMaxWidth()
            .padding(10.dp),
        horizontalArrangement = Arrangement.SpaceAround,
        verticalAlignment = Alignment.CenterVertically
    ) {
        Icon(
            modifier = Modifier
                .clickable {",,,/Users/krunal/Documents/F1/PHD/2026PHDSpring/MyFirstPaper/ISEC/DataMining/mined_code/GetStream__stream-draw-android/app/src/main/kotlin/io/getstream/streamdraw/ui/components/SketchbookControlMenu.kt,exact,True,53,SketchbookControlMenu,1.0,73.0,\.size\s*\(\s*\d+\.?\d*\.dp,body,".size(40.dp),",True,"   53 | fun SketchbookControlMenu(
   54 |     controller: SketchbookController,
   55 | ) {
   56 |     val context = LocalContext.current
   57 |     Row(
   58 |         modifier = Modifier
   59 |             .fillMaxWidth()
   60 |             .padding(10.dp),
   61 |         horizontalArrangement = Arrangement.SpaceAround,
   62 |         verticalAlignment = Alignment.CenterVertically
   63 |     ) {
   64 |         Icon(
   65 |             modifier = Modifier
   66 |                 .clickable {
   67 |                     controller.setEraseMode(false)
   68 |                     controller.setRainbowShader()
   69 |                     Toast
   70 |                         .makeText(context, ""Rainbow Shader"", Toast.LENGTH_SHORT)
   71 |                         .show()
   72 |                 }
   73 |                 .size(40.dp),
   74 |             tint = ChatTheme.colors.textHighEmphasis,
   75 |             imageVector = ImageVector.vectorResource(R.drawable.ic_brush),
   76 |             contentDescription = null
   77 |         )
   78 | 
   79 |         Box {
   80 |             val expanded = remember { mutableStateOf(false) }
   81 |             val widths = listOf(10f, 20f, 30f, 40f, 50f)
   82 |             Icon(
   83 |                 modifier = Modifier
   84 |                     .clickable { expanded.value = true }
   85 |                     .size(40.dp),
   86 |                 imageVector = ImageVector.vectorResource(R.drawable.ic_line_weight),
   87 |                 tint = ChatTheme.colors.textHighEmphasis,
   88 |                 contentDescription = null
   89 |             )
   90 |             DropdownMenu(
   91 |                 expanded = expanded.value,
   92 |                 modifier = Modifier.background(ChatTheme.colors.appBackground),
   93 |                 onDismissRequest = { expanded.value = false }
   94 |             ) {
   95 |                 widths.forEach { width ->
   96 |                     DropdownMenuItem(
   97 |                         onClick = {
   98 |                             controller.setPaintStrokeWidth(width)
   99 |                             expanded.value = false
  100 |                         }
  101 |                     ) {
  102 |                         Text(text = width.toString(), color = ChatTheme.colors.textHighEmphasis)
  103 |                     }
  104 |                 }
  105 |             }
  106 |         }
  107 | 
  108 |         Box {
  109 |             val expanded = remember { mutableStateOf(false) }
  110 |             Icon(
  111 |                 modifier = Modifier
  112 |                     .clickable { expanded.value = true }
  113 |                     .size(40.dp),","import android.widget.Toast
import androidx.compose.foundation.Image
import androidx.compose.foundation.background
import androidx.compose.foundation.clickable
import androidx.compose.foundation.layout.Arrangement
import androidx.compose.foundation.layout.Box
import androidx.compose.foundation.layout.Row
import androidx.compose.foundation.layout.fillMaxWidth
import androidx.compose.foundation.layout.padding
import androidx.compose.foundation.layout.size
import androidx.compose.material.DropdownMenu
import androidx.compose.material.DropdownMenuItem
import androidx.compose.material.Icon
import androidx.compose.material.Text
import androidx.compose.runtime.Composable
import androidx.compose.runtime.mutableStateOf
import androidx.compose.runtime.remember
import androidx.compose.ui.Alignment
import androidx.compose.ui.Modifier
import androidx.compose.ui.graphics.ImageBitmap
import androidx.compose.ui.graphics.PathEffect
import androidx.compose.ui.graphics.vector.ImageVector
import androidx.compose.ui.platform.LocalContext
import androidx.compose.ui.res.imageResource
import androidx.compose.ui.res.vectorResource
import androidx.compose.ui.unit.dp
import androidx.hilt.navigation.compose.hiltViewModel
import io.getstream.chat.android.compose.ui.theme.ChatTheme
import io.getstream.sketchbook.SketchbookController
import io.getstream.streamdraw.R
import io.getstream.streamdraw.ui.screens.game.GameChatDialog
import io.getstream.streamdraw.ui.theme.hostAccent"
pilot-0299,touch_target_size,digiexchris__RoadTripRadar,digiexchris__RoadTripRadar/app/src/main/java/ca/voiditswarranty/roadtripradar/ui/ColorEditorSheet.kt,ColorCategoryRow,size(32.dp) on interactive element,"
@Composable
internal fun ColorCategoryRow(
    category: ThemeColorCategory,
    color: Color,
    onColorChange: (Color) -> Unit,
) {
    var expanded by rememberSaveable { mutableStateOf(false) }

    Column(modifier = Modifier.fillMaxWidth()) {
        Row(
            modifier = Modifier
                .fillMaxWidth()
                .clickable { expanded = !expanded }
                .padding(vertical = 8.dp),
            verticalAlignment = Alignment.CenterVertically,",,,/Users/krunal/Documents/F1/PHD/2026PHDSpring/MyFirstPaper/ISEC/DataMining/mined_code/digiexchris__RoadTripRadar/app/src/main/java/ca/voiditswarranty/roadtripradar/ui/ColorEditorSheet.kt,exact,True,304,ColorCategoryRow,1.0,320.0,\.size\s*\(\s*\d+\.?\d*\.dp,body,"ColorSwatch(color = color, modifier = Modifier.size(32.dp))",True,"  304 | internal fun ColorCategoryRow(
  305 |     category: ThemeColorCategory,
  306 |     color: Color,
  307 |     onColorChange: (Color) -> Unit,
  308 | ) {
  309 |     var expanded by rememberSaveable { mutableStateOf(false) }
  310 | 
  311 |     Column(modifier = Modifier.fillMaxWidth()) {
  312 |         Row(
  313 |             modifier = Modifier
  314 |                 .fillMaxWidth()
  315 |                 .clickable { expanded = !expanded }
  316 |                 .padding(vertical = 8.dp),
  317 |             verticalAlignment = Alignment.CenterVertically,
  318 |             horizontalArrangement = Arrangement.spacedBy(12.dp),
  319 |         ) {
  320 |             ColorSwatch(color = color, modifier = Modifier.size(32.dp))
  321 |             Text(
  322 |                 stringResource(category.labelRes),
  323 |                 style = MaterialTheme.typography.bodyMedium,
  324 |                 modifier = Modifier.weight(1f),
  325 |             )
  326 |             Icon(
  327 |                 if (expanded) Icons.Default.ExpandLess else Icons.Default.ExpandMore,
  328 |                 contentDescription = if (expanded) stringResource(R.string.cd_collapse) else stringResource(R.string.cd_expand),
  329 |             )
  330 |         }
  331 | 
  332 |         if (expanded) {
  333 |             ColorPickerExpanded(color = color, onColorChange = onColorChange)
  334 |             HorizontalDivider(modifier = Modifier.padding(top = 4.dp))
  335 |         }
  336 |     }
  337 | }
  338 | 
  339 | @Composable
  340 | internal fun ColorSwatch(color: Color, modifier: Modifier = Modifier) {
  341 |     val shape = RoundedCornerShape(6.dp)
  342 |     Box(
  343 |         modifier = modifier
  344 |             .clip(shape)
  345 |             .background(color)
  346 |             .border(1.dp, MaterialTheme.colorScheme.outline, shape),
  347 |     )
  348 | }
  349 | 
  350 | @Composable
  351 | internal fun ColorPickerExpanded(
  352 |     color: Color,
  353 |     onColorChange: (Color) -> Unit,
  354 | ) {
  355 |     var hexInput by remember(color) { mutableStateOf(StyleJsonPatcher.colorToHex(color)) }
  356 |     var hexError by remember { mutableStateOf(false) }
  357 | 
  358 |     Column(
  359 |         modifier = Modifier
  360 |             .fillMaxWidth()","import androidx.compose.foundation.background
import androidx.compose.foundation.border
import androidx.compose.foundation.clickable
import androidx.compose.foundation.layout.Arrangement
import androidx.compose.foundation.layout.Box
import androidx.compose.foundation.layout.Column
import androidx.compose.foundation.layout.Row
import androidx.compose.foundation.layout.Spacer
import androidx.compose.foundation.layout.fillMaxWidth
import androidx.compose.foundation.layout.height
import androidx.compose.foundation.layout.padding
import androidx.compose.foundation.layout.size
import androidx.compose.foundation.layout.width
import androidx.compose.foundation.rememberScrollState
import androidx.compose.foundation.shape.RoundedCornerShape
import androidx.compose.foundation.text.KeyboardOptions
import androidx.compose.foundation.verticalScroll
import androidx.compose.material.icons.Icons
import androidx.compose.material.icons.filled.ExpandLess
import androidx.compose.material.icons.filled.ExpandMore
import androidx.compose.material3.AlertDialog
import androidx.compose.material3.Button
import androidx.compose.material3.ExperimentalMaterial3Api
import androidx.compose.material3.HorizontalDivider
import androidx.compose.material3.Icon
import androidx.compose.material3.MaterialTheme
import androidx.compose.material3.ModalBottomSheet
import androidx.compose.material3.OutlinedTextField
import androidx.compose.material3.Slider
import androidx.compose.material3.Text
import androidx.compose.material3.TextButton
import androidx.compose.material3.rememberModalBottomSheetState
import androidx.compose.runtime.Composable
import androidx.compose.runtime.LaunchedEffect
import androidx.compose.runtime.getValue
import androidx.compose.runtime.mutableStateOf
import androidx.compose.runtime.remember
import androidx.compose.runtime.saveable.rememberSaveable
import androidx.compose.runtime.setValue
import androidx.compose.ui.Alignment
import androidx.compose.ui.Modifier
import androidx.compose.ui.draw.clip
import androidx.compose.ui.graphics.Color
import androidx.compose.ui.res.stringResource
import androidx.compose.ui.text.font.FontFamily
import androidx.compose.ui.text.input.KeyboardType
import androidx.compose.ui.unit.dp
import ca.voiditswarranty.roadtripradar.R
import ca.voiditswarranty.roadtripradar.data.StyleJsonPatcher
import ca.voiditswarranty.roadtripradar.data.THEME_COLOR_CATEGORIES
import ca.voiditswarranty.roadtripradar.data.ThemeColorCategory
import ca.voiditswarranty.roadtripradar.model.MapStyle
import ca.voiditswarranty.roadtripradar.viewmodel.MapViewModel
import kotlinx.coroutines.Dispatchers
import kotlinx.coroutines.withContext"
pilot-0300,touch_target_size,isotjs__todosian-app,isotjs__todosian-app/app/src/main/java/com/isotjs/todosian/ui/components/TodoRow.kt,DateMetaRow,size(18.dp) on interactive element,"
@Composable
private fun DateMetaRow(
    label: String,
    icon: ImageVector?,
    value: String?,
    allowClear: Boolean,
    onPick: (String) -> Unit,
    onClear: () -> Unit,
    modifier: Modifier = Modifier,
) {
    val context = LocalContext.current
    Row(
        verticalAlignment = Alignment.CenterVertically,
        horizontalArrangement = Arrangement.spacedBy(10.dp),
        modifier = modifier.fillMaxWidth(),",,,/Users/krunal/Documents/F1/PHD/2026PHDSpring/MyFirstPaper/ISEC/DataMining/mined_code/isotjs__todosian-app/app/src/main/java/com/isotjs/todosian/ui/components/TodoRow.kt,exact,True,393,DateMetaRow,1.0,418.0,\.size\s*\(\s*\d+\.?\d*\.dp,body,"modifier = Modifier.size(18.dp),",True,"  393 | private fun DateMetaRow(
  394 |     label: String,
  395 |     icon: ImageVector?,
  396 |     value: String?,
  397 |     allowClear: Boolean,
  398 |     onPick: (String) -> Unit,
  399 |     onClear: () -> Unit,
  400 |     modifier: Modifier = Modifier,
  401 | ) {
  402 |     val context = LocalContext.current
  403 |     Row(
  404 |         verticalAlignment = Alignment.CenterVertically,
  405 |         horizontalArrangement = Arrangement.spacedBy(10.dp),
  406 |         modifier = modifier.fillMaxWidth(),
  407 |     ) {
  408 |         Row(
  409 |             verticalAlignment = Alignment.CenterVertically,
  410 |             horizontalArrangement = Arrangement.spacedBy(8.dp),
  411 |             modifier = Modifier.weight(1f),
  412 |         ) {
  413 |             if (icon != null) {
  414 |                 Icon(
  415 |                     imageVector = icon,
  416 |                     contentDescription = null,
  417 |                     tint = MaterialTheme.colorScheme.onSurfaceVariant,
  418 |                     modifier = Modifier.size(18.dp),
  419 |                 )
  420 |             }
  421 |             Text(
  422 |                 text = label,
  423 |                 style = MaterialTheme.typography.bodyMedium,
  424 |             )
  425 |         }
  426 | 
  427 |         TextButton(
  428 |             onClick = {
  429 |                 val initial = runCatching { value?.let(LocalDate::parse) }.getOrNull() ?: LocalDate.now()
  430 |                 showDatePicker(
  431 |                     context = context,
  432 |                     initial = initial,
  433 |                     onPicked = onPick,
  434 |                 )
  435 |             },
  436 |         ) {
  437 |             Text(text = value ?: stringResource(R.string.action_set))
  438 |         }
  439 | 
  440 |         if (allowClear && value != null) {
  441 |             TextButton(onClick = onClear) {
  442 |                 Text(text = stringResource(R.string.action_clear))
  443 |             }
  444 |         }
  445 |     }
  446 | }
  447 | 
  448 | @Composable
  449 | private fun PriorityMetaRow(
  450 |     value: TasksPriority?,
  451 |     onChange: (TasksPriority?) -> Unit,
  452 |     useEmojisInUi: Boolean,
  453 |     modifier: Modifier = Modifier,
  454 | ) {
  455 |     val scroll = rememberScrollState()
  456 |     Row(
  457 |         verticalAlignment = Alignment.CenterVertically,
  458 |         horizontalArrangement = Arrangement.spacedBy(8.dp),","import android.app.DatePickerDialog
import androidx.compose.animation.animateColorAsState
import androidx.compose.animation.core.animateFloatAsState
import androidx.compose.animation.core.tween
import androidx.compose.foundation.background
import androidx.compose.foundation.clickable
import androidx.compose.foundation.horizontalScroll
import androidx.compose.foundation.layout.Arrangement
import androidx.compose.foundation.layout.Box
import androidx.compose.foundation.layout.Column
import androidx.compose.foundation.layout.Row
import androidx.compose.foundation.layout.Spacer
import androidx.compose.foundation.layout.fillMaxSize
import androidx.compose.foundation.layout.fillMaxWidth
import androidx.compose.foundation.layout.height
import androidx.compose.foundation.layout.padding
import androidx.compose.foundation.layout.size
import androidx.compose.foundation.rememberScrollState
import androidx.compose.foundation.shape.CircleShape
import androidx.compose.material.icons.Icons
import androidx.compose.material.icons.automirrored.outlined.ArrowForward
import androidx.compose.material.icons.filled.Delete
import androidx.compose.material.icons.outlined.AddCircle
import androidx.compose.material.icons.outlined.CheckCircle
import androidx.compose.material.icons.outlined.Event
import androidx.compose.material.icons.outlined.FlightTakeoff
import androidx.compose.material.icons.outlined.Repeat
import androidx.compose.material.icons.outlined.Schedule
import androidx.compose.material.icons.outlined.Star
import androidx.compose.material.icons.outlined.SubdirectoryArrowRight
import androidx.compose.material3.AssistChipDefaults
import androidx.compose.material3.Checkbox
import androidx.compose.material3.ExperimentalMaterial3Api
import androidx.compose.material3.FilterChip
import androidx.compose.material3.Icon
import androidx.compose.material3.IconButton
import androidx.compose.material3.LocalContentColor
import androidx.compose.material3.MaterialTheme
import androidx.compose.material3.OutlinedTextField
import androidx.compose.material3.SwipeToDismissBox
import androidx.compose.material3.SwipeToDismissBoxState
import androidx.compose.material3.SwipeToDismissBoxValue
import androidx.compose.material3.Text
import androidx.compose.material3.TextButton
import androidx.compose.material3.rememberSwipeToDismissBoxState
import androidx.compose.runtime.Composable
import androidx.compose.runtime.getValue
import androidx.compose.ui.Alignment
import androidx.compose.ui.Modifier
import androidx.compose.ui.draw.clip
import androidx.compose.ui.graphics.Color
import androidx.compose.ui.graphics.Shape
import androidx.compose.ui.graphics.graphicsLayer
import androidx.compose.ui.graphics.vector.ImageVector
import androidx.compose.ui.platform.LocalContext
import androidx.compose.ui.res.colorResource
import androidx.compose.ui.res.stringResource
import androidx.compose.ui.text.style.TextDecoration
import androidx.compose.ui.text.style.TextOverflow
import androidx.compose.ui.unit.dp
import com.isotjs.todosian.R
import com.isotjs.todosian.data.model.TasksPriority
import com.isotjs.todosian.data.model.Todo
import com.isotjs.todosian.utils.MarkdownParser
import java.time.LocalDate"
